audit_id,user_id,role,action,patient_id,timestamp,record_type,record_id,actions_per_hour,unique_patients_accessed,off_hours_flag,untreated_patient_ratio,record_type_entropy,rapid_edit_flag,cross_role_action_flag,session_duration_minutes,is_anomaly
1,PATUSER_016,patient,view_own_record,1290bba5-c164-4273-9694-c3ce92270ef2,2026-05-01 11:53:31,medical_record,MEDICAL_RECORD_9928,3,1,0,0.0,0.971,0,0,56.55,0
2,PATUSER_002,patient,view_queue,219c0f88-2190-9af2-4122-bcf1c4f4a0bf,2026-04-15 09:43:38,queue,QUEUE_8527,3,1,0,0.0,1.53,0,0,16.18,0
3,PATUSER_010,patient,cancel_appointment,a2ff83e0-2cc0-50a4-b008-52a1add72ced,2026-04-30 06:39:14,appointment,APPOINTMENT_4814,1,3,0,0.0,1.5,0,0,49.0,0
4,DOC_007,doctor,view_record,2d457e3d-90cb-357e-f7e0-3014068d2f29,2026-05-02 08:06:39,medical_record,MEDICAL_RECORD_1916,16,8,0,0.08,1.95,0,0,23.69,0
5,DOC_015,doctor,update_diagnosis,1c39de5b-289a-3a1a-669b-2f756efb8bcb,2026-04-07 06:08:00,condition,CONDITION_9348,17,11,0,0.01,1.495,0,0,44.7,0
6,PATUSER_007,patient,view_queue,a992fe7d-cd9b-0ace-6e0b-f6f0b5f01fc3,2026-05-02 00:30:53,queue,QUEUE_5315,1,1,1,0.0,1.854,0,0,60.45,0
7,PATUSER_008,patient,book_appointment,7225d50f-9363-214e-02d6-3fdc2a246bdc,2026-04-03 08:50:17,appointment,APPOINTMENT_2403,1,3,0,0.0,1.825,0,0,49.73,0
8,PATUSER_022,patient,book_appointment,4ca3be26-4f97-27f0-32fa-6ea155eba23a,2026-04-10 02:00:24,appointment,APPOINTMENT_4681,5,1,1,0.0,1.846,0,0,38.27,0
9,DOC_005,doctor,view_record,d5d8b210-bca5-a9ce-0711-3d09468bfe47,2026-04-08 09:31:26,medical_record,MEDICAL_RECORD_8749,22,10,0,0.13,1.837,1,0,54.55,0
10,PATUSER_027,patient,view_queue,a8bef5c2-6743-79e8-8477-bc3b6244c334,2026-05-19 02:12:32,queue,QUEUE_5073,1,3,1,0.0,1.522,0,0,34.65,0
11,DOC_013,doctor,view_record,2d457e3d-90cb-357e-f7e0-3014068d2f29,2026-04-22 08:18:24,medical_record,MEDICAL_RECORD_3724,9,16,0,0.04,0.722,0,0,66.21,0
12,PATUSER_002,patient,view_queue,8db9c819-1c0b-c9a9-3e31-4b85f52201d2,2026-04-10 04:26:19,queue,QUEUE_1936,4,1,1,0.0,1.981,0,0,5.15,0
13,DOC_004,doctor,view_record,668a10b4-c005-0df3-522e-b068e0d29ea9,2026-05-02 08:31:12,medical_record,MEDICAL_RECORD_4910,21,8,0,0.01,1.846,0,0,64.59,0
14,NUR_002,nurse,register_walkin,ad37dc95-561f-9348-6577-eff9b22d47c2,2026-04-23 11:06:05,appointment,APPOINTMENT_2127,28,15,0,0.05,1.522,0,0,70.5,0
15,NUR_001,nurse,register_walkin,3408cffd-cbea-0de1-e3a8-8b0b86bb5637,2026-05-06 03:19:04,appointment,APPOINTMENT_3546,22,23,1,0.08,1.371,0,0,74.11,0
16,NUR_003,nurse,update_vitals,5dd32bff-9eaf-50ef-db4f-c6065be13792,2026-04-10 04:24:27,observation,OBSERVATION_6464,30,16,1,0.02,1.522,0,0,23.48,0
17,PATUSER_025,patient,view_own_record,e60a6ecc-5639-5800-4bf2-8e8a2865e55c,2026-04-01 04:31:25,medical_record,MEDICAL_RECORD_1685,2,3,1,0.0,1.918,0,0,54.4,0
18,NUR_005,nurse,update_vitals,668a10b4-c005-0df3-522e-b068e0d29ea9,2026-05-03 01:13:38,observation,OBSERVATION_7745,19,12,1,0.08,1.918,0,0,29.76,0
19,PATUSER_027,patient,view_queue,8e21cb1f-b016-dda9-1d06-c920c24a0b37,2026-05-19 11:29:23,queue,QUEUE_1387,2,2,0,0.0,1.557,0,0,54.09,0
20,PATUSER_018,patient,view_queue,820d39a0-d304-2b9d-25a8-d705deede745,2026-05-07 06:20:03,queue,QUEUE_5349,3,1,0,0.0,2.0,0,0,24.54,0
21,DOC_003,doctor,create_prescription,7bbc22dd-2b36-8b49-3bcc-14c25dafd13e,2026-04-10 06:29:14,prescription,PRESCRIPTION_2146,16,13,0,0.1,1.5,0,0,13.1,0
22,PATUSER_018,patient,cancel_appointment,c95c96d5-ac6e-6ab6-143b-6da3e3923f39,2026-04-26 09:46:11,appointment,APPOINTMENT_7653,3,3,0,0.0,1.585,0,0,55.38,0
23,PATUSER_011,patient,cancel_appointment,a8bef5c2-6743-79e8-8477-bc3b6244c334,2026-04-23 04:54:57,appointment,APPOINTMENT_4848,3,1,1,0.0,1.842,0,0,45.6,0
24,PATUSER_019,patient,view_own_record,2faf5170-7c17-9c76-c091-5349b5ecad23,2026-04-23 03:53:25,medical_record,MEDICAL_RECORD_1822,2,1,1,0.0,1.549,0,0,73.88,0
25,PATUSER_011,patient,cancel_appointment,f8540aed-49fc-9dd6-b195-288635b1d17a,2026-05-12 02:23:57,appointment,APPOINTMENT_8206,4,1,1,0.0,1.555,0,0,51.73,0
26,DOC_005,doctor,create_prescription,57b901cb-d3d2-258c-2773-57008eb32345,2026-04-18 04:10:38,prescription,PRESCRIPTION_7812,13,13,1,0.07,1.371,0,0,14.69,0
27,DOC_004,doctor,view_record,f8540aed-49fc-9dd6-b195-288635b1d17a,2026-04-16 06:46:17,medical_record,MEDICAL_RECORD_7624,17,3,0,0.19,1.922,0,0,31.63,0
28,PATUSER_022,patient,view_own_record,155649eb-5d3e-41ca-5a2c-78972a1721f4,2026-03-30 08:07:56,medical_record,MEDICAL_RECORD_5558,2,3,0,0.0,1.936,0,0,68.49,0
29,PATUSER_024,patient,view_own_record,a2ff83e0-2cc0-50a4-b008-52a1add72ced,2026-04-16 06:41:10,medical_record,MEDICAL_RECORD_1333,3,1,0,0.0,1.0,0,0,57.43,0
30,PATUSER_015,patient,view_queue,57b901cb-d3d2-258c-2773-57008eb32345,2026-05-08 02:43:18,queue,QUEUE_6111,4,3,1,0.0,1.792,0,0,71.34,0
31,PATUSER_012,patient,book_appointment,073b376b-9659-3e78-c6a6-a08b74d710da,2026-03-31 07:11:18,appointment,APPOINTMENT_6934,4,3,0,0.0,1.826,0,0,46.45,0
32,PATUSER_016,patient,cancel_appointment,ea7deb48-7fa5-3406-28b9-051b0c18d363,2026-05-03 08:18:27,appointment,APPOINTMENT_7209,6,1,0,0.0,1.823,0,0,56.37,0
33,NUR_007,nurse,view_audit,d1838618-2a96-9761-0b8d-89a92a022bcc,2026-05-07 19:22:46,audit,AUDIT_7658,46,51,0,0.72,1.5,1,1,222.1,1
34,PATUSER_007,patient,view_own_record,668a10b4-c005-0df3-522e-b068e0d29ea9,2026-03-30 03:44:43,medical_record,MEDICAL_RECORD_6764,6,2,1,0.0,1.379,0,0,39.36,0
35,PATUSER_020,patient,view_own_record,e60a6ecc-5639-5800-4bf2-8e8a2865e55c,2026-05-11 05:01:17,medical_record,MEDICAL_RECORD_2647,3,1,1,0.0,1.918,0,0,18.48,0
36,PATUSER_029,patient,book_appointment,392c8ae6-3c3b-1ff7-c35c-4e64946db9b6,2026-04-11 03:28:32,appointment,APPOINTMENT_8216,3,1,1,0.0,1.906,0,0,54.56,0
37,NUR_007,nurse,register_walkin,d1838618-2a96-9761-0b8d-89a92a022bcc,2026-04-03 00:36:20,appointment,APPOINTMENT_8253,16,21,1,0.01,1.561,0,0,39.42,0
38,NUR_005,nurse,update_queue,8c562216-cb73-0829-2fa4-123468939df6,2026-05-04 06:39:45,appointment,APPOINTMENT_7693,17,24,0,0.07,0.918,0,0,56.81,0
39,PATUSER_004,patient,view_queue,047f3ed4-bdea-7cd6-6e80-8537a3979cc6,2026-03-29 08:09:43,queue,QUEUE_8195,3,1,0,0.0,1.922,0,0,54.49,0
40,DOC_008,doctor,view_record,a82f0145-e797-d65d-bebf-e49dd38bac1e,2026-05-20 04:54:16,medical_record,MEDICAL_RECORD_8141,17,11,1,0.11,1.922,0,0,10.63,0
41,PATUSER_016,patient,view_own_record,c95c96d5-ac6e-6ab6-143b-6da3e3923f39,2026-05-18 01:36:50,medical_record,MEDICAL_RECORD_9431,4,2,1,0.0,1.573,0,0,27.47,0
42,PATUSER_028,patient,cancel_appointment,2faf5170-7c17-9c76-c091-5349b5ecad23,2026-05-03 11:15:00,appointment,APPOINTMENT_3594,5,2,0,0.0,1.981,0,0,18.13,0
43,NUR_005,nurse,register_walkin,3844e0c5-14c7-8f87-19b0-8f769b3bdd70,2026-05-05 09:19:38,appointment,APPOINTMENT_7284,21,8,0,0.03,1.75,0,0,12.94,0
44,DOC_013,doctor,update_diagnosis,3408cffd-cbea-0de1-e3a8-8b0b86bb5637,2026-05-16 08:26:47,condition,CONDITION_4826,9,5,0,0.06,1.526,0,0,34.05,0
45,PATUSER_030,patient,view_queue,d1838618-2a96-9761-0b8d-89a92a022bcc,2026-04-18 01:09:19,queue,QUEUE_8213,3,3,1,0.0,1.918,0,0,68.94,0
46,DOC_007,doctor,view_observation,1c39de5b-289a-3a1a-669b-2f756efb8bcb,2026-05-14 07:42:50,observation,OBSERVATION_9864,5,7,0,0.09,0.971,0,0,15.81,0
47,DOC_003,doctor,view_record,e300c149-9eaa-3d5a-57d9-ea8d4c996597,2026-04-22 03:37:13,medical_record,MEDICAL_RECORD_5806,14,10,1,0.16,0.811,0,0,11.89,0
48,ADM_001,admin,manage_user,a992fe7d-cd9b-0ace-6e0b-f6f0b5f01fc3,2026-03-30 03:06:24,user,USER_2210,5,8,1,0.04,1.826,0,0,17.6,0
49,PATUSER_004,patient,view_queue,ed1c3b46-34b9-221b-cb10-682e9ed9ddbd,2026-05-18 09:45:41,queue,QUEUE_1803,3,3,0,0.0,1.868,0,0,53.32,0
50,PATUSER_014,patient,book_appointment,45f758c8-34c3-3fa5-41f9-5906127ba1bd,2026-05-03 04:43:12,appointment,APPOINTMENT_6977,2,3,1,0.0,1.792,0,0,20.33,0
51,PATUSER_022,patient,cancel_appointment,dd55f477-af88-4543-f8c0-dca25a96c4cb,2026-04-27 04:59:27,appointment,APPOINTMENT_8673,3,3,1,0.0,1.252,0,0,19.06,0
52,DOC_005,doctor,view_record,12a088f3-264b-6a9f-9a57-678747110969,2026-04-23 03:50:12,medical_record,MEDICAL_RECORD_2911,17,14,1,0.02,1.95,0,0,23.51,0
53,DOC_009,doctor,create_prescription,2d457e3d-90cb-357e-f7e0-3014068d2f29,2026-04-17 16:55:52,prescription,PRESCRIPTION_8264,54,51,0,0.69,1.971,0,0,386.18,1
54,PATUSER_004,patient,cancel_appointment,e7fccc97-5df9-b27f-8322-44fd5b624936,2026-03-28 05:51:46,appointment,APPOINTMENT_1828,1,3,1,0.0,1.922,0,0,68.12,0
55,PATUSER_026,patient,book_appointment,9cefc3e8-33f8-beac-d280-fb10e474151c,2026-05-01 02:40:21,appointment,APPOINTMENT_1422,5,1,1,0.0,1.436,0,0,58.56,0
56,DOC_009,doctor,view_observation,5dd32bff-9eaf-50ef-db4f-c6065be13792,2026-04-26 17:34:16,observation,OBSERVATION_8847,72,40,0,0.66,1.823,1,0,135.72,1
57,PATUSER_030,patient,view_own_record,a2ff83e0-2cc0-50a4-b008-52a1add72ced,2026-04-14 11:04:38,medical_record,MEDICAL_RECORD_9282,1,2,0,0.0,1.459,0,0,36.05,0
58,PATUSER_014,patient,book_appointment,9cefc3e8-33f8-beac-d280-fb10e474151c,2026-04-21 11:55:25,appointment,APPOINTMENT_7132,1,3,0,0.0,1.722,0,0,58.83,0
59,DOC_010,doctor,update_diagnosis,5dd32bff-9eaf-50ef-db4f-c6065be13792,2026-05-15 07:35:04,condition,CONDITION_8900,7,5,0,0.18,1.834,0,0,11.76,0
60,DOC_015,doctor,view_observation,d1838618-2a96-9761-0b8d-89a92a022bcc,2026-05-18 06:02:18,observation,OBSERVATION_5477,22,14,0,0.03,2.0,0,0,20.83,0
61,PATUSER_020,patient,view_queue,d9044272-63af-eca3-2a0c-ec9f9c10a98f,2026-03-29 05:36:16,queue,QUEUE_7878,3,1,1,0.0,1.5,0,0,15.03,0
62,PATUSER_005,patient,view_own_record,7225d50f-9363-214e-02d6-3fdc2a246bdc,2026-05-20 05:29:38,medical_record,MEDICAL_RECORD_8043,3,3,1,0.0,1.826,0,0,70.9,0
63,DOC_008,doctor,view_record,19e9c5a5-4114-0f95-e5e8-29cd6749d4e1,2026-03-25 10:39:48,medical_record,MEDICAL_RECORD_9149,23,18,0,0.12,1.0,0,0,20.44,0
64,PATUSER_023,patient,cancel_appointment,7f857501-0257-2c7f-2e8f-9886705681f3,2026-03-29 02:52:24,appointment,APPOINTMENT_2275,4,3,1,0.0,1.5,0,0,40.02,0
65,NUR_006,nurse,update_queue,054e161c-d33f-0970-2018-1f19582e0813,2026-05-15 10:05:58,appointment,APPOINTMENT_7560,20,19,0,0.03,1.522,0,0,72.63,0
66,PATUSER_009,patient,update_diagnosis,e7fccc97-5df9-b27f-8322-44fd5b624936,2026-03-31 19:00:01,condition,CONDITION_3504,82,41,0,0.72,1.658,0,1,142.91,1
67,PATUSER_024,patient,view_queue,10751dec-9152-b658-beeb-ba433fbb9213,2026-05-07 02:26:25,queue,QUEUE_6085,2,3,1,0.0,1.826,0,0,57.81,0
68,PATUSER_005,patient,view_own_record,ed1c3b46-34b9-221b-cb10-682e9ed9ddbd,2026-05-03 01:05:01,medical_record,MEDICAL_RECORD_2381,3,2,1,0.0,1.936,0,0,65.5,0
69,PATUSER_008,patient,book_appointment,910f9d72-b5f2-60bf-8302-274ac5d74635,2026-04-17 00:50:27,appointment,APPOINTMENT_5128,2,3,1,0.0,1.846,0,0,35.76,0
70,PATUSER_022,patient,cancel_appointment,e94fc8e2-b867-5164-0607-5e5eb581b150,2026-04-13 10:08:13,appointment,APPOINTMENT_1298,2,2,0,0.0,1.922,0,0,51.45,0
71,ADM_002,admin,view_report,c72a8c6e-1dfd-0a8b-20e7-066eadd4931c,2026-05-18 04:16:35,report,REPORT_6968,7,7,1,0.02,1.888,0,0,15.85,0
72,PATUSER_019,patient,book_appointment,21adc8c0-7e1e-5167-1ac1-5449a6a2c73f,2026-04-28 07:41:48,appointment,APPOINTMENT_5096,5,2,0,0.0,1.495,0,0,59.87,0
73,DOC_004,doctor,view_record,a8bef5c2-6743-79e8-8477-bc3b6244c334,2026-05-12 05:36:46,medical_record,MEDICAL_RECORD_4862,22,6,1,0.16,1.918,0,0,13.73,0
74,ADM_003,admin,view_report,3bc81e09-7091-bc59-a58a-39b485d9e48b,2026-05-14 05:35:37,report,REPORT_5193,5,0,1,0.03,1.811,0,0,55.03,0
75,DOC_014,doctor,view_record,a8bef5c2-6743-79e8-8477-bc3b6244c334,2026-04-09 08:53:09,medical_record,MEDICAL_RECORD_3352,24,16,0,0.02,1.371,0,0,26.08,0
76,NUR_004,nurse,view_appointment,917ffe5d-46b2-36f1-0de8-35e5ed017fa7,2026-03-29 10:00:03,appointment,APPOINTMENT_4950,19,13,0,0.07,1.555,0,0,51.78,0
77,PATUSER_022,patient,cancel_appointment,2b31de7e-3596-37c7-1d46-db12d82e73ef,2026-04-28 01:48:21,appointment,APPOINTMENT_8498,5,3,1,0.0,1.918,0,0,14.34,0
78,DOC_003,doctor,view_observation,8fcbd58f-7e61-d74d-9b35-46d267ecbbd3,2026-04-10 00:29:17,observation,OBSERVATION_7553,11,4,1,0.07,1.5,0,0,32.88,0
79,PATUSER_023,patient,cancel_appointment,4f74c441-7628-4f98-82a7-f4c99d926736,2026-05-15 06:32:15,appointment,APPOINTMENT_2680,3,1,0,0.0,1.371,0,0,39.83,0
80,DOC_006,doctor,update_diagnosis,054e161c-d33f-0970-2018-1f19582e0813,2026-04-22 04:29:15,condition,CONDITION_2101,14,17,1,0.13,1.988,0,0,53.28,0
81,NUR_001,nurse,update_vitals,155649eb-5d3e-41ca-5a2c-78972a1721f4,2026-04-17 05:49:57,observation,OBSERVATION_5288,19,18,1,0.11,1.988,0,0,15.74,0
82,PATUSER_025,patient,view_queue,d5d8b210-bca5-a9ce-0711-3d09468bfe47,2026-04-06 07:33:37,queue,QUEUE_6922,2,3,0,0.0,1.936,0,0,69.15,0
83,PATUSER_008,patient,cancel_appointment,0e697a7b-149b-602d-af6f-7e76ca18c5d7,2026-04-23 04:18:04,appointment,APPOINTMENT_8632,2,1,1,0.0,1.826,0,0,6.84,0
84,PATUSER_019,patient,book_appointment,21b4ddc5-081e-1ecd-3573-f2ea42677b66,2026-04-21 02:59:27,appointment,APPOINTMENT_6286,5,3,1,0.0,0.722,0,0,58.74,0
85,PATUSER_021,patient,cancel_appointment,f8540aed-49fc-9dd6-b195-288635b1d17a,2026-04-02 09:06:48,appointment,APPOINTMENT_7825,3,1,0,0.0,1.555,0,0,49.45,0
86,PATUSER_015,patient,view_queue,d20dc49f-5674-961e-a123-6e3000654b95,2026-04-09 08:18:20,queue,QUEUE_4342,6,3,0,0.0,1.571,0,0,71.97,0
87,NUR_007,nurse,update_queue,d1838618-2a96-9761-0b8d-89a92a022bcc,2026-05-12 05:50:01,appointment,APPOINTMENT_5382,30,16,1,0.09,1.922,0,0,73.28,0
88,PATUSER_004,patient,view_queue,7225d50f-9363-214e-02d6-3fdc2a246bdc,2026-04-09 02:22:26,queue,QUEUE_1379,1,2,1,0.0,1.436,0,0,65.49,0
89,DOC_006,doctor,view_observation,744a7169-4e89-61ff-27f2-3c736abf4368,2026-05-02 09:23:22,observation,OBSERVATION_6995,19,10,0,0.05,1.906,0,0,8.54,0
90,DOC_003,doctor,view_observation,dd0de87d-2596-9c38-a834-6f5246a48a51,2026-05-12 10:01:46,observation,OBSERVATION_3363,22,9,0,0.08,1.459,0,0,32.04,0
91,DOC_013,doctor,view_observation,c5d42b3b-72de-b953-545d-1de4cf59d279,2026-04-27 06:55:38,observation,OBSERVATION_6511,21,4,0,0.01,1.459,0,0,28.31,0
92,PATUSER_008,patient,view_own_record,5dd32bff-9eaf-50ef-db4f-c6065be13792,2026-04-17 08:48:12,medical_record,MEDICAL_RECORD_3421,4,3,0,0.0,1.971,0,0,38.24,0
93,PATUSER_028,patient,cancel_appointment,e60a6ecc-5639-5800-4bf2-8e8a2865e55c,2026-04-20 00:35:55,appointment,APPOINTMENT_8837,5,3,1,0.0,1.95,0,0,6.33,0
94,PATUSER_009,patient,cancel_appointment,dda456b9-cd60-e91b-8a88-fd381a9e4611,2026-05-03 02:56:41,appointment,APPOINTMENT_8861,4,3,1,0.0,1.299,0,0,29.8,0
95,ADM_001,admin,update_schedule,42c1eb05-09a9-eeda-a957-d822de66c536,2026-05-16 11:49:18,schedule,SCHEDULE_8247,6,4,0,0.01,1.459,0,0,31.58,0
96,PATUSER_017,patient,cancel_appointment,7f857501-0257-2c7f-2e8f-9886705681f3,2026-04-02 07:33:08,appointment,APPOINTMENT_1084,2,1,0,0.0,1.884,0,0,23.98,0
97,PATUSER_011,patient,view_queue,910f9d72-b5f2-60bf-8302-274ac5d74635,2026-05-05 02:39:17,queue,QUEUE_1595,4,3,1,0.0,1.891,0,0,66.49,0
98,PATUSER_029,patient,view_own_record,4ca3be26-4f97-27f0-32fa-6ea155eba23a,2026-03-25 07:46:05,medical_record,MEDICAL_RECORD_3198,2,3,0,0.0,1.522,0,0,69.82,0
99,PATUSER_030,patient,cancel_appointment,7f857501-0257-2c7f-2e8f-9886705681f3,2026-05-09 04:37:29,appointment,APPOINTMENT_2562,2,1,1,0.0,1.891,0,0,56.18,0
100,DOC_012,doctor,update_diagnosis,d1838618-2a96-9761-0b8d-89a92a022bcc,2026-04-15 07:46:06,condition,CONDITION_2017,15,10,0,0.0,0.811,0,0,36.27,0
101,PATUSER_018,patient,cancel_appointment,9e25d332-9229-0803-ad9f-ca235142458e,2026-05-08 04:34:09,appointment,APPOINTMENT_9998,2,2,1,0.0,1.53,0,0,69.62,0
102,PATUSER_006,patient,view_own_record,79402472-6884-1aca-759a-a23f36ee8dca,2026-04-27 10:55:02,medical_record,MEDICAL_RECORD_2904,2,1,0,0.0,1.753,0,0,46.71,0
103,PATUSER_019,patient,view_own_record,671064b5-039b-51a8-7e40-8e6baa0a7e35,2026-04-23 09:35:01,medical_record,MEDICAL_RECORD_7941,4,1,0,0.0,1.686,0,0,36.18,0
104,ADM_001,admin,manage_user,2b31de7e-3596-37c7-1d46-db12d82e73ef,2026-05-13 08:35:18,user,USER_3924,2,1,0,0.1,1.922,0,0,25.1,0
105,PATUSER_010,patient,cancel_appointment,843d8b33-f833-1324-2aa6-e07c91e49204,2026-04-23 03:10:15,appointment,APPOINTMENT_1527,6,1,1,0.0,1.846,0,0,57.93,0
106,PATUSER_027,patient,view_own_record,79402472-6884-1aca-759a-a23f36ee8dca,2026-04-22 10:05:12,medical_record,MEDICAL_RECORD_8191,1,1,0,0.0,1.5,0,0,12.06,0
107,DOC_015,doctor,update_diagnosis,9cefc3e8-33f8-beac-d280-fb10e474151c,2026-04-09 00:46:25,condition,CONDITION_9592,9,12,1,0.05,1.918,0,0,45.33,0
108,NUR_006,nurse,update_queue,9cefc3e8-33f8-beac-d280-fb10e474151c,2026-04-13 07:21:14,appointment,APPOINTMENT_8369,12,15,0,0.05,1.936,0,0,38.15,0
109,PATUSER_030,patient,view_own_record,42c1eb05-09a9-eeda-a957-d822de66c536,2026-05-19 08:30:41,medical_record,MEDICAL_RECORD_7498,6,1,0,0.0,1.834,0,0,31.4,0
110,NUR_001,nurse,update_vitals,e60a6ecc-5639-5800-4bf2-8e8a2865e55c,2026-04-23 04:33:20,observation,OBSERVATION_5272,20,20,1,0.06,1.975,0,0,23.31,0
111,PATUSER_011,patient,book_appointment,dda456b9-cd60-e91b-8a88-fd381a9e4611,2026-04-18 10:03:22,appointment,APPOINTMENT_4015,6,2,0,0.0,1.573,0,0,18.73,0
112,PATUSER_010,patient,view_own_record,155649eb-5d3e-41ca-5a2c-78972a1721f4,2026-05-12 00:26:55,medical_record,MEDICAL_RECORD_1990,5,1,1,0.0,1.842,0,0,10.2,0
113,PATUSER_015,patient,view_queue,2925a752-da6a-ef1f-31aa-68b0c2ff5027,2026-03-25 09:28:02,queue,QUEUE_4948,4,3,0,0.0,1.906,0,0,5.46,0
114,DOC_013,doctor,view_observation,ed1c3b46-34b9-221b-cb10-682e9ed9ddbd,2026-04-30 04:42:13,observation,OBSERVATION_1919,16,11,1,0.17,0.954,0,0,72.15,0
115,PATUSER_016,patient,update_diagnosis,07052ffe-5096-f813-923b-f3a32be34399,2026-05-17 17:33:26,condition,CONDITION_5441,40,51,0,0.93,1.5,1,1,355.31,1
116,DOC_003,doctor,create_prescription,1c39de5b-289a-3a1a-669b-2f756efb8bcb,2026-05-01 10:36:17,prescription,PRESCRIPTION_9856,13,4,0,0.04,1.371,0,0,6.1,0
117,NUR_007,nurse,update_vitals,392c8ae6-3c3b-1ff7-c35c-4e64946db9b6,2026-04-08 12:19:33,observation,OBSERVATION_2404,12,8,0,0.06,1.669,0,0,8.76,0
118,PATUSER_025,patient,book_appointment,19e9c5a5-4114-0f95-e5e8-29cd6749d4e1,2026-05-11 03:50:49,appointment,APPOINTMENT_6896,6,1,1,0.0,1.922,0,0,15.8,0
119,PATUSER_024,patient,view_queue,d7b30817-a7e4-d7c5-8582-63d251b6f98c,2026-03-31 02:27:34,queue,QUEUE_3777,1,1,1,0.0,1.888,0,0,43.99,0
120,DOC_009,doctor,view_observation,671064b5-039b-51a8-7e40-8e6baa0a7e35,2026-05-14 04:30:52,observation,OBSERVATION_1110,20,7,1,0.01,1.842,0,0,34.48,0
121,PATUSER_001,patient,book_appointment,e60a6ecc-5639-5800-4bf2-8e8a2865e55c,2026-04-13 09:47:07,appointment,APPOINTMENT_9044,4,2,0,0.0,1.557,0,0,35.14,0
122,PATUSER_012,patient,view_own_record,0369610a-4641-e2d5-80b2-844b2bd99f16,2026-05-23 06:02:41,medical_record,MEDICAL_RECORD_4965,4,2,0,0.0,1.959,0,0,32.51,0
123,NUR_002,nurse,update_vitals,2b31de7e-3596-37c7-1d46-db12d82e73ef,2026-04-28 11:59:28,observation,OBSERVATION_2735,21,18,0,0.01,1.959,0,0,38.55,0
124,DOC_001,doctor,create_prescription,9b5ce034-80bf-4c6b-f400-3a89fc0d135b,2026-04-16 03:27:59,prescription,PRESCRIPTION_8460,21,10,1,0.1,1.906,0,0,59.06,0
125,PATUSER_026,patient,view_queue,d998bd61-bed8-3eb5-dcb5-297579cf936f,2026-04-14 07:30:48,queue,QUEUE_4996,3,2,0,0.0,1.922,0,0,55.54,0
126,PATUSER_009,patient,view_queue,d9044272-63af-eca3-2a0c-ec9f9c10a98f,2026-05-04 02:37:40,queue,QUEUE_5560,3,3,1,0.0,1.485,0,0,37.34,0
127,PATUSER_024,patient,cancel_appointment,5dd32bff-9eaf-50ef-db4f-c6065be13792,2026-04-14 01:38:58,appointment,APPOINTMENT_8501,5,1,1,0.0,1.406,0,0,42.58,0
128,PATUSER_015,patient,book_appointment,e8b56457-438e-7a2e-04ee-e0b2ec149f61,2026-04-14 10:33:44,appointment,APPOINTMENT_7852,6,2,0,0.0,1.371,0,0,46.31,0
129,PATUSER_014,patient,book_appointment,910f9d72-b5f2-60bf-8302-274ac5d74635,2026-04-29 06:37:00,appointment,APPOINTMENT_1157,4,1,0,0.0,1.918,0,0,42.62,0
130,PATUSER_007,patient,view_queue,11b2d013-d581-7187-e88b-7a04781d307b,2026-04-20 07:12:22,queue,QUEUE_8492,5,3,0,0.0,1.868,0,0,33.64,0
131,PATUSER_012,patient,cancel_appointment,d998bd61-bed8-3eb5-dcb5-297579cf936f,2026-04-28 08:19:17,appointment,APPOINTMENT_8193,5,3,0,0.0,1.936,0,0,12.99,0
132,DOC_008,doctor,create_prescription,01974f36-ced2-c38e-32c5-1b09e1fe1638,2026-05-14 03:40:21,prescription,PRESCRIPTION_6302,11,14,1,0.19,1.0,0,0,34.97,0
133,PATUSER_021,patient,view_own_record,c95c96d5-ac6e-6ab6-143b-6da3e3923f39,2026-04-02 10:15:19,medical_record,MEDICAL_RECORD_5090,3,3,0,0.0,1.5,0,0,52.55,0
134,DOC_010,doctor,view_observation,a24f1dcf-ef87-f609-183a-d00bcc9b7292,2026-04-22 03:31:09,observation,OBSERVATION_2037,17,18,1,0.03,1.522,0,0,48.95,0
135,PATUSER_026,patient,cancel_appointment,0e697a7b-149b-602d-af6f-7e76ca18c5d7,2026-04-15 04:02:05,appointment,APPOINTMENT_8009,4,1,1,0.0,1.738,0,0,27.6,0
136,DOC_013,doctor,update_diagnosis,047f3ed4-bdea-7cd6-6e80-8537a3979cc6,2026-04-10 02:31:52,condition,CONDITION_8032,14,8,1,0.19,1.5,0,0,11.53,0
137,PATUSER_017,patient,book_appointment,b23941a4-269e-2ac4-8ced-75d1ac8b1b1d,2026-04-27 02:09:57,appointment,APPOINTMENT_3165,1,1,1,0.0,2.0,0,0,14.29,0
138,PATUSER_006,patient,view_audit,2d457e3d-90cb-357e-f7e0-3014068d2f29,2026-04-01 19:51:18,audit,AUDIT_6753,40,66,0,0.92,1.918,0,1,214.01,1
139,PATUSER_022,patient,book_appointment,155649eb-5d3e-41ca-5a2c-78972a1721f4,2026-03-30 12:23:35,appointment,APPOINTMENT_3290,2,2,0,0.0,1.522,0,0,35.97,0
140,NUR_001,nurse,register_walkin,f5de0af7-bfb4-270e-8175-e12515583ea8,2026-05-18 02:21:11,appointment,APPOINTMENT_7322,15,23,1,0.07,1.95,0,0,24.94,0
141,DOC_008,doctor,update_diagnosis,d1838618-2a96-9761-0b8d-89a92a022bcc,2026-04-02 10:51:24,condition,CONDITION_1652,24,5,0,0.12,1.846,0,0,74.08,0
142,DOC_004,doctor,view_observation,2d457e3d-90cb-357e-f7e0-3014068d2f29,2026-03-30 07:07:03,observation,OBSERVATION_4909,21,12,0,0.14,1.988,0,0,34.08,0
143,DOC_004,doctor,create_prescription,3eee4689-2d02-6ec9-c257-42b3adfdcd70,2026-04-01 06:27:14,prescription,PRESCRIPTION_9568,8,17,0,0.13,1.5,0,0,51.63,0
144,PATUSER_009,patient,cancel_appointment,83948281-33ad-4a11-0a3d-04484caf2ab9,2026-05-10 12:22:36,appointment,APPOINTMENT_9582,3,1,0,0.0,0.811,0,0,57.48,0
145,DOC_005,doctor,create_prescription,9b5ce034-80bf-4c6b-f400-3a89fc0d135b,2026-04-17 09:36:45,prescription,PRESCRIPTION_1579,7,18,0,0.1,1.76,0,0,39.97,0
146,PATUSER_011,patient,view_queue,dd55f477-af88-4543-f8c0-dca25a96c4cb,2026-05-22 12:12:49,queue,QUEUE_4656,6,3,0,0.0,1.922,0,0,27.53,0
147,PATUSER_027,patient,cancel_appointment,20f1f5b5-38be-6554-7a24-9fcc8d4bd6c4,2026-04-14 00:32:04,appointment,APPOINTMENT_5979,4,1,1,0.0,0.811,0,0,65.62,0
148,PATUSER_023,patient,book_appointment,917ffe5d-46b2-36f1-0de8-35e5ed017fa7,2026-05-10 08:24:03,appointment,APPOINTMENT_1157,3,3,0,0.0,1.842,0,0,74.85,0
149,NUR_007,nurse,view_audit,5dd32bff-9eaf-50ef-db4f-c6065be13792,2026-04-09 15:53:00,audit,AUDIT_7102,59,74,0,0.89,2.252,1,1,151.18,1
150,PATUSER_005,patient,view_queue,21b4ddc5-081e-1ecd-3573-f2ea42677b66,2026-03-29 02:04:05,queue,QUEUE_5455,5,1,1,0.0,1.485,0,0,49.61,0
151,DOC_015,doctor,create_prescription,d9044272-63af-eca3-2a0c-ec9f9c10a98f,2026-04-21 17:55:49,prescription,PRESCRIPTION_8591,43,69,0,0.9,1.522,0,0,166.62,1
152,NUR_002,nurse,view_appointment,c95c96d5-ac6e-6ab6-143b-6da3e3923f39,2026-04-03 01:32:14,appointment,APPOINTMENT_5093,13,15,1,0.1,1.891,0,0,7.82,0
153,DOC_007,doctor,create_prescription,155649eb-5d3e-41ca-5a2c-78972a1721f4,2026-05-16 02:51:52,prescription,PRESCRIPTION_1829,8,3,1,0.01,1.834,0,0,20.56,0
154,DOC_011,doctor,create_prescription,20f1f5b5-38be-6554-7a24-9fcc8d4bd6c4,2026-05-22 06:37:46,prescription,PRESCRIPTION_7275,17,18,0,0.01,1.981,0,0,17.1,0
155,DOC_009,doctor,view_observation,b3c9a883-40ea-1452-7b76-62e552e033d2,2026-05-14 11:11:51,observation,OBSERVATION_1959,21,10,0,0.14,1.888,0,0,60.64,0
156,PATUSER_027,patient,view_own_record,dd55f477-af88-4543-f8c0-dca25a96c4cb,2026-04-09 09:08:44,medical_record,MEDICAL_RECORD_3328,3,3,0,0.0,1.855,0,0,73.18,0
157,PATUSER_012,patient,view_own_record,5e236a28-42bb-348c-3267-03ed1a052b40,2026-04-08 08:04:43,medical_record,MEDICAL_RECORD_3320,5,2,0,0.0,1.855,0,0,7.66,0
158,PATUSER_025,patient,view_queue,073b376b-9659-3e78-c6a6-a08b74d710da,2026-05-01 08:32:50,queue,QUEUE_3872,3,1,0,0.0,1.53,0,0,70.93,0
159,ADM_003,admin,update_schedule,3bc81e09-7091-bc59-a58a-39b485d9e48b,2026-05-18 12:16:05,schedule,SCHEDULE_6425,6,2,0,0.02,1.918,1,0,54.14,0
160,PATUSER_023,patient,update_diagnosis,820d39a0-d304-2b9d-25a8-d705deede745,2026-05-03 19:13:25,condition,CONDITION_7323,55,30,0,0.86,1.79,0,1,366.5,1
161,PATUSER_004,patient,view_queue,8db9c819-1c0b-c9a9-3e31-4b85f52201d2,2026-03-31 03:19:59,queue,QUEUE_3787,4,2,1,0.0,1.884,0,0,29.59,0
162,ADM_003,admin,view_audit,4ca3be26-4f97-27f0-32fa-6ea155eba23a,2026-04-21 02:07:39,audit,AUDIT_5872,10,1,1,0.03,1.895,0,0,67.53,0
163,NUR_001,nurse,update_vitals,d1838618-2a96-9761-0b8d-89a92a022bcc,2026-03-30 06:45:21,observation,OBSERVATION_7512,26,23,0,0.1,1.936,0,0,30.26,0
164,PATUSER_006,patient,cancel_appointment,b09b332a-a8b1-5541-6855-d6420f922505,2026-05-20 10:50:52,appointment,APPOINTMENT_2404,3,1,0,0.0,1.936,0,0,32.13,0
165,PATUSER_018,patient,view_queue,ea7deb48-7fa5-3406-28b9-051b0c18d363,2026-05-16 08:59:55,queue,QUEUE_3738,4,3,0,0.0,1.868,0,0,9.27,0
166,DOC_014,doctor,create_prescription,a82f0145-e797-d65d-bebf-e49dd38bac1e,2026-05-17 03:04:45,prescription,PRESCRIPTION_5525,6,16,1,0.02,1.922,0,0,19.13,0
167,PATUSER_009,patient,view_own_record,10751dec-9152-b658-beeb-ba433fbb9213,2026-04-20 00:35:38,medical_record,MEDICAL_RECORD_5512,6,3,1,0.0,1.826,0,0,59.72,0
168,PATUSER_001,patient,cancel_appointment,3844e0c5-14c7-8f87-19b0-8f769b3bdd70,2026-05-08 09:41:32,appointment,APPOINTMENT_3201,6,3,0,0.0,1.491,0,0,32.71,0
169,NUR_005,nurse,update_vitals,d9044272-63af-eca3-2a0c-ec9f9c10a98f,2026-04-07 08:25:21,observation,OBSERVATION_4288,18,14,0,0.09,1.936,0,0,11.25,0
170,PATUSER_029,patient,view_audit,e1571870-cf37-1c6b-c97f-c4ab9a32b172,2026-05-15 16:56:01,audit,AUDIT_8308,64,23,0,0.95,2.322,1,1,179.73,1
171,DOC_012,doctor,view_record,f84719a0-d28d-ec20-64a8-a17992dcd9ac,2026-04-12 07:27:53,medical_record,MEDICAL_RECORD_7709,23,14,0,0.08,1.252,0,0,23.11,0
172,PATUSER_008,patient,view_record,21adc8c0-7e1e-5167-1ac1-5449a6a2c73f,2026-04-08 15:43:07,medical_record,MEDICAL_RECORD_8646,35,50,0,0.95,1.811,1,1,171.96,1
173,NUR_005,nurse,view_appointment,20f1f5b5-38be-6554-7a24-9fcc8d4bd6c4,2026-04-29 10:08:07,appointment,APPOINTMENT_5278,20,24,0,0.01,1.299,0,0,51.36,0
174,PATUSER_017,patient,view_own_record,21adc8c0-7e1e-5167-1ac1-5449a6a2c73f,2026-05-15 11:21:20,medical_record,MEDICAL_RECORD_6622,3,1,0,0.0,1.922,0,0,58.58,0
175,PATUSER_022,patient,cancel_appointment,ad37dc95-561f-9348-6577-eff9b22d47c2,2026-04-26 10:46:23,appointment,APPOINTMENT_4659,5,3,0,0.0,1.784,0,0,68.46,0
176,PATUSER_023,patient,view_own_record,d9044272-63af-eca3-2a0c-ec9f9c10a98f,2026-04-24 06:30:24,medical_record,MEDICAL_RECORD_7704,3,2,0,0.0,1.95,0,0,25.58,0
177,PATUSER_012,patient,view_own_record,9b5ce034-80bf-4c6b-f400-3a89fc0d135b,2026-04-25 07:48:09,medical_record,MEDICAL_RECORD_2442,2,2,0,0.0,1.891,0,0,17.62,0
178,DOC_009,doctor,create_prescription,a82f0145-e797-d65d-bebf-e49dd38bac1e,2026-05-10 10:49:29,prescription,PRESCRIPTION_3736,18,15,0,0.09,1.825,0,0,5.33,0
179,DOC_005,doctor,create_prescription,054e161c-d33f-0970-2018-1f19582e0813,2026-04-15 05:24:00,prescription,PRESCRIPTION_4460,14,17,1,0.16,1.149,0,0,28.65,0
180,PATUSER_022,patient,view_audit,83948281-33ad-4a11-0a3d-04484caf2ab9,2026-05-19 21:06:45,audit,AUDIT_8772,45,27,0,0.77,1.551,1,1,357.64,1
181,PATUSER_020,patient,view_own_record,1c39de5b-289a-3a1a-669b-2f756efb8bcb,2026-05-06 11:59:46,medical_record,MEDICAL_RECORD_6864,6,3,0,0.0,1.884,1,0,34.46,0
182,PATUSER_021,patient,view_queue,b23941a4-269e-2ac4-8ced-75d1ac8b1b1d,2026-04-15 02:41:29,queue,QUEUE_9383,1,3,1,0.0,1.522,0,0,19.54,0
183,DOC_005,doctor,view_record,bfb0d055-557b-4579-1a3b-78cc2ead82c9,2026-03-31 02:18:40,medical_record,MEDICAL_RECORD_3267,13,10,1,0.1,1.299,0,0,23.49,0
184,PATUSER_018,patient,view_own_record,b09b332a-a8b1-5541-6855-d6420f922505,2026-04-17 06:18:50,medical_record,MEDICAL_RECORD_7319,3,2,0,0.0,1.371,0,0,23.78,0
185,PATUSER_020,patient,view_own_record,671064b5-039b-51a8-7e40-8e6baa0a7e35,2026-05-18 06:36:35,medical_record,MEDICAL_RECORD_1753,6,1,0,0.0,1.669,0,0,53.73,0
186,DOC_005,doctor,view_record,c95c96d5-ac6e-6ab6-143b-6da3e3923f39,2026-04-21 06:09:15,medical_record,MEDICAL_RECORD_9055,5,10,0,0.22,1.868,0,0,28.68,0
187,NUR_006,nurse,update_queue,d1838618-2a96-9761-0b8d-89a92a022bcc,2026-03-30 04:55:57,appointment,APPOINTMENT_1587,9,22,1,0.03,1.677,0,0,33.23,0
188,PATUSER_011,patient,book_appointment,4f0c6acb-066b-1f8d-228d-5e5a973d1fef,2026-05-05 02:08:58,appointment,APPOINTMENT_2596,5,3,1,0.0,1.975,0,0,67.31,0
189,PATUSER_024,patient,cancel_appointment,744a7169-4e89-61ff-27f2-3c736abf4368,2026-04-29 00:59:52,appointment,APPOINTMENT_7704,3,2,1,0.0,1.922,0,0,72.51,0
190,DOC_007,doctor,create_prescription,2b31de7e-3596-37c7-1d46-db12d82e73ef,2026-05-09 03:47:35,prescription,PRESCRIPTION_9260,11,6,1,0.2,1.5,0,0,36.99,0
191,DOC_009,doctor,create_prescription,dd0de87d-2596-9c38-a834-6f5246a48a51,2026-05-08 01:03:40,prescription,PRESCRIPTION_5067,21,4,1,0.12,1.371,0,0,45.96,0
192,NUR_003,nurse,view_appointment,b4679b26-64ac-c348-6667-1e9093ae866f,2026-05-17 06:11:04,appointment,APPOINTMENT_7839,17,20,0,0.1,1.65,0,0,47.18,0
193,PATUSER_019,patient,view_own_record,7bbc22dd-2b36-8b49-3bcc-14c25dafd13e,2026-04-18 08:35:32,medical_record,MEDICAL_RECORD_5695,3,2,0,0.0,1.5,0,0,41.59,0
194,PATUSER_019,patient,cancel_appointment,f8540aed-49fc-9dd6-b195-288635b1d17a,2026-05-16 00:54:35,appointment,APPOINTMENT_5117,6,2,1,0.0,1.959,0,0,42.88,0
195,DOC_013,doctor,create_prescription,0e697a7b-149b-602d-af6f-7e76ca18c5d7,2026-04-12 07:54:40,prescription,PRESCRIPTION_5572,12,14,0,0.17,1.585,0,0,47.24,0
196,PATUSER_011,patient,book_appointment,8fcbd58f-7e61-d74d-9b35-46d267ecbbd3,2026-03-27 02:36:28,appointment,APPOINTMENT_2506,5,2,1,0.0,1.988,1,0,37.64,0
197,ADM_001,admin,update_schedule,4bab2d0f-4783-619c-46b2-f656667ffb67,2026-04-29 04:19:17,schedule,SCHEDULE_4937,12,5,1,0.03,1.5,0,0,71.52,0
198,PATUSER_017,patient,view_own_record,2925a752-da6a-ef1f-31aa-68b0c2ff5027,2026-04-18 09:43:03,medical_record,MEDICAL_RECORD_6248,2,1,0,0.0,1.906,0,0,27.47,0
199,PATUSER_008,patient,book_appointment,219c0f88-2190-9af2-4122-bcf1c4f4a0bf,2026-05-06 02:07:18,appointment,APPOINTMENT_2433,2,3,1,0.0,1.846,0,0,48.89,0
200,DOC_005,doctor,view_observation,2faf5170-7c17-9c76-c091-5349b5ecad23,2026-04-17 18:55:09,observation,OBSERVATION_9238,70,24,0,0.84,1.371,0,0,393.3,1
201,DOC_007,doctor,view_record,a992fe7d-cd9b-0ace-6e0b-f6f0b5f01fc3,2026-04-24 10:37:03,medical_record,MEDICAL_RECORD_1182,14,5,0,0.06,1.792,0,0,31.7,0
202,PATUSER_011,patient,view_own_record,7f857501-0257-2c7f-2e8f-9886705681f3,2026-04-13 02:40:16,medical_record,MEDICAL_RECORD_2877,1,1,1,0.0,1.447,1,0,46.77,0
203,DOC_012,doctor,update_diagnosis,d1838618-2a96-9761-0b8d-89a92a022bcc,2026-03-31 09:39:15,condition,CONDITION_8383,6,17,0,0.14,1.79,0,0,52.02,0
204,NUR_007,nurse,update_vitals,c95c96d5-ac6e-6ab6-143b-6da3e3923f39,2026-04-04 04:26:49,observation,OBSERVATION_8583,30,24,1,0.02,1.449,0,0,61.54,0
205,PATUSER_004,patient,view_own_record,d1838618-2a96-9761-0b8d-89a92a022bcc,2026-05-17 04:44:23,medical_record,MEDICAL_RECORD_9309,4,3,1,0.0,1.252,0,0,50.19,0
206,PATUSER_016,patient,update_diagnosis,843d8b33-f833-1324-2aa6-e07c91e49204,2026-04-09 21:01:26,condition,CONDITION_9227,72,45,0,0.9,2.163,0,1,391.89,1
207,DOC_001,doctor,create_prescription,054e161c-d33f-0970-2018-1f19582e0813,2026-05-11 10:12:59,prescription,PRESCRIPTION_2029,10,7,0,0.1,0.811,0,0,71.41,0
208,NUR_002,nurse,update_vitals,07052ffe-5096-f813-923b-f3a32be34399,2026-05-20 00:28:31,observation,OBSERVATION_7201,29,12,1,0.06,1.522,0,0,32.17,0
209,ADM_002,admin,view_report,e300c149-9eaa-3d5a-57d9-ea8d4c996597,2026-05-16 02:21:51,report,REPORT_3578,10,4,1,0.04,1.686,0,0,41.15,0
210,ADM_002,admin,update_schedule,7225d50f-9363-214e-02d6-3fdc2a246bdc,2026-04-24 01:40:06,schedule,SCHEDULE_3725,12,3,1,0.04,1.361,0,0,12.93,0
211,NUR_002,nurse,view_appointment,744a7169-4e89-61ff-27f2-3c736abf4368,2026-03-30 08:39:57,appointment,APPOINTMENT_4765,20,25,0,0.12,1.79,0,0,66.5,0
212,ADM_003,admin,manage_user,8e21cb1f-b016-dda9-1d06-c920c24a0b37,2026-05-02 01:32:40,user,USER_8899,2,3,1,0.05,1.826,0,0,52.91,0
213,PATUSER_026,patient,view_own_record,3408cffd-cbea-0de1-e3a8-8b0b86bb5637,2026-04-21 05:34:45,medical_record,MEDICAL_RECORD_1116,5,3,1,0.0,1.842,0,0,63.6,0
214,PATUSER_012,patient,cancel_appointment,a24f1dcf-ef87-f609-183a-d00bcc9b7292,2026-04-20 08:49:35,appointment,APPOINTMENT_3928,1,2,0,0.0,1.361,0,0,53.14,0
215,ADM_002,admin,manage_user,3c6d02df-84f2-f9e2-8e09-852349757293,2026-05-18 08:22:11,user,USER_1852,6,4,0,0.06,1.842,0,0,32.87,0
216,DOC_011,doctor,view_record,717861a2-ab2b-2d2a-6a8f-6388dbff69d2,2026-03-29 10:42:43,medical_record,MEDICAL_RECORD_1941,5,5,0,0.18,1.522,0,0,47.02,0
217,PATUSER_025,patient,cancel_appointment,717861a2-ab2b-2d2a-6a8f-6388dbff69d2,2026-04-06 10:29:19,appointment,APPOINTMENT_7474,4,2,0,0.0,1.855,1,0,64.54,0
218,PATUSER_001,patient,cancel_appointment,fb36d3d9-666c-c4c2-bb96-c9195538d4df,2026-05-10 09:20:04,appointment,APPOINTMENT_3867,1,3,0,0.0,1.837,0,0,69.34,0
219,PATUSER_002,patient,cancel_appointment,c5d42b3b-72de-b953-545d-1de4cf59d279,2026-05-20 09:01:21,appointment,APPOINTMENT_2106,1,3,0,0.0,1.738,0,0,71.29,0
220,ADM_003,admin,view_audit,dda456b9-cd60-e91b-8a88-fd381a9e4611,2026-05-08 04:19:45,audit,AUDIT_6792,12,3,1,0.08,1.906,0,0,29.72,0
221,DOC_014,doctor,update_diagnosis,c95c96d5-ac6e-6ab6-143b-6da3e3923f39,2026-04-07 04:40:41,condition,CONDITION_5501,10,9,1,0.11,1.826,0,0,56.48,0
222,PATUSER_007,patient,view_own_record,3408cffd-cbea-0de1-e3a8-8b0b86bb5637,2026-04-27 09:17:56,medical_record,MEDICAL_RECORD_7216,3,2,0,0.0,1.888,0,0,45.37,0
223,PATUSER_013,patient,cancel_appointment,19e9c5a5-4114-0f95-e5e8-29cd6749d4e1,2026-04-24 06:05:50,appointment,APPOINTMENT_6981,5,2,0,0.0,1.459,0,0,23.4,0
224,PATUSER_030,patient,book_appointment,dd55f477-af88-4543-f8c0-dca25a96c4cb,2026-05-16 07:33:15,appointment,APPOINTMENT_1159,2,3,0,0.0,0.985,0,0,45.31,0
225,DOC_012,doctor,view_record,d1e9c67e-e701-dbf5-aa21-bb9ae3751b97,2026-04-19 02:33:13,medical_record,MEDICAL_RECORD_2577,21,13,1,0.17,2.0,0,0,44.35,0
226,PATUSER_004,patient,cancel_appointment,3c6d02df-84f2-f9e2-8e09-852349757293,2026-04-16 04:27:55,appointment,APPOINTMENT_7243,3,2,1,0.0,1.837,0,0,70.23,0
227,PATUSER_015,patient,view_queue,668a10b4-c005-0df3-522e-b068e0d29ea9,2026-05-04 11:06:05,queue,QUEUE_6136,2,1,0,0.0,1.922,0,0,70.0,0
228,NUR_006,nurse,view_appointment,d20dc49f-5674-961e-a123-6e3000654b95,2026-05-11 12:04:02,appointment,APPOINTMENT_7505,16,25,0,0.08,1.371,0,0,36.14,0
229,DOC_007,doctor,view_record,cc4e166f-53eb-f57b-fb9c-72dddeeb448f,2026-03-31 07:43:08,medical_record,MEDICAL_RECORD_5655,22,4,0,0.01,1.922,0,0,58.55,0
230,PATUSER_004,patient,cancel_appointment,843d8b33-f833-1324-2aa6-e07c91e49204,2026-05-19 02:56:58,appointment,APPOINTMENT_8891,5,1,1,0.0,1.561,1,0,51.45,0
231,PATUSER_010,patient,cancel_appointment,2d457e3d-90cb-357e-f7e0-3014068d2f29,2026-03-25 01:27:02,appointment,APPOINTMENT_8816,4,2,1,0.0,1.459,0,0,23.19,0
232,NUR_005,nurse,create_prescription,7bbc22dd-2b36-8b49-3bcc-14c25dafd13e,2026-04-19 20:23:04,prescription,PRESCRIPTION_9464,86,38,0,0.85,2.046,0,1,284.46,1
233,PATUSER_024,patient,cancel_appointment,a2ff83e0-2cc0-50a4-b008-52a1add72ced,2026-04-20 09:39:23,appointment,APPOINTMENT_5458,6,3,0,0.0,1.918,0,0,50.39,0
234,PATUSER_020,patient,view_own_record,dd55f477-af88-4543-f8c0-dca25a96c4cb,2026-04-05 03:32:47,medical_record,MEDICAL_RECORD_1241,3,1,1,0.0,1.459,0,0,72.88,0
235,PATUSER_007,patient,view_own_record,45f758c8-34c3-3fa5-41f9-5906127ba1bd,2026-04-15 06:32:22,medical_record,MEDICAL_RECORD_3975,3,2,0,0.0,1.459,0,0,37.46,0
236,DOC_013,doctor,view_observation,820d39a0-d304-2b9d-25a8-d705deede745,2026-04-09 05:13:31,observation,OBSERVATION_8884,17,3,1,0.03,1.981,0,0,22.43,0
237,PATUSER_016,patient,view_queue,c5d42b3b-72de-b953-545d-1de4cf59d279,2026-04-14 05:26:39,queue,QUEUE_7084,1,3,1,0.0,1.561,0,0,12.9,0
238,PATUSER_025,patient,view_own_record,a24f1dcf-ef87-f609-183a-d00bcc9b7292,2026-03-28 02:49:10,medical_record,MEDICAL_RECORD_3207,4,1,1,0.0,2.0,0,0,28.69,0
239,NUR_002,nurse,update_queue,e60a6ecc-5639-5800-4bf2-8e8a2865e55c,2026-04-28 07:48:49,appointment,APPOINTMENT_8439,30,20,0,0.07,1.811,0,0,39.31,0
240,DOC_001,doctor,create_prescription,2d457e3d-90cb-357e-f7e0-3014068d2f29,2026-04-14 09:12:33,prescription,PRESCRIPTION_9572,17,8,0,0.19,1.971,0,0,30.49,0
241,PATUSER_018,patient,view_record,ed1c3b46-34b9-221b-cb10-682e9ed9ddbd,2026-03-26 18:03:10,medical_record,MEDICAL_RECORD_1994,46,75,0,0.66,2.187,0,1,265.61,1
242,ADM_002,admin,view_audit,073b376b-9659-3e78-c6a6-a08b74d710da,2026-05-10 06:31:22,audit,AUDIT_9710,15,5,0,0.08,0.971,0,0,48.19,0
243,ADM_003,admin,update_schedule,d9044272-63af-eca3-2a0c-ec9f9c10a98f,2026-05-11 08:33:18,schedule,SCHEDULE_6319,12,3,0,0.06,1.826,0,0,44.09,0
244,PATUSER_030,patient,book_appointment,3844e0c5-14c7-8f87-19b0-8f769b3bdd70,2026-04-18 11:16:04,appointment,APPOINTMENT_1267,4,3,0,0.0,1.906,0,0,21.85,0
245,PATUSER_009,patient,cancel_appointment,e60a6ecc-5639-5800-4bf2-8e8a2865e55c,2026-03-26 05:16:21,appointment,APPOINTMENT_5341,1,2,1,0.0,1.906,0,0,20.04,0
246,ADM_002,admin,manage_user,8fcbd58f-7e61-d74d-9b35-46d267ecbbd3,2026-05-10 03:31:15,user,USER_8115,5,4,1,0.08,1.936,0,0,32.99,0
247,PATUSER_002,patient,view_own_record,a992fe7d-cd9b-0ace-6e0b-f6f0b5f01fc3,2026-05-04 02:16:09,medical_record,MEDICAL_RECORD_9846,2,3,1,0.0,1.0,0,0,47.16,0
248,PATUSER_012,patient,view_queue,054e161c-d33f-0970-2018-1f19582e0813,2026-04-22 09:15:07,queue,QUEUE_9980,6,1,0,0.0,1.959,0,0,52.15,0
249,PATUSER_001,patient,book_appointment,e300c149-9eaa-3d5a-57d9-ea8d4c996597,2026-04-24 07:01:41,appointment,APPOINTMENT_7776,5,2,0,0.0,1.846,0,0,14.13,0
250,PATUSER_003,patient,cancel_appointment,d1838618-2a96-9761-0b8d-89a92a022bcc,2026-04-04 03:49:08,appointment,APPOINTMENT_4982,3,2,1,0.0,1.823,0,0,6.69,0
251,PATUSER_015,patient,view_queue,dd0de87d-2596-9c38-a834-6f5246a48a51,2026-04-24 04:27:50,queue,QUEUE_5653,1,2,1,0.0,1.959,0,0,12.79,0
252,DOC_013,doctor,update_diagnosis,054e161c-d33f-0970-2018-1f19582e0813,2026-05-06 10:21:27,condition,CONDITION_7237,13,4,0,0.1,1.922,0,0,9.66,0
253,PATUSER_008,patient,book_appointment,754c6983-a899-1c3c-f51d-2af172b88b91,2026-04-06 01:58:58,appointment,APPOINTMENT_6465,3,2,1,0.0,1.5,0,0,42.21,0
254,PATUSER_007,patient,cancel_appointment,21adc8c0-7e1e-5167-1ac1-5449a6a2c73f,2026-04-09 02:58:46,appointment,APPOINTMENT_5590,1,2,1,0.0,1.5,0,0,29.88,0
255,DOC_015,doctor,create_prescription,cc4e166f-53eb-f57b-fb9c-72dddeeb448f,2026-04-20 06:42:05,prescription,PRESCRIPTION_9582,9,5,0,0.16,1.295,0,0,52.46,0
256,DOC_009,doctor,view_record,cc4e166f-53eb-f57b-fb9c-72dddeeb448f,2026-04-05 02:47:22,medical_record,MEDICAL_RECORD_5970,23,8,1,0.07,1.5,0,0,71.4,0
257,PATUSER_004,patient,book_appointment,f8540aed-49fc-9dd6-b195-288635b1d17a,2026-04-05 10:28:17,appointment,APPOINTMENT_7348,6,2,0,0.0,1.834,0,0,18.16,0
258,PATUSER_007,patient,view_own_record,3eee4689-2d02-6ec9-c257-42b3adfdcd70,2026-05-23 02:43:55,medical_record,MEDICAL_RECORD_8496,2,1,1,0.0,1.95,0,0,58.52,0
259,NUR_001,nurse,register_walkin,a8bef5c2-6743-79e8-8477-bc3b6244c334,2026-04-27 00:32:57,appointment,APPOINTMENT_7347,27,18,1,0.09,1.5,0,0,70.74,0
260,PATUSER_009,patient,cancel_appointment,9e25d332-9229-0803-ad9f-ca235142458e,2026-04-23 00:36:56,appointment,APPOINTMENT_1408,2,2,1,0.0,1.922,0,0,66.91,0
261,DOC_012,doctor,create_prescription,155649eb-5d3e-41ca-5a2c-78972a1721f4,2026-05-09 12:12:36,prescription,PRESCRIPTION_9383,11,17,0,0.02,1.922,0,0,50.4,0
262,PATUSER_015,patient,cancel_appointment,a24f1dcf-ef87-f609-183a-d00bcc9b7292,2026-04-30 07:22:11,appointment,APPOINTMENT_6071,5,2,0,0.0,1.918,0,0,16.96,0
263,PATUSER_022,patient,book_appointment,d1e9c67e-e701-dbf5-aa21-bb9ae3751b97,2026-03-25 08:06:17,appointment,APPOINTMENT_9904,3,3,0,0.0,0.811,0,0,67.9,0
264,PATUSER_027,patient,view_audit,6383af50-c8f6-0c22-1dd4-6ee2be572cb1,2026-03-29 20:05:07,audit,AUDIT_6718,50,33,0,0.84,1.842,1,1,256.12,1
265,DOC_003,doctor,create_prescription,d1838618-2a96-9761-0b8d-89a92a022bcc,2026-04-04 01:09:47,prescription,PRESCRIPTION_5797,23,12,1,0.07,1.95,0,0,12.62,0
266,PATUSER_006,patient,book_appointment,054e161c-d33f-0970-2018-1f19582e0813,2026-05-03 11:29:35,appointment,APPOINTMENT_3947,3,2,0,0.0,1.784,0,0,41.73,0
267,PATUSER_015,patient,view_own_record,42c1eb05-09a9-eeda-a957-d822de66c536,2026-05-11 05:20:42,medical_record,MEDICAL_RECORD_5919,2,1,1,0.0,1.884,0,0,37.54,0
268,PATUSER_008,patient,view_own_record,820d39a0-d304-2b9d-25a8-d705deede745,2026-05-17 00:37:41,medical_record,MEDICAL_RECORD_8577,1,3,1,0.0,1.837,0,0,32.72,0
269,PATUSER_026,patient,cancel_appointment,dd0de87d-2596-9c38-a834-6f5246a48a51,2026-04-29 12:00:30,appointment,APPOINTMENT_6050,1,3,0,0.0,1.922,0,0,55.75,0
270,PATUSER_021,patient,book_appointment,073b376b-9659-3e78-c6a6-a08b74d710da,2026-04-17 11:55:22,appointment,APPOINTMENT_2517,1,2,0,0.0,1.557,0,0,39.79,0
271,PATUSER_004,patient,cancel_appointment,83948281-33ad-4a11-0a3d-04484caf2ab9,2026-05-13 07:46:38,appointment,APPOINTMENT_7350,5,1,0,0.0,1.922,0,0,69.65,0
272,PATUSER_021,patient,view_own_record,d998bd61-bed8-3eb5-dcb5-297579cf936f,2026-04-15 01:56:25,medical_record,MEDICAL_RECORD_6257,1,2,1,0.0,1.522,0,0,53.09,0
273,DOC_013,doctor,create_prescription,d1838618-2a96-9761-0b8d-89a92a022bcc,2026-04-11 04:33:29,prescription,PRESCRIPTION_6549,22,13,1,0.17,1.483,0,0,24.09,0
274,PATUSER_010,patient,view_queue,e1571870-cf37-1c6b-c97f-c4ab9a32b172,2026-03-28 02:31:56,queue,QUEUE_9740,1,2,1,0.0,1.459,0,0,8.53,0
275,DOC_006,doctor,view_record,a8bef5c2-6743-79e8-8477-bc3b6244c334,2026-04-23 07:46:12,medical_record,MEDICAL_RECORD_8987,23,7,0,0.02,1.823,0,0,53.9,0
276,DOC_002,doctor,update_diagnosis,83948281-33ad-4a11-0a3d-04484caf2ab9,2026-05-01 17:02:37,condition,CONDITION_5949,57,50,0,0.8,1.522,0,0,204.68,1
277,PATUSER_010,patient,view_queue,dd0de87d-2596-9c38-a834-6f5246a48a51,2026-04-18 09:30:50,queue,QUEUE_3886,4,1,0,0.0,1.834,0,0,43.36,0
278,NUR_005,nurse,view_appointment,5dd32bff-9eaf-50ef-db4f-c6065be13792,2026-04-25 02:08:11,appointment,APPOINTMENT_3444,27,9,1,0.08,1.371,0,0,62.39,0
279,PATUSER_004,patient,cancel_appointment,a8bef5c2-6743-79e8-8477-bc3b6244c334,2026-04-13 07:03:19,appointment,APPOINTMENT_2022,5,3,0,0.0,1.906,0,0,19.4,0
280,ADM_002,admin,view_audit,0369610a-4641-e2d5-80b2-844b2bd99f16,2026-04-09 00:54:13,audit,AUDIT_4083,2,8,1,0.08,1.685,0,0,65.29,0
281,PATUSER_011,patient,book_appointment,2b31de7e-3596-37c7-1d46-db12d82e73ef,2026-04-02 05:26:33,appointment,APPOINTMENT_3224,4,1,1,0.0,1.0,0,0,66.09,0
282,DOC_006,doctor,view_observation,bee08b10-0c18-396e-9f8a-03e41691509b,2026-04-18 06:48:43,observation,OBSERVATION_7038,19,16,0,0.14,1.846,0,0,34.69,0
283,DOC_008,doctor,update_diagnosis,21adc8c0-7e1e-5167-1ac1-5449a6a2c73f,2026-04-23 11:59:34,condition,CONDITION_7897,7,7,0,0.16,1.854,0,0,65.15,0
284,ADM_001,admin,view_report,fb36d3d9-666c-c4c2-bb96-c9195538d4df,2026-03-28 05:06:59,report,REPORT_2351,6,2,1,0.0,1.459,0,0,57.46,0
285,DOC_009,doctor,view_record,d1838618-2a96-9761-0b8d-89a92a022bcc,2026-05-02 04:38:27,medical_record,MEDICAL_RECORD_8944,13,7,1,0.14,1.918,0,0,22.99,0
286,DOC_012,doctor,view_observation,4ca3be26-4f97-27f0-32fa-6ea155eba23a,2026-05-12 00:53:18,observation,OBSERVATION_2900,15,5,1,0.21,1.95,0,0,62.52,0
287,DOC_004,doctor,create_prescription,f8540aed-49fc-9dd6-b195-288635b1d17a,2026-04-18 07:10:14,prescription,PRESCRIPTION_9704,20,12,0,0.1,1.981,0,0,69.57,0
288,PATUSER_016,patient,cancel_appointment,4bab2d0f-4783-619c-46b2-f656667ffb67,2026-05-15 06:32:45,appointment,APPOINTMENT_2600,5,3,0,0.0,1.988,0,0,28.45,0
289,PATUSER_009,patient,view_own_record,21b4ddc5-081e-1ecd-3573-f2ea42677b66,2026-03-26 08:05:34,medical_record,MEDICAL_RECORD_2240,3,1,0,0.0,1.884,0,0,22.63,0
290,PATUSER_016,patient,cancel_appointment,d5d8b210-bca5-a9ce-0711-3d09468bfe47,2026-04-10 04:37:18,appointment,APPOINTMENT_3915,4,3,1,0.0,1.5,0,0,58.89,0
291,PATUSER_004,patient,update_diagnosis,f8540aed-49fc-9dd6-b195-288635b1d17a,2026-05-12 17:53:42,condition,CONDITION_2194,74,45,0,0.71,1.922,1,1,152.53,1
292,DOC_005,doctor,view_record,cc4e166f-53eb-f57b-fb9c-72dddeeb448f,2026-05-06 04:50:46,medical_record,MEDICAL_RECORD_1054,19,3,1,0.2,1.352,0,0,49.82,0
293,ADM_003,admin,update_schedule,df4576f2-f38f-02c0-b20f-6153754c41a6,2026-03-28 08:07:10,schedule,SCHEDULE_4129,3,8,0,0.09,1.975,0,0,52.73,0
294,NUR_005,nurse,update_queue,21b4ddc5-081e-1ecd-3573-f2ea42677b66,2026-04-02 01:28:41,appointment,APPOINTMENT_1701,28,17,1,0.06,1.95,0,0,35.66,0
295,PATUSER_001,patient,book_appointment,d5d8b210-bca5-a9ce-0711-3d09468bfe47,2026-05-11 11:03:43,appointment,APPOINTMENT_8720,6,3,0,0.0,1.5,0,0,52.47,0
296,PATUSER_015,patient,view_audit,20f1f5b5-38be-6554-7a24-9fcc8d4bd6c4,2026-05-16 16:16:35,audit,AUDIT_2979,76,28,0,0.65,2.2,1,1,134.99,1
297,PATUSER_019,patient,cancel_appointment,8c562216-cb73-0829-2fa4-123468939df6,2026-03-29 02:33:46,appointment,APPOINTMENT_3584,3,1,1,0.0,1.922,0,0,46.52,0
298,DOC_002,doctor,update_diagnosis,79402472-6884-1aca-759a-a23f36ee8dca,2026-04-20 02:11:20,condition,CONDITION_4919,5,3,1,0.04,1.585,0,0,50.62,0
299,DOC_012,doctor,update_diagnosis,d1838618-2a96-9761-0b8d-89a92a022bcc,2026-04-16 00:52:29,condition,CONDITION_4409,24,8,1,0.16,1.95,0,0,11.16,0
300,NUR_003,nurse,create_prescription,5dd32bff-9eaf-50ef-db4f-c6065be13792,2026-05-05 17:25:31,prescription,PRESCRIPTION_1859,85,29,0,0.88,2.197,1,1,269.25,1
301,PATUSER_010,patient,view_queue,671064b5-039b-51a8-7e40-8e6baa0a7e35,2026-05-01 01:03:49,queue,QUEUE_4884,4,3,1,0.0,1.95,0,0,67.66,0
302,PATUSER_023,patient,view_own_record,219c0f88-2190-9af2-4122-bcf1c4f4a0bf,2026-05-20 03:53:38,medical_record,MEDICAL_RECORD_1525,4,1,1,0.0,1.826,0,0,45.96,0
303,PATUSER_020,patient,book_appointment,9e25d332-9229-0803-ad9f-ca235142458e,2026-05-12 04:47:43,appointment,APPOINTMENT_5041,2,1,1,0.0,1.76,0,0,37.1,0
304,NUR_001,nurse,update_vitals,45f758c8-34c3-3fa5-41f9-5906127ba1bd,2026-03-27 09:28:59,observation,OBSERVATION_2605,15,24,0,0.11,-0.0,0,0,67.88,0
305,PATUSER_004,patient,book_appointment,cc4e166f-53eb-f57b-fb9c-72dddeeb448f,2026-04-02 01:48:47,appointment,APPOINTMENT_8524,5,1,1,0.0,1.922,0,0,33.46,0
306,PATUSER_030,patient,view_queue,57b901cb-d3d2-258c-2773-57008eb32345,2026-04-05 10:17:24,queue,QUEUE_6500,1,2,0,0.0,1.868,0,0,14.7,0
307,PATUSER_023,patient,cancel_appointment,19e9c5a5-4114-0f95-e5e8-29cd6749d4e1,2026-04-23 09:05:31,appointment,APPOINTMENT_4437,6,2,0,0.0,1.837,0,0,12.77,0
308,PATUSER_024,patient,view_queue,57b901cb-d3d2-258c-2773-57008eb32345,2026-04-11 03:29:33,queue,QUEUE_4085,3,2,1,0.0,1.436,0,0,40.25,0
309,PATUSER_005,patient,book_appointment,8c562216-cb73-0829-2fa4-123468939df6,2026-04-11 06:34:13,appointment,APPOINTMENT_1351,2,2,0,0.0,1.823,0,0,10.39,0
310,NUR_004,nurse,view_appointment,2d457e3d-90cb-357e-f7e0-3014068d2f29,2026-04-25 01:04:11,appointment,APPOINTMENT_1775,15,22,1,0.08,1.5,0,0,29.0,0
311,DOC_010,doctor,create_prescription,bfb0d055-557b-4579-1a3b-78cc2ead82c9,2026-04-04 07:41:36,prescription,PRESCRIPTION_6633,10,8,0,0.16,1.753,0,0,73.12,0
312,DOC_010,doctor,create_prescription,cc4e166f-53eb-f57b-fb9c-72dddeeb448f,2026-04-23 09:25:49,prescription,PRESCRIPTION_5748,10,12,0,0.03,1.5,1,0,70.17,0
313,PATUSER_024,patient,view_queue,465dd060-e77a-9924-0d7a-75d52d39a714,2026-04-15 10:10:36,queue,QUEUE_6347,6,1,0,0.0,1.936,0,0,56.0,0
314,DOC_004,doctor,view_record,155649eb-5d3e-41ca-5a2c-78972a1721f4,2026-04-28 04:20:57,medical_record,MEDICAL_RECORD_7108,23,10,1,0.17,1.888,0,0,18.7,0
315,DOC_001,doctor,view_observation,a8bef5c2-6743-79e8-8477-bc3b6244c334,2026-05-11 05:53:20,observation,OBSERVATION_5968,14,17,1,0.19,1.406,0,0,55.95,0
316,PATUSER_006,patient,view_queue,d9044272-63af-eca3-2a0c-ec9f9c10a98f,2026-03-30 08:26:55,queue,QUEUE_5742,3,1,0,0.0,1.0,0,0,46.35,0
317,PATUSER_011,patient,book_appointment,a24f1dcf-ef87-f609-183a-d00bcc9b7292,2026-03-26 05:16:29,appointment,APPOINTMENT_5009,5,2,1,0.0,1.906,0,0,56.79,0
318,DOC_002,doctor,view_observation,79402472-6884-1aca-759a-a23f36ee8dca,2026-05-19 04:43:09,observation,OBSERVATION_1958,20,5,1,0.13,1.922,0,0,38.63,0
319,DOC_010,doctor,update_diagnosis,2d457e3d-90cb-357e-f7e0-3014068d2f29,2026-03-28 11:44:47,condition,CONDITION_9908,9,14,0,0.04,1.371,0,0,34.37,0
320,NUR_006,nurse,view_appointment,3eee4689-2d02-6ec9-c257-42b3adfdcd70,2026-05-16 10:35:29,appointment,APPOINTMENT_9612,17,14,0,0.08,1.784,0,0,11.71,0
321,PATUSER_030,patient,view_own_record,5e236a28-42bb-348c-3267-03ed1a052b40,2026-05-16 08:35:28,medical_record,MEDICAL_RECORD_4643,6,1,0,0.0,1.79,0,0,69.12,0
322,DOC_009,doctor,view_record,2925a752-da6a-ef1f-31aa-68b0c2ff5027,2026-03-29 02:28:18,medical_record,MEDICAL_RECORD_2085,12,12,1,0.03,1.357,0,0,10.5,0
323,NUR_005,nurse,view_appointment,e126e379-083f-ea08-0358-303361acf072,2026-03-26 01:31:38,appointment,APPOINTMENT_2616,11,25,1,0.02,1.577,0,0,17.93,0
324,DOC_014,doctor,view_record,4ca3be26-4f97-27f0-32fa-6ea155eba23a,2026-04-05 12:19:51,medical_record,MEDICAL_RECORD_9123,20,14,0,0.15,1.846,0,0,52.15,0
325,PATUSER_024,patient,view_own_record,717861a2-ab2b-2d2a-6a8f-6388dbff69d2,2026-04-18 04:44:58,medical_record,MEDICAL_RECORD_8793,5,3,1,0.0,1.906,0,0,27.97,0
326,PATUSER_019,patient,view_own_record,668a10b4-c005-0df3-522e-b068e0d29ea9,2026-04-01 00:35:54,medical_record,MEDICAL_RECORD_5563,6,2,1,0.0,1.95,0,0,32.75,0
327,PATUSER_024,patient,view_queue,4ca3be26-4f97-27f0-32fa-6ea155eba23a,2026-04-16 09:57:11,queue,QUEUE_4781,5,2,0,0.0,1.761,0,0,61.07,0
328,PATUSER_016,patient,view_own_record,a8bef5c2-6743-79e8-8477-bc3b6244c334,2026-04-05 00:51:07,medical_record,MEDICAL_RECORD_9157,1,3,1,0.0,1.975,0,0,9.78,0
329,PATUSER_007,patient,view_own_record,3c6d02df-84f2-f9e2-8e09-852349757293,2026-04-21 09:23:27,medical_record,MEDICAL_RECORD_3689,3,3,0,0.0,1.846,0,0,71.68,0
330,PATUSER_007,patient,view_queue,843d8b33-f833-1324-2aa6-e07c91e49204,2026-05-06 05:02:12,queue,QUEUE_1461,6,2,1,0.0,1.738,0,0,12.66,0
331,PATUSER_013,patient,update_diagnosis,4f74c441-7628-4f98-82a7-f4c99d926736,2026-04-14 18:50:35,condition,CONDITION_2391,57,71,0,0.89,2.113,0,1,349.56,1
332,PATUSER_020,patient,view_audit,10751dec-9152-b658-beeb-ba433fbb9213,2026-05-05 19:21:56,audit,AUDIT_2639,42,41,0,0.71,1.825,1,1,217.84,1
333,PATUSER_020,patient,book_appointment,12a088f3-264b-6a9f-9a57-678747110969,2026-05-03 05:45:52,appointment,APPOINTMENT_5871,4,3,1,0.0,1.95,0,0,51.72,0
334,PATUSER_012,patient,view_own_record,a2ff83e0-2cc0-50a4-b008-52a1add72ced,2026-05-01 03:47:46,medical_record,MEDICAL_RECORD_5116,5,3,1,0.0,1.884,0,0,55.24,0
335,PATUSER_015,patient,book_appointment,e94fc8e2-b867-5164-0607-5e5eb581b150,2026-04-30 10:57:42,appointment,APPOINTMENT_8133,5,1,0,0.0,1.79,0,0,48.95,0
336,PATUSER_002,patient,cancel_appointment,d20dc49f-5674-961e-a123-6e3000654b95,2026-05-05 01:36:45,appointment,APPOINTMENT_7914,6,1,1,0.0,1.884,0,0,23.69,0
337,PATUSER_017,patient,cancel_appointment,2b31de7e-3596-37c7-1d46-db12d82e73ef,2026-05-06 04:01:40,appointment,APPOINTMENT_2375,2,2,1,0.0,1.5,0,0,23.09,0
338,NUR_006,nurse,update_queue,3844e0c5-14c7-8f87-19b0-8f769b3bdd70,2026-04-09 01:34:05,appointment,APPOINTMENT_3003,21,17,1,0.08,1.922,0,0,32.78,0
339,PATUSER_025,patient,book_appointment,8c562216-cb73-0829-2fa4-123468939df6,2026-05-23 05:53:42,appointment,APPOINTMENT_7690,5,3,1,0.0,1.371,0,0,57.39,0
340,NUR_002,nurse,update_vitals,e126e379-083f-ea08-0358-303361acf072,2026-04-24 01:09:44,observation,OBSERVATION_1570,23,23,1,0.04,1.459,0,0,27.15,0
341,PATUSER_029,patient,cancel_appointment,21adc8c0-7e1e-5167-1ac1-5449a6a2c73f,2026-05-04 01:10:52,appointment,APPOINTMENT_7438,6,3,1,0.0,1.922,0,0,43.69,0
342,NUR_002,nurse,view_appointment,2faf5170-7c17-9c76-c091-5349b5ecad23,2026-05-20 04:18:18,appointment,APPOINTMENT_8718,17,12,1,0.1,1.5,0,0,35.72,0
343,PATUSER_023,patient,book_appointment,a2ff83e0-2cc0-50a4-b008-52a1add72ced,2026-05-08 05:43:01,appointment,APPOINTMENT_1050,6,2,1,0.0,1.891,0,0,62.42,0
344,PATUSER_001,patient,book_appointment,c95c96d5-ac6e-6ab6-143b-6da3e3923f39,2026-05-18 05:05:12,appointment,APPOINTMENT_2382,3,3,1,0.0,1.53,0,0,16.05,0
345,PATUSER_002,patient,book_appointment,1f534514-2f45-191e-04b4-ad9e93bdf422,2026-05-22 06:31:58,appointment,APPOINTMENT_7028,4,3,0,0.0,1.906,0,0,71.37,0
346,DOC_011,doctor,view_observation,4f0c6acb-066b-1f8d-228d-5e5a973d1fef,2026-04-01 01:41:14,observation,OBSERVATION_4385,5,16,1,0.17,1.379,0,0,62.91,0
347,PATUSER_014,patient,book_appointment,cc4e166f-53eb-f57b-fb9c-72dddeeb448f,2026-03-26 04:44:45,appointment,APPOINTMENT_7935,6,3,1,0.0,1.884,0,0,17.63,0
348,PATUSER_023,patient,book_appointment,4ca3be26-4f97-27f0-32fa-6ea155eba23a,2026-04-24 02:24:51,appointment,APPOINTMENT_9253,1,3,1,0.0,1.95,0,0,28.3,0
349,PATUSER_007,patient,book_appointment,d998bd61-bed8-3eb5-dcb5-297579cf936f,2026-04-10 07:33:49,appointment,APPOINTMENT_5312,2,1,0,0.0,1.459,0,0,42.13,0
350,PATUSER_015,patient,view_queue,e94fc8e2-b867-5164-0607-5e5eb581b150,2026-05-12 04:36:04,queue,QUEUE_8653,5,2,1,0.0,1.79,0,0,16.55,0
351,PATUSER_003,patient,view_queue,2925a752-da6a-ef1f-31aa-68b0c2ff5027,2026-04-23 07:57:36,queue,QUEUE_3959,1,2,0,0.0,1.918,0,0,54.63,0
352,PATUSER_029,patient,view_own_record,b09b332a-a8b1-5541-6855-d6420f922505,2026-04-27 09:16:05,medical_record,MEDICAL_RECORD_7120,3,3,0,0.0,1.761,0,0,46.0,0
353,PATUSER_013,patient,view_queue,717861a2-ab2b-2d2a-6a8f-6388dbff69d2,2026-04-23 02:06:46,queue,QUEUE_6323,3,1,1,0.0,1.5,1,0,37.22,0
354,PATUSER_022,patient,cancel_appointment,3844e0c5-14c7-8f87-19b0-8f769b3bdd70,2026-04-14 10:17:32,appointment,APPOINTMENT_3916,2,1,0,0.0,1.522,0,0,61.11,0
355,NUR_001,nurse,view_appointment,cc4e166f-53eb-f57b-fb9c-72dddeeb448f,2026-05-05 07:15:10,appointment,APPOINTMENT_3151,10,6,0,0.1,0.971,0,0,59.56,0
356,ADM_001,admin,update_schedule,21adc8c0-7e1e-5167-1ac1-5449a6a2c73f,2026-03-30 06:14:56,schedule,SCHEDULE_3540,10,3,0,0.05,1.837,0,0,38.35,0
357,PATUSER_007,patient,view_queue,d20dc49f-5674-961e-a123-6e3000654b95,2026-04-13 10:35:37,queue,QUEUE_9366,5,1,0,0.0,1.75,0,0,35.61,0
358,PATUSER_003,patient,cancel_appointment,c72a8c6e-1dfd-0a8b-20e7-066eadd4931c,2026-05-01 07:32:18,appointment,APPOINTMENT_3985,6,3,0,0.0,2.0,0,0,22.74,0
359,PATUSER_029,patient,view_queue,1c39de5b-289a-3a1a-669b-2f756efb8bcb,2026-05-12 02:08:57,queue,QUEUE_8107,4,3,1,0.0,1.906,0,0,46.1,0
360,PATUSER_010,patient,view_audit,4ca3be26-4f97-27f0-32fa-6ea155eba23a,2026-05-18 20:09:16,audit,AUDIT_1260,42,20,0,0.71,2.163,1,1,258.05,1
361,PATUSER_020,patient,view_queue,c5d42b3b-72de-b953-545d-1de4cf59d279,2026-05-17 01:07:23,queue,QUEUE_8295,2,2,1,0.0,1.855,0,0,50.48,0
362,PATUSER_007,patient,view_queue,f84719a0-d28d-ec20-64a8-a17992dcd9ac,2026-03-28 07:47:29,queue,QUEUE_1994,5,1,0,0.0,1.357,0,0,44.86,0
363,PATUSER_009,patient,view_audit,2b31de7e-3596-37c7-1d46-db12d82e73ef,2026-03-31 20:58:08,audit,AUDIT_8178,55,55,0,0.67,2.197,1,1,245.14,1
364,DOC_015,doctor,view_observation,054e161c-d33f-0970-2018-1f19582e0813,2026-05-17 10:10:10,observation,OBSERVATION_2653,15,17,0,0.03,1.617,0,0,54.8,0
365,PATUSER_026,patient,view_own_record,d7b30817-a7e4-d7c5-8582-63d251b6f98c,2026-04-16 08:22:45,medical_record,MEDICAL_RECORD_2867,3,1,0,0.0,1.792,0,0,8.29,0
366,PATUSER_015,patient,cancel_appointment,754c6983-a899-1c3c-f51d-2af172b88b91,2026-05-13 08:29:18,appointment,APPOINTMENT_2669,2,2,0,0.0,1.75,0,0,28.82,0
367,PATUSER_028,patient,cancel_appointment,79402472-6884-1aca-759a-a23f36ee8dca,2026-04-04 09:12:47,appointment,APPOINTMENT_1107,1,1,0,0.0,1.981,0,0,65.96,0
368,NUR_001,nurse,update_vitals,c95c96d5-ac6e-6ab6-143b-6da3e3923f39,2026-04-17 08:07:11,observation,OBSERVATION_7706,18,15,0,0.06,0.918,0,0,31.07,0
369,PATUSER_005,patient,view_own_record,a2ff83e0-2cc0-50a4-b008-52a1add72ced,2026-05-09 09:18:02,medical_record,MEDICAL_RECORD_8111,6,2,0,0.0,1.922,0,0,35.98,0
370,DOC_004,doctor,update_diagnosis,d1838618-2a96-9761-0b8d-89a92a022bcc,2026-04-20 00:52:25,condition,CONDITION_4360,9,4,1,0.22,1.75,0,0,60.93,0
371,PATUSER_010,patient,view_queue,073b376b-9659-3e78-c6a6-a08b74d710da,2026-05-13 09:39:25,queue,QUEUE_9527,6,2,0,0.0,1.922,0,0,67.14,0
372,PATUSER_010,patient,book_appointment,c5d42b3b-72de-b953-545d-1de4cf59d279,2026-03-26 01:28:25,appointment,APPOINTMENT_3043,5,3,1,0.0,1.784,0,0,28.85,0
373,PATUSER_004,patient,book_appointment,7bbc22dd-2b36-8b49-3bcc-14c25dafd13e,2026-04-16 11:45:47,appointment,APPOINTMENT_2342,1,2,0,0.0,1.884,0,0,21.53,0
374,DOC_006,doctor,view_observation,1c39de5b-289a-3a1a-669b-2f756efb8bcb,2026-04-30 18:02:02,observation,OBSERVATION_9286,65,33,0,0.8,0.811,1,0,323.05,1
375,DOC_009,doctor,create_prescription,dd0de87d-2596-9c38-a834-6f5246a48a51,2026-04-29 07:50:27,prescription,PRESCRIPTION_5816,9,6,0,0.15,1.738,0,0,7.28,0
376,PATUSER_007,patient,view_audit,b09b332a-a8b1-5541-6855-d6420f922505,2026-05-19 17:44:42,audit,AUDIT_7181,44,70,0,0.84,1.868,0,1,401.05,1
377,PATUSER_006,patient,view_queue,465dd060-e77a-9924-0d7a-75d52d39a714,2026-05-06 09:54:38,queue,QUEUE_5544,2,1,0,0.0,1.658,0,0,37.27,0
378,PATUSER_017,patient,cancel_appointment,2b31de7e-3596-37c7-1d46-db12d82e73ef,2026-04-29 03:07:36,appointment,APPOINTMENT_5018,6,1,1,0.0,1.784,0,0,60.73,0
379,PATUSER_029,patient,view_queue,5e236a28-42bb-348c-3267-03ed1a052b40,2026-05-01 09:29:00,queue,QUEUE_2878,4,1,0,0.0,1.837,0,0,47.48,0
380,DOC_007,doctor,view_observation,07052ffe-5096-f813-923b-f3a32be34399,2026-05-07 04:36:32,observation,OBSERVATION_6243,9,8,1,0.06,1.459,0,0,26.48,0
381,DOC_010,doctor,create_prescription,668a10b4-c005-0df3-522e-b068e0d29ea9,2026-05-12 06:05:06,prescription,PRESCRIPTION_7676,13,15,0,0.21,1.823,0,0,8.63,0
382,PATUSER_016,patient,book_appointment,8db9c819-1c0b-c9a9-3e31-4b85f52201d2,2026-05-12 01:02:10,appointment,APPOINTMENT_3332,3,3,1,0.0,1.918,0,0,52.26,0
383,ADM_002,admin,update_schedule,88f931d5-4cfa-4be9-c6be-738d5fc8c215,2026-03-27 02:27:21,schedule,SCHEDULE_3644,14,3,1,0.05,1.922,0,0,68.8,0
384,PATUSER_023,patient,book_appointment,12a088f3-264b-6a9f-9a57-678747110969,2026-05-10 02:01:46,appointment,APPOINTMENT_6269,3,1,1,0.0,1.379,0,0,13.61,0
385,NUR_007,nurse,update_vitals,9e25d332-9229-0803-ad9f-ca235142458e,2026-03-25 10:23:29,observation,OBSERVATION_6864,18,6,0,0.11,1.361,0,0,69.56,0
386,ADM_003,admin,manage_user,f2df6bf3-460e-f410-cac9-472739e5df85,2026-05-11 11:28:17,user,USER_5599,2,1,0,0.05,1.837,0,0,36.12,0
387,PATUSER_007,patient,view_queue,10751dec-9152-b658-beeb-ba433fbb9213,2026-04-01 12:21:46,queue,QUEUE_4143,5,1,0,0.0,1.792,1,0,73.9,0
388,PATUSER_030,patient,view_queue,a8bef5c2-6743-79e8-8477-bc3b6244c334,2026-03-25 11:54:10,queue,QUEUE_5489,6,3,0,0.0,0.811,0,0,52.65,0
389,DOC_008,doctor,view_record,2d457e3d-90cb-357e-f7e0-3014068d2f29,2026-04-11 08:24:55,medical_record,MEDICAL_RECORD_5095,20,14,0,0.11,1.859,0,0,55.49,0
390,DOC_013,doctor,update_diagnosis,9b5ce034-80bf-4c6b-f400-3a89fc0d135b,2026-05-17 04:42:44,condition,CONDITION_2401,7,6,1,0.01,1.936,0,0,6.68,0
391,DOC_004,doctor,view_record,7bbc22dd-2b36-8b49-3bcc-14c25dafd13e,2026-04-13 07:06:09,medical_record,MEDICAL_RECORD_7249,15,5,0,0.17,0.722,0,0,61.17,0
392,PATUSER_001,patient,view_queue,4f74c441-7628-4f98-82a7-f4c99d926736,2026-04-18 06:56:19,queue,QUEUE_9337,2,3,0,0.0,1.834,0,0,48.68,0
393,NUR_002,nurse,update_queue,8db9c819-1c0b-c9a9-3e31-4b85f52201d2,2026-04-13 08:03:56,appointment,APPOINTMENT_1132,27,20,0,0.02,1.352,0,0,8.08,0
394,PATUSER_009,patient,view_own_record,1f534514-2f45-191e-04b4-ad9e93bdf422,2026-04-21 10:48:41,medical_record,MEDICAL_RECORD_6499,2,1,0,0.0,1.95,0,0,62.34,0
395,PATUSER_015,patient,view_own_record,6383af50-c8f6-0c22-1dd4-6ee2be572cb1,2026-04-25 05:41:27,medical_record,MEDICAL_RECORD_7158,2,1,1,0.0,1.842,0,0,60.24,0
396,DOC_014,doctor,update_diagnosis,d1838618-2a96-9761-0b8d-89a92a022bcc,2026-04-22 00:39:09,condition,CONDITION_3855,16,3,1,0.02,1.53,0,0,13.06,0
397,NUR_007,nurse,register_walkin,4ca3be26-4f97-27f0-32fa-6ea155eba23a,2026-05-17 04:09:37,appointment,APPOINTMENT_4934,13,12,1,0.0,1.922,0,0,68.75,0
398,ADM_002,admin,view_audit,0e697a7b-149b-602d-af6f-7e76ca18c5d7,2026-04-01 10:36:25,audit,AUDIT_1756,4,8,0,0.1,1.95,0,0,66.72,0
399,PATUSER_024,patient,view_own_record,0e697a7b-149b-602d-af6f-7e76ca18c5d7,2026-05-04 04:16:46,medical_record,MEDICAL_RECORD_6272,5,2,1,0.0,1.825,0,0,27.94,0
400,PATUSER_021,patient,view_queue,fb36d3d9-666c-c4c2-bb96-c9195538d4df,2026-05-04 12:25:19,queue,QUEUE_8406,4,3,0,0.0,0.811,0,0,38.16,0
401,NUR_001,nurse,register_walkin,8e21cb1f-b016-dda9-1d06-c920c24a0b37,2026-04-02 05:14:34,appointment,APPOINTMENT_7021,21,18,1,0.07,1.686,0,0,31.19,0
402,PATUSER_027,patient,view_own_record,9e25d332-9229-0803-ad9f-ca235142458e,2026-04-16 05:23:34,medical_record,MEDICAL_RECORD_6394,4,1,1,0.0,1.5,0,0,21.37,0
403,NUR_002,nurse,view_appointment,20f1f5b5-38be-6554-7a24-9fcc8d4bd6c4,2026-03-25 11:15:48,appointment,APPOINTMENT_4438,16,12,0,0.08,1.753,0,0,74.89,0
404,PATUSER_006,patient,view_own_record,4f74c441-7628-4f98-82a7-f4c99d926736,2026-04-14 10:20:41,medical_record,MEDICAL_RECORD_9188,5,2,0,0.0,1.971,0,0,37.3,0
405,PATUSER_027,patient,view_queue,ea7deb48-7fa5-3406-28b9-051b0c18d363,2026-05-12 06:16:13,queue,QUEUE_7247,3,1,0,0.0,2.0,0,0,53.0,0
406,DOC_014,doctor,view_observation,a24f1dcf-ef87-f609-183a-d00bcc9b7292,2026-05-04 02:23:48,observation,OBSERVATION_4058,22,15,1,0.04,1.459,0,0,44.87,0
407,DOC_013,doctor,view_observation,1290bba5-c164-4273-9694-c3ce92270ef2,2026-03-27 19:50:02,observation,OBSERVATION_3115,53,33,0,0.73,1.792,1,0,277.32,1
408,PATUSER_010,patient,book_appointment,12a088f3-264b-6a9f-9a57-678747110969,2026-05-19 11:39:48,appointment,APPOINTMENT_7541,1,2,0,0.0,1.859,0,0,65.6,0
409,PATUSER_014,patient,view_own_record,2b31de7e-3596-37c7-1d46-db12d82e73ef,2026-05-11 08:31:47,medical_record,MEDICAL_RECORD_4005,3,3,0,0.0,1.79,0,0,37.21,0
410,PATUSER_020,patient,cancel_appointment,9e25d332-9229-0803-ad9f-ca235142458e,2026-05-20 07:07:03,appointment,APPOINTMENT_7041,6,1,0,0.0,1.922,0,0,65.94,0
411,DOC_005,doctor,view_observation,a8bef5c2-6743-79e8-8477-bc3b6244c334,2026-03-26 08:31:09,observation,OBSERVATION_6359,15,16,0,0.1,1.971,0,0,40.42,0
412,PATUSER_018,patient,view_queue,f2df6bf3-460e-f410-cac9-472739e5df85,2026-04-02 07:57:21,queue,QUEUE_3034,4,1,0,0.0,1.918,0,0,50.99,0
413,PATUSER_010,patient,book_appointment,219c0f88-2190-9af2-4122-bcf1c4f4a0bf,2026-04-22 02:48:40,appointment,APPOINTMENT_9566,1,3,1,0.0,1.5,0,0,52.42,0
414,PATUSER_017,patient,view_own_record,83948281-33ad-4a11-0a3d-04484caf2ab9,2026-03-28 11:15:53,medical_record,MEDICAL_RECORD_7908,1,2,0,0.0,1.449,0,0,36.08,0
415,DOC_002,doctor,create_prescription,2b31de7e-3596-37c7-1d46-db12d82e73ef,2026-05-10 05:36:31,prescription,PRESCRIPTION_6842,11,5,1,0.05,1.888,0,0,60.78,0
416,NUR_006,nurse,view_appointment,df4576f2-f38f-02c0-b20f-6153754c41a6,2026-05-05 07:05:52,appointment,APPOINTMENT_2668,28,16,0,0.0,1.522,0,0,20.41,0
417,PATUSER_021,patient,view_queue,e60a6ecc-5639-5800-4bf2-8e8a2865e55c,2026-05-07 10:26:18,queue,QUEUE_6490,2,2,0,0.0,1.918,0,0,46.99,0
418,DOC_002,doctor,view_record,dd0de87d-2596-9c38-a834-6f5246a48a51,2026-04-08 09:28:08,medical_record,MEDICAL_RECORD_9171,19,15,0,0.11,1.811,0,0,40.24,0
419,NUR_004,nurse,update_vitals,219c0f88-2190-9af2-4122-bcf1c4f4a0bf,2026-05-11 07:22:50,observation,OBSERVATION_6615,14,7,0,0.03,1.906,0,0,74.2,0
420,NUR_001,nurse,update_vitals,a8bef5c2-6743-79e8-8477-bc3b6244c334,2026-04-27 00:46:40,observation,OBSERVATION_4153,29,13,1,0.1,1.0,0,0,20.57,0
421,DOC_004,doctor,create_prescription,e94fc8e2-b867-5164-0607-5e5eb581b150,2026-04-09 02:58:34,prescription,PRESCRIPTION_4299,11,7,1,0.02,1.435,0,0,63.19,0
422,NUR_003,nurse,update_vitals,b3c9a883-40ea-1452-7b76-62e552e033d2,2026-05-12 07:36:21,observation,OBSERVATION_5918,10,17,0,0.05,0.811,0,0,35.9,0
423,PATUSER_014,patient,view_queue,4ca3be26-4f97-27f0-32fa-6ea155eba23a,2026-04-12 08:51:04,queue,QUEUE_9051,6,1,0,0.0,1.936,0,0,37.46,0
424,PATUSER_001,patient,view_own_record,3c6d02df-84f2-f9e2-8e09-852349757293,2026-04-20 07:22:31,medical_record,MEDICAL_RECORD_7947,6,2,0,0.0,1.971,0,0,26.55,0
425,PATUSER_023,patient,book_appointment,d20dc49f-5674-961e-a123-6e3000654b95,2026-04-10 08:04:58,appointment,APPOINTMENT_2512,1,2,0,0.0,1.459,0,0,52.35,0
426,PATUSER_017,patient,book_appointment,4f74c441-7628-4f98-82a7-f4c99d926736,2026-05-20 06:53:39,appointment,APPOINTMENT_3338,4,3,0,0.0,1.906,0,0,68.07,0
427,NUR_003,nurse,register_walkin,2b31de7e-3596-37c7-1d46-db12d82e73ef,2026-03-29 12:16:13,appointment,APPOINTMENT_9234,20,15,0,0.0,1.73,0,0,39.42,0
428,DOC_008,doctor,update_diagnosis,a8bef5c2-6743-79e8-8477-bc3b6244c334,2026-05-21 04:21:55,condition,CONDITION_8829,10,9,1,0.01,1.738,0,0,58.14,0
429,PATUSER_007,patient,view_own_record,c5d42b3b-72de-b953-545d-1de4cf59d279,2026-03-31 01:40:02,medical_record,MEDICAL_RECORD_8753,1,1,1,0.0,1.5,0,0,71.86,0
430,PATUSER_024,patient,cancel_appointment,7bbc22dd-2b36-8b49-3bcc-14c25dafd13e,2026-05-16 06:41:52,appointment,APPOINTMENT_1420,3,2,0,0.0,1.895,0,0,29.02,0
431,PATUSER_014,patient,view_queue,8e21cb1f-b016-dda9-1d06-c920c24a0b37,2026-05-03 09:10:11,queue,QUEUE_7556,3,3,0,0.0,1.959,0,0,22.4,0
432,PATUSER_023,patient,view_queue,235bd53d-07f7-5874-c952-5126acfab01e,2026-05-06 02:21:13,queue,QUEUE_3753,3,2,1,0.0,1.971,0,0,70.9,0
433,PATUSER_004,patient,view_own_record,1290bba5-c164-4273-9694-c3ce92270ef2,2026-03-31 07:54:14,medical_record,MEDICAL_RECORD_8803,6,3,0,0.0,1.792,0,0,19.81,0
434,PATUSER_018,patient,cancel_appointment,054e161c-d33f-0970-2018-1f19582e0813,2026-05-19 02:41:28,appointment,APPOINTMENT_2460,5,3,1,0.0,1.95,0,0,11.33,0
435,NUR_007,nurse,register_walkin,2d457e3d-90cb-357e-f7e0-3014068d2f29,2026-04-13 03:30:06,appointment,APPOINTMENT_2746,11,24,1,0.04,1.95,0,0,71.78,0
436,PATUSER_001,patient,view_audit,717861a2-ab2b-2d2a-6a8f-6388dbff69d2,2026-05-06 19:55:38,audit,AUDIT_4534,55,29,0,0.92,2.156,1,1,371.16,1
437,PATUSER_007,patient,book_appointment,4642b627-0caa-32c4-a7cd-87689252d332,2026-05-08 07:13:32,appointment,APPOINTMENT_9977,1,2,0,0.0,1.918,0,0,55.17,0
438,PATUSER_001,patient,cancel_appointment,e7fccc97-5df9-b27f-8322-44fd5b624936,2026-04-12 11:11:28,appointment,APPOINTMENT_5769,4,2,0,0.0,1.959,0,0,32.37,0
439,DOC_010,doctor,create_prescription,dd55f477-af88-4543-f8c0-dca25a96c4cb,2026-04-18 11:54:12,prescription,PRESCRIPTION_3943,11,3,0,0.08,2.0,0,0,12.14,0
440,DOC_004,doctor,view_record,465dd060-e77a-9924-0d7a-75d52d39a714,2026-04-01 08:41:54,medical_record,MEDICAL_RECORD_7018,15,16,0,0.21,1.75,0,0,33.28,0
441,DOC_001,doctor,view_observation,7225d50f-9363-214e-02d6-3fdc2a246bdc,2026-04-11 02:11:16,observation,OBSERVATION_7451,8,18,1,0.14,1.922,0,0,20.75,0
442,PATUSER_011,patient,view_own_record,e94fc8e2-b867-5164-0607-5e5eb581b150,2026-05-12 09:14:42,medical_record,MEDICAL_RECORD_6149,4,1,0,0.0,1.522,0,0,45.93,0
443,DOC_008,doctor,view_record,3408cffd-cbea-0de1-e3a8-8b0b86bb5637,2026-03-29 20:34:01,medical_record,MEDICAL_RECORD_3291,48,61,0,0.7,1.975,1,0,197.03,1
444,PATUSER_012,patient,view_own_record,cc4e166f-53eb-f57b-fb9c-72dddeeb448f,2026-05-06 06:18:31,medical_record,MEDICAL_RECORD_4526,5,2,0,0.0,1.5,0,0,40.74,0
445,DOC_009,doctor,update_diagnosis,d1e9c67e-e701-dbf5-aa21-bb9ae3751b97,2026-04-10 03:51:10,condition,CONDITION_7097,23,14,1,0.06,1.971,0,0,34.54,0
446,PATUSER_012,patient,view_queue,dda456b9-cd60-e91b-8a88-fd381a9e4611,2026-04-18 08:28:07,queue,QUEUE_2080,5,1,0,0.0,1.522,0,0,15.74,0
447,NUR_007,nurse,register_walkin,9b5ce034-80bf-4c6b-f400-3a89fc0d135b,2026-04-18 05:40:53,appointment,APPOINTMENT_9666,18,14,1,0.02,1.922,0,0,24.16,0
448,ADM_001,admin,update_schedule,7f857501-0257-2c7f-2e8f-9886705681f3,2026-04-05 04:49:20,schedule,SCHEDULE_7064,10,4,1,0.06,1.918,0,0,16.95,0
449,PATUSER_021,patient,cancel_appointment,910f9d72-b5f2-60bf-8302-274ac5d74635,2026-05-15 10:56:01,appointment,APPOINTMENT_2476,5,2,0,0.0,1.75,0,0,17.82,0
450,PATUSER_016,patient,update_diagnosis,f5de0af7-bfb4-270e-8175-e12515583ea8,2026-04-12 16:02:28,condition,CONDITION_9156,50,80,0,0.68,1.5,1,1,137.22,1
451,PATUSER_008,patient,book_appointment,6383af50-c8f6-0c22-1dd4-6ee2be572cb1,2026-05-22 11:20:16,appointment,APPOINTMENT_3184,5,3,0,0.0,1.761,0,0,5.97,0
452,PATUSER_008,patient,view_own_record,dda456b9-cd60-e91b-8a88-fd381a9e4611,2026-04-15 01:25:12,medical_record,MEDICAL_RECORD_9446,4,2,1,0.0,1.888,0,0,31.13,0
453,PATUSER_028,patient,view_queue,f84719a0-d28d-ec20-64a8-a17992dcd9ac,2026-04-15 07:45:51,queue,QUEUE_6808,5,2,0,0.0,1.5,0,0,5.41,0
454,DOC_001,doctor,view_observation,671064b5-039b-51a8-7e40-8e6baa0a7e35,2026-03-25 07:36:18,observation,OBSERVATION_3984,11,5,0,0.12,0.985,0,0,33.75,0
455,PATUSER_010,patient,cancel_appointment,d7b30817-a7e4-d7c5-8582-63d251b6f98c,2026-05-11 01:53:29,appointment,APPOINTMENT_7898,4,3,1,0.0,1.95,0,0,16.33,0
456,PATUSER_023,patient,cancel_appointment,392c8ae6-3c3b-1ff7-c35c-4e64946db9b6,2026-04-01 00:53:00,appointment,APPOINTMENT_6638,2,3,1,0.0,1.936,0,0,38.55,0
457,PATUSER_008,patient,update_diagnosis,3408cffd-cbea-0de1-e3a8-8b0b86bb5637,2026-05-11 15:26:56,condition,CONDITION_5087,50,23,0,0.87,2.156,1,1,248.9,1
458,NUR_003,nurse,register_walkin,e8b56457-438e-7a2e-04ee-e0b2ec149f61,2026-05-08 05:13:01,appointment,APPOINTMENT_5486,30,13,1,0.08,1.449,0,0,38.17,0
459,DOC_013,doctor,update_diagnosis,a992fe7d-cd9b-0ace-6e0b-f6f0b5f01fc3,2026-05-08 07:06:43,condition,CONDITION_6956,5,9,0,0.02,1.585,0,0,33.51,0
460,NUR_003,nurse,register_walkin,19e9c5a5-4114-0f95-e5e8-29cd6749d4e1,2026-05-06 12:13:49,appointment,APPOINTMENT_6956,21,13,0,0.04,1.906,0,0,7.86,0
461,NUR_007,nurse,view_appointment,d1838618-2a96-9761-0b8d-89a92a022bcc,2026-05-11 02:17:52,appointment,APPOINTMENT_4160,29,6,1,0.08,1.855,0,0,14.12,0
462,PATUSER_021,patient,view_queue,2925a752-da6a-ef1f-31aa-68b0c2ff5027,2026-05-12 01:39:03,queue,QUEUE_6690,1,3,1,0.0,1.918,0,0,26.1,0
463,ADM_002,admin,view_audit,744a7169-4e89-61ff-27f2-3c736abf4368,2026-04-04 12:04:46,audit,AUDIT_9110,3,6,0,0.01,1.792,0,0,70.19,0
464,PATUSER_019,patient,view_queue,dd0de87d-2596-9c38-a834-6f5246a48a51,2026-04-19 09:04:46,queue,QUEUE_9254,1,1,0,0.0,1.585,0,0,40.65,0
465,PATUSER_021,patient,view_own_record,ea7deb48-7fa5-3406-28b9-051b0c18d363,2026-04-04 04:40:31,medical_record,MEDICAL_RECORD_1844,3,1,1,0.0,1.557,0,0,23.8,0
466,PATUSER_017,patient,cancel_appointment,392c8ae6-3c3b-1ff7-c35c-4e64946db9b6,2026-04-14 03:32:14,appointment,APPOINTMENT_4592,5,1,1,0.0,1.75,1,0,29.32,0
467,PATUSER_022,patient,view_own_record,a992fe7d-cd9b-0ace-6e0b-f6f0b5f01fc3,2026-05-10 03:14:13,medical_record,MEDICAL_RECORD_3550,3,1,1,0.0,1.906,0,0,73.51,0
468,PATUSER_004,patient,view_queue,2d457e3d-90cb-357e-f7e0-3014068d2f29,2026-04-05 11:55:40,queue,QUEUE_6081,4,2,0,0.0,1.918,0,0,38.53,0
469,DOC_011,doctor,view_observation,3eee4689-2d02-6ec9-c257-42b3adfdcd70,2026-03-31 07:13:02,observation,OBSERVATION_1339,24,9,0,0.02,0.811,0,0,22.17,0
470,DOC_008,doctor,view_record,9b5ce034-80bf-4c6b-f400-3a89fc0d135b,2026-05-14 10:27:19,medical_record,MEDICAL_RECORD_4994,6,7,0,0.05,1.959,0,0,14.98,0
471,DOC_004,doctor,view_record,2b31de7e-3596-37c7-1d46-db12d82e73ef,2026-04-26 05:23:22,medical_record,MEDICAL_RECORD_7314,22,6,1,0.0,1.459,0,0,43.12,0
472,DOC_010,doctor,view_observation,9b5ce034-80bf-4c6b-f400-3a89fc0d135b,2026-04-04 04:33:43,observation,OBSERVATION_3475,12,15,1,0.15,1.406,0,0,68.11,0
473,DOC_012,doctor,update_diagnosis,10751dec-9152-b658-beeb-ba433fbb9213,2026-05-03 06:18:47,condition,CONDITION_2251,24,8,0,0.15,0.722,0,0,51.71,0
474,PATUSER_026,patient,update_diagnosis,2d457e3d-90cb-357e-f7e0-3014068d2f29,2026-05-13 18:16:59,condition,CONDITION_2481,84,61,0,0.7,2.322,0,1,237.18,1
475,NUR_006,nurse,update_vitals,392c8ae6-3c3b-1ff7-c35c-4e64946db9b6,2026-05-02 03:17:09,observation,OBSERVATION_9724,20,17,1,0.04,0.65,0,0,53.54,0
476,PATUSER_010,patient,book_appointment,19e9c5a5-4114-0f95-e5e8-29cd6749d4e1,2026-05-08 06:31:44,appointment,APPOINTMENT_8764,1,3,0,0.0,1.5,0,0,41.89,0
477,DOC_009,doctor,update_diagnosis,d1838618-2a96-9761-0b8d-89a92a022bcc,2026-04-23 00:36:22,condition,CONDITION_7958,16,14,1,0.19,1.685,0,0,62.33,0
478,ADM_002,admin,view_audit,bfb0d055-557b-4579-1a3b-78cc2ead82c9,2026-04-02 16:49:38,audit,AUDIT_3295,77,57,0,0.67,1.557,1,0,381.14,1
479,PATUSER_023,patient,view_own_record,21b4ddc5-081e-1ecd-3573-f2ea42677b66,2026-04-12 04:33:38,medical_record,MEDICAL_RECORD_7494,4,2,1,0.0,1.0,0,0,36.08,0
480,PATUSER_029,patient,cancel_appointment,7225d50f-9363-214e-02d6-3fdc2a246bdc,2026-05-09 07:40:56,appointment,APPOINTMENT_7427,5,3,0,0.0,1.906,0,0,69.34,0
481,DOC_012,doctor,view_observation,5dd32bff-9eaf-50ef-db4f-c6065be13792,2026-05-16 08:50:39,observation,OBSERVATION_1459,24,5,0,0.18,1.891,0,0,26.92,0
482,NUR_001,nurse,update_queue,d5d8b210-bca5-a9ce-0711-3d09468bfe47,2026-04-29 08:39:09,appointment,APPOINTMENT_6154,11,8,0,0.03,1.664,1,0,68.68,0
483,DOC_006,doctor,view_observation,7225d50f-9363-214e-02d6-3fdc2a246bdc,2026-05-10 00:48:37,observation,OBSERVATION_3641,16,12,1,0.21,1.753,0,0,27.01,0
484,DOC_010,doctor,create_prescription,21adc8c0-7e1e-5167-1ac1-5449a6a2c73f,2026-04-26 02:00:15,prescription,PRESCRIPTION_4917,7,10,1,0.19,1.891,0,0,50.8,0
485,DOC_014,doctor,view_record,c72a8c6e-1dfd-0a8b-20e7-066eadd4931c,2026-04-03 10:16:24,medical_record,MEDICAL_RECORD_6789,7,7,0,0.12,1.918,0,0,11.82,0
486,DOC_006,doctor,view_observation,dd0de87d-2596-9c38-a834-6f5246a48a51,2026-05-05 16:25:37,observation,OBSERVATION_7769,84,49,0,0.74,1.76,1,0,413.55,1
487,PATUSER_008,patient,book_appointment,b23941a4-269e-2ac4-8ced-75d1ac8b1b1d,2026-05-08 11:19:04,appointment,APPOINTMENT_2195,1,3,0,0.0,1.918,0,0,8.99,0
488,DOC_015,doctor,view_observation,9b5ce034-80bf-4c6b-f400-3a89fc0d135b,2026-03-31 07:31:40,observation,OBSERVATION_8802,7,14,0,0.1,1.846,0,0,68.01,0
489,DOC_008,doctor,view_record,5dd32bff-9eaf-50ef-db4f-c6065be13792,2026-05-02 01:15:53,medical_record,MEDICAL_RECORD_5129,22,7,1,0.21,1.891,0,0,19.94,0
490,PATUSER_016,patient,view_queue,219c0f88-2190-9af2-4122-bcf1c4f4a0bf,2026-05-19 02:53:02,queue,QUEUE_4253,1,2,1,0.0,2.0,0,0,25.88,0
491,ADM_001,admin,view_report,ed1c3b46-34b9-221b-cb10-682e9ed9ddbd,2026-05-22 08:11:05,report,REPORT_6304,9,8,0,0.07,1.5,0,0,53.77,0
492,PATUSER_018,patient,view_queue,bee08b10-0c18-396e-9f8a-03e41691509b,2026-05-23 11:36:00,queue,QUEUE_3059,6,3,0,0.0,1.371,0,0,5.99,0
493,PATUSER_016,patient,view_queue,ad37dc95-561f-9348-6577-eff9b22d47c2,2026-05-08 10:01:18,queue,QUEUE_9177,1,1,0,0.0,1.922,0,0,73.53,0
494,PATUSER_017,patient,cancel_appointment,20f1f5b5-38be-6554-7a24-9fcc8d4bd6c4,2026-04-01 07:25:40,appointment,APPOINTMENT_2435,4,2,0,0.0,1.846,0,0,42.97,0
495,PATUSER_027,patient,view_queue,843d8b33-f833-1324-2aa6-e07c91e49204,2026-05-11 02:15:08,queue,QUEUE_4471,6,1,1,0.0,1.371,0,0,33.79,0
496,DOC_015,doctor,view_observation,1c39de5b-289a-3a1a-669b-2f756efb8bcb,2026-04-20 09:25:21,observation,OBSERVATION_5384,17,6,0,0.04,1.5,0,0,13.71,0
497,PATUSER_018,patient,view_own_record,c5d42b3b-72de-b953-545d-1de4cf59d279,2026-03-25 06:27:38,medical_record,MEDICAL_RECORD_1845,6,1,0,0.0,1.891,1,0,68.63,0
498,PATUSER_027,patient,view_queue,7225d50f-9363-214e-02d6-3fdc2a246bdc,2026-05-21 06:47:02,queue,QUEUE_2527,2,3,0,0.0,1.922,0,0,55.97,0
499,DOC_006,doctor,view_record,1f534514-2f45-191e-04b4-ad9e93bdf422,2026-04-29 16:50:30,medical_record,MEDICAL_RECORD_5505,75,69,0,0.85,1.79,0,0,305.43,1
500,DOC_006,doctor,create_prescription,e8b56457-438e-7a2e-04ee-e0b2ec149f61,2026-04-12 10:43:26,prescription,PRESCRIPTION_7402,5,6,0,0.02,1.922,0,0,13.59,0
501,DOC_007,doctor,view_observation,a8bef5c2-6743-79e8-8477-bc3b6244c334,2026-04-18 01:22:49,observation,OBSERVATION_2920,18,5,1,0.11,1.918,0,0,19.72,0
502,NUR_007,nurse,register_walkin,2d457e3d-90cb-357e-f7e0-3014068d2f29,2026-04-06 08:04:30,appointment,APPOINTMENT_2880,27,25,0,0.07,1.5,0,0,56.92,0
503,DOC_014,doctor,view_observation,d1838618-2a96-9761-0b8d-89a92a022bcc,2026-04-05 17:31:51,observation,OBSERVATION_4242,49,25,0,0.89,1.299,0,0,200.28,1
504,PATUSER_019,patient,cancel_appointment,2925a752-da6a-ef1f-31aa-68b0c2ff5027,2026-04-04 12:16:42,appointment,APPOINTMENT_7126,3,2,0,0.0,1.677,0,0,60.52,0
505,PATUSER_016,patient,view_queue,2b31de7e-3596-37c7-1d46-db12d82e73ef,2026-04-12 08:05:21,queue,QUEUE_4525,2,1,0,0.0,2.0,0,0,22.71,0
506,PATUSER_018,patient,cancel_appointment,c5d42b3b-72de-b953-545d-1de4cf59d279,2026-04-07 02:56:05,appointment,APPOINTMENT_2225,3,1,1,0.0,1.891,1,0,53.18,0
507,PATUSER_012,patient,book_appointment,f5de0af7-bfb4-270e-8175-e12515583ea8,2026-03-28 07:18:00,appointment,APPOINTMENT_3033,6,2,0,0.0,2.0,0,0,27.41,0
508,PATUSER_004,patient,view_own_record,054e161c-d33f-0970-2018-1f19582e0813,2026-05-05 06:17:23,medical_record,MEDICAL_RECORD_7599,5,2,0,0.0,2.0,0,0,6.49,0
509,DOC_003,doctor,view_observation,a82f0145-e797-d65d-bebf-e49dd38bac1e,2026-05-10 08:45:46,observation,OBSERVATION_9082,6,13,0,0.14,1.436,0,0,11.66,0
510,PATUSER_030,patient,view_own_record,e60a6ecc-5639-5800-4bf2-8e8a2865e55c,2026-04-02 01:32:49,medical_record,MEDICAL_RECORD_2815,3,3,1,0.0,1.485,0,0,20.68,0
511,DOC_004,doctor,create_prescription,a8bef5c2-6743-79e8-8477-bc3b6244c334,2026-05-23 01:35:06,prescription,PRESCRIPTION_8320,13,13,1,0.15,1.371,0,0,31.57,0
512,PATUSER_018,patient,cancel_appointment,3408cffd-cbea-0de1-e3a8-8b0b86bb5637,2026-04-14 09:16:15,appointment,APPOINTMENT_4373,2,3,0,0.0,1.379,0,0,39.31,0
513,PATUSER_020,patient,view_audit,4f0c6acb-066b-1f8d-228d-5e5a973d1fef,2026-04-05 19:57:35,audit,AUDIT_4584,38,33,0,0.65,2.236,0,1,260.45,1
514,ADM_002,admin,update_schedule,054e161c-d33f-0970-2018-1f19582e0813,2026-04-04 08:09:48,schedule,SCHEDULE_4941,15,8,0,0.02,1.522,0,0,9.8,0
515,DOC_002,doctor,view_record,054e161c-d33f-0970-2018-1f19582e0813,2026-05-23 03:01:34,medical_record,MEDICAL_RECORD_2602,13,3,1,0.1,1.971,0,0,29.64,0
516,DOC_004,doctor,view_observation,5dd32bff-9eaf-50ef-db4f-c6065be13792,2026-04-27 11:53:35,observation,OBSERVATION_4911,18,9,0,0.06,1.664,0,0,46.58,0
517,DOC_005,doctor,update_diagnosis,4f0c6acb-066b-1f8d-228d-5e5a973d1fef,2026-04-25 04:39:39,condition,CONDITION_3789,12,15,1,0.09,1.837,0,0,56.37,0
518,NUR_006,nurse,update_vitals,073b376b-9659-3e78-c6a6-a08b74d710da,2026-04-21 02:47:30,observation,OBSERVATION_5055,13,16,1,0.11,1.811,0,0,5.89,0
519,PATUSER_006,patient,book_appointment,235bd53d-07f7-5874-c952-5126acfab01e,2026-05-12 00:36:18,appointment,APPOINTMENT_6747,5,3,1,0.0,1.522,0,0,63.48,0
520,PATUSER_010,patient,cancel_appointment,a82f0145-e797-d65d-bebf-e49dd38bac1e,2026-05-09 07:48:26,appointment,APPOINTMENT_8056,3,2,0,0.0,1.988,0,0,62.94,0
521,ADM_002,admin,update_schedule,047f3ed4-bdea-7cd6-6e80-8537a3979cc6,2026-05-20 01:59:40,schedule,SCHEDULE_3014,5,6,1,0.06,1.753,0,0,66.4,0
522,PATUSER_003,patient,book_appointment,a82f0145-e797-d65d-bebf-e49dd38bac1e,2026-04-23 10:09:38,appointment,APPOINTMENT_8436,3,2,0,0.0,1.906,0,0,5.58,0
523,DOC_003,doctor,view_record,054e161c-d33f-0970-2018-1f19582e0813,2026-03-28 09:42:37,medical_record,MEDICAL_RECORD_5764,8,4,0,0.11,1.811,1,0,29.66,0
524,DOC_015,doctor,view_record,f5de0af7-bfb4-270e-8175-e12515583ea8,2026-05-20 18:43:27,medical_record,MEDICAL_RECORD_2402,50,71,0,0.87,1.76,1,0,246.77,1
525,NUR_005,nurse,register_walkin,b4679b26-64ac-c348-6667-1e9093ae866f,2026-04-02 10:59:57,appointment,APPOINTMENT_2448,22,23,0,0.02,1.384,0,0,63.37,0
526,PATUSER_024,patient,cancel_appointment,e1571870-cf37-1c6b-c97f-c4ab9a32b172,2026-03-28 05:15:23,appointment,APPOINTMENT_2387,2,3,1,0.0,1.459,0,0,13.91,0
527,DOC_004,doctor,update_diagnosis,d1838618-2a96-9761-0b8d-89a92a022bcc,2026-05-19 10:29:36,condition,CONDITION_4288,8,13,0,0.13,1.888,0,0,44.58,0
528,DOC_008,doctor,view_record,917ffe5d-46b2-36f1-0de8-35e5ed017fa7,2026-04-23 17:28:22,medical_record,MEDICAL_RECORD_3018,73,76,0,0.69,1.936,0,0,194.16,1
529,PATUSER_003,patient,book_appointment,843d8b33-f833-1324-2aa6-e07c91e49204,2026-04-26 01:14:13,appointment,APPOINTMENT_7018,2,1,1,0.0,1.842,0,0,51.02,0
530,PATUSER_018,patient,book_appointment,3c6d02df-84f2-f9e2-8e09-852349757293,2026-03-26 06:44:58,appointment,APPOINTMENT_3593,6,1,0,0.0,1.95,0,0,61.94,0
531,ADM_001,admin,manage_user,4bab2d0f-4783-619c-46b2-f656667ffb67,2026-05-05 08:35:51,user,USER_3120,5,5,0,0.09,1.826,0,0,40.91,0
532,PATUSER_020,patient,view_own_record,7225d50f-9363-214e-02d6-3fdc2a246bdc,2026-03-26 10:21:15,medical_record,MEDICAL_RECORD_4876,3,3,0,0.0,1.842,0,0,33.26,0
533,DOC_007,doctor,view_record,a8bef5c2-6743-79e8-8477-bc3b6244c334,2026-05-18 03:13:33,medical_record,MEDICAL_RECORD_4206,17,16,1,0.2,1.891,0,0,22.53,0
534,NUR_002,nurse,update_queue,7225d50f-9363-214e-02d6-3fdc2a246bdc,2026-03-30 11:03:30,appointment,APPOINTMENT_6582,17,13,0,0.02,1.842,0,0,61.97,0
535,DOC_012,doctor,update_diagnosis,d1838618-2a96-9761-0b8d-89a92a022bcc,2026-04-16 12:06:26,condition,CONDITION_2280,21,18,0,0.04,1.459,0,0,62.93,0
536,DOC_009,doctor,view_record,671064b5-039b-51a8-7e40-8e6baa0a7e35,2026-04-08 05:18:47,medical_record,MEDICAL_RECORD_9944,8,6,1,0.11,1.846,0,0,42.84,0
537,PATUSER_020,patient,view_queue,917ffe5d-46b2-36f1-0de8-35e5ed017fa7,2026-04-10 09:38:50,queue,QUEUE_2021,4,2,0,0.0,1.5,0,0,7.26,0
538,NUR_001,nurse,register_walkin,dd0de87d-2596-9c38-a834-6f5246a48a51,2026-05-20 10:01:59,appointment,APPOINTMENT_8824,27,7,0,0.04,1.75,0,0,34.14,0
539,NUR_005,nurse,update_vitals,6367a5b3-1689-57b4-634f-693bb600e552,2026-05-07 04:10:16,observation,OBSERVATION_7024,8,7,1,0.0,1.384,0,0,18.73,0
540,ADM_001,admin,view_audit,2925a752-da6a-ef1f-31aa-68b0c2ff5027,2026-05-15 06:27:24,audit,AUDIT_5630,2,3,0,0.02,1.379,0,0,20.9,0
541,DOC_003,doctor,view_record,01974f36-ced2-c38e-32c5-1b09e1fe1638,2026-03-29 09:43:03,medical_record,MEDICAL_RECORD_1884,12,12,0,0.03,1.686,0,0,51.03,0
542,ADM_001,admin,manage_user,dd0de87d-2596-9c38-a834-6f5246a48a51,2026-04-13 12:14:04,user,USER_8213,11,7,0,0.03,1.371,0,0,14.6,0
543,PATUSER_017,patient,view_queue,21b4ddc5-081e-1ecd-3573-f2ea42677b66,2026-04-13 02:18:34,queue,QUEUE_4677,1,2,1,0.0,0.811,0,0,23.92,0
544,DOC_014,doctor,view_record,754c6983-a899-1c3c-f51d-2af172b88b91,2026-05-22 11:05:17,medical_record,MEDICAL_RECORD_7358,18,4,0,0.15,1.75,0,0,58.41,0
545,PATUSER_022,patient,cancel_appointment,3844e0c5-14c7-8f87-19b0-8f769b3bdd70,2026-04-04 04:50:58,appointment,APPOINTMENT_9893,5,2,1,0.0,1.557,0,0,55.35,0
546,NUR_004,nurse,register_walkin,a82f0145-e797-d65d-bebf-e49dd38bac1e,2026-04-01 06:46:05,appointment,APPOINTMENT_1606,9,25,0,0.03,1.406,0,0,22.54,0
547,ADM_001,admin,view_report,047f3ed4-bdea-7cd6-6e80-8537a3979cc6,2026-03-29 08:54:40,report,REPORT_4812,5,6,0,0.01,1.75,0,0,24.35,0
548,DOC_008,doctor,view_record,d998bd61-bed8-3eb5-dcb5-297579cf936f,2026-05-09 02:42:45,medical_record,MEDICAL_RECORD_4882,21,17,1,0.13,1.447,0,0,55.22,0
549,DOC_014,doctor,update_diagnosis,754c6983-a899-1c3c-f51d-2af172b88b91,2026-05-02 06:16:52,condition,CONDITION_1418,18,5,0,0.14,1.761,0,0,15.02,0
550,DOC_007,doctor,create_prescription,155649eb-5d3e-41ca-5a2c-78972a1721f4,2026-04-18 06:15:10,prescription,PRESCRIPTION_8738,21,14,0,0.21,1.522,0,0,45.79,0
551,PATUSER_018,patient,book_appointment,83948281-33ad-4a11-0a3d-04484caf2ab9,2026-04-15 07:42:20,appointment,APPOINTMENT_2305,3,2,0,0.0,1.891,0,0,45.27,0
552,ADM_001,admin,manage_user,4642b627-0caa-32c4-a7cd-87689252d332,2026-05-23 02:00:44,user,USER_9274,7,7,1,0.06,1.922,0,0,34.32,0
553,DOC_010,doctor,update_diagnosis,e60a6ecc-5639-5800-4bf2-8e8a2865e55c,2026-05-12 11:02:14,condition,CONDITION_3735,11,8,0,0.19,1.922,1,0,13.46,0
554,DOC_005,doctor,update_diagnosis,392c8ae6-3c3b-1ff7-c35c-4e64946db9b6,2026-04-01 08:48:26,condition,CONDITION_9345,17,16,0,0.08,1.922,0,0,43.99,0
555,DOC_006,doctor,create_prescription,20f1f5b5-38be-6554-7a24-9fcc8d4bd6c4,2026-04-26 01:13:06,prescription,PRESCRIPTION_1791,23,14,1,0.15,1.522,0,0,27.43,0
556,PATUSER_012,patient,cancel_appointment,9b5ce034-80bf-4c6b-f400-3a89fc0d135b,2026-04-18 08:47:17,appointment,APPOINTMENT_2629,5,3,0,0.0,1.792,0,0,34.87,0
557,ADM_001,admin,view_report,9cefc3e8-33f8-beac-d280-fb10e474151c,2026-05-02 02:14:35,report,REPORT_1109,6,4,1,0.05,1.406,0,0,16.85,0
558,PATUSER_007,patient,view_queue,0e697a7b-149b-602d-af6f-7e76ca18c5d7,2026-05-10 00:55:02,queue,QUEUE_2908,3,1,1,0.0,1.868,0,0,71.35,0
559,ADM_001,admin,view_report,b4679b26-64ac-c348-6667-1e9093ae866f,2026-04-23 12:07:16,report,REPORT_9540,14,3,0,0.07,1.522,0,0,40.49,0
560,NUR_006,nurse,update_vitals,820d39a0-d304-2b9d-25a8-d705deede745,2026-05-19 08:41:12,observation,OBSERVATION_4253,29,7,0,0.11,1.406,0,0,22.21,0
561,PATUSER_016,patient,view_queue,79402472-6884-1aca-759a-a23f36ee8dca,2026-04-29 09:05:42,queue,QUEUE_6713,6,3,0,0.0,1.792,0,0,35.4,0
562,PATUSER_006,patient,view_queue,717861a2-ab2b-2d2a-6a8f-6388dbff69d2,2026-05-14 03:06:54,queue,QUEUE_6331,3,1,1,0.0,1.837,0,0,51.76,0
563,NUR_001,nurse,update_vitals,b3c9a883-40ea-1452-7b76-62e552e033d2,2026-05-09 01:35:18,observation,OBSERVATION_6203,13,20,1,0.11,1.936,0,0,29.33,0
564,PATUSER_002,patient,view_queue,d9044272-63af-eca3-2a0c-ec9f9c10a98f,2026-05-10 07:40:50,queue,QUEUE_4625,4,2,0,0.0,0.811,0,0,8.82,0
565,PATUSER_012,patient,cancel_appointment,5e236a28-42bb-348c-3267-03ed1a052b40,2026-04-02 09:05:03,appointment,APPOINTMENT_6778,2,3,0,0.0,1.5,0,0,72.78,0
566,PATUSER_025,patient,book_appointment,e1571870-cf37-1c6b-c97f-c4ab9a32b172,2026-04-04 02:20:03,appointment,APPOINTMENT_5074,6,1,1,0.0,1.449,0,0,30.35,0
567,DOC_001,doctor,view_observation,f5de0af7-bfb4-270e-8175-e12515583ea8,2026-03-26 16:36:47,observation,OBSERVATION_5463,83,80,0,0.82,1.5,1,0,239.38,1
568,PATUSER_023,patient,cancel_appointment,d5d8b210-bca5-a9ce-0711-3d09468bfe47,2026-05-19 06:31:33,appointment,APPOINTMENT_5950,6,2,0,0.0,1.959,0,0,56.84,0
569,NUR_003,nurse,update_vitals,20f1f5b5-38be-6554-7a24-9fcc8d4bd6c4,2026-04-29 01:43:59,observation,OBSERVATION_4802,16,24,1,0.06,1.73,0,0,11.51,0
570,PATUSER_004,patient,view_own_record,dd0de87d-2596-9c38-a834-6f5246a48a51,2026-03-31 10:01:39,medical_record,MEDICAL_RECORD_6102,1,3,0,0.0,1.868,0,0,15.06,0
571,PATUSER_023,patient,view_own_record,45f758c8-34c3-3fa5-41f9-5906127ba1bd,2026-04-11 03:10:42,medical_record,MEDICAL_RECORD_7155,1,2,1,0.0,1.784,0,0,46.91,0
572,DOC_009,doctor,view_record,910f9d72-b5f2-60bf-8302-274ac5d74635,2026-05-20 02:54:00,medical_record,MEDICAL_RECORD_7088,21,6,1,0.04,1.855,0,0,73.03,0
573,PATUSER_012,patient,cancel_appointment,8e21cb1f-b016-dda9-1d06-c920c24a0b37,2026-04-27 03:04:45,appointment,APPOINTMENT_8708,3,3,1,0.0,1.79,0,0,61.2,0
574,DOC_005,doctor,view_record,d1838618-2a96-9761-0b8d-89a92a022bcc,2026-03-28 01:05:58,medical_record,MEDICAL_RECORD_4156,14,9,1,0.04,1.459,0,0,37.1,0
575,NUR_003,nurse,update_queue,9b5ce034-80bf-4c6b-f400-3a89fc0d135b,2026-03-29 07:03:38,appointment,APPOINTMENT_6409,26,15,0,0.04,1.842,0,0,70.4,0
576,PATUSER_012,patient,view_queue,8db9c819-1c0b-c9a9-3e31-4b85f52201d2,2026-04-07 09:36:29,queue,QUEUE_1004,5,2,0,0.0,1.379,0,0,56.61,0
577,NUR_006,nurse,update_diagnosis,dd0de87d-2596-9c38-a834-6f5246a48a51,2026-04-12 16:59:17,condition,CONDITION_9552,43,52,0,0.92,1.379,1,1,319.45,1
578,NUR_006,nurse,update_vitals,671064b5-039b-51a8-7e40-8e6baa0a7e35,2026-04-29 09:55:00,observation,OBSERVATION_6991,14,11,0,0.11,1.922,0,0,54.79,0
579,PATUSER_030,patient,book_appointment,3844e0c5-14c7-8f87-19b0-8f769b3bdd70,2026-04-18 10:49:40,appointment,APPOINTMENT_9618,3,3,0,0.0,1.5,0,0,48.19,0
580,DOC_013,doctor,view_record,e126e379-083f-ea08-0358-303361acf072,2026-05-01 18:43:31,medical_record,MEDICAL_RECORD_8756,56,26,0,0.95,1.823,1,0,270.84,1
581,PATUSER_023,patient,book_appointment,0e697a7b-149b-602d-af6f-7e76ca18c5d7,2026-05-09 09:13:40,appointment,APPOINTMENT_2021,1,1,0,0.0,1.522,0,0,47.9,0
582,NUR_006,nurse,view_appointment,d1838618-2a96-9761-0b8d-89a92a022bcc,2026-05-21 09:11:39,appointment,APPOINTMENT_2375,16,12,0,0.08,1.975,0,0,28.29,0
583,DOC_012,doctor,view_record,054e161c-d33f-0970-2018-1f19582e0813,2026-04-13 04:44:04,medical_record,MEDICAL_RECORD_2444,24,9,1,0.15,1.522,0,0,49.47,0
584,DOC_008,doctor,create_prescription,4ca3be26-4f97-27f0-32fa-6ea155eba23a,2026-05-14 02:26:42,prescription,PRESCRIPTION_5570,7,8,1,0.07,1.79,0,0,6.41,0
585,DOC_009,doctor,update_diagnosis,a24f1dcf-ef87-f609-183a-d00bcc9b7292,2026-05-08 06:54:45,condition,CONDITION_6683,12,9,0,0.06,1.868,0,0,73.55,0
586,PATUSER_017,patient,cancel_appointment,dd0de87d-2596-9c38-a834-6f5246a48a51,2026-03-30 04:59:18,appointment,APPOINTMENT_3290,2,2,1,0.0,2.0,0,0,40.26,0
587,PATUSER_005,patient,cancel_appointment,d7b30817-a7e4-d7c5-8582-63d251b6f98c,2026-05-08 05:33:09,appointment,APPOINTMENT_6483,5,2,1,0.0,1.5,0,0,68.09,0
588,NUR_007,nurse,register_walkin,a8bef5c2-6743-79e8-8477-bc3b6244c334,2026-04-22 02:18:08,appointment,APPOINTMENT_9306,13,17,1,0.04,1.884,0,0,18.03,0
589,DOC_007,doctor,update_diagnosis,21adc8c0-7e1e-5167-1ac1-5449a6a2c73f,2026-05-20 05:05:13,condition,CONDITION_3317,23,15,1,0.13,1.557,0,0,16.65,0
590,PATUSER_027,patient,book_appointment,b09b332a-a8b1-5541-6855-d6420f922505,2026-04-13 06:45:34,appointment,APPOINTMENT_1081,2,2,0,0.0,1.664,1,0,15.32,0
591,PATUSER_006,patient,view_queue,88f931d5-4cfa-4be9-c6be-738d5fc8c215,2026-05-06 01:51:22,queue,QUEUE_6359,4,3,1,0.0,1.842,0,0,53.91,0
592,NUR_004,nurse,register_walkin,073b376b-9659-3e78-c6a6-a08b74d710da,2026-04-08 12:23:07,appointment,APPOINTMENT_4769,21,25,0,0.05,1.449,0,0,39.18,0
593,DOC_009,doctor,view_observation,f8540aed-49fc-9dd6-b195-288635b1d17a,2026-04-03 00:44:48,observation,OBSERVATION_2661,11,12,1,0.1,1.936,0,0,50.78,0
594,PATUSER_017,patient,view_queue,7bbc22dd-2b36-8b49-3bcc-14c25dafd13e,2026-03-25 00:58:10,queue,QUEUE_6489,2,2,1,0.0,1.485,0,0,40.49,0
595,PATUSER_030,patient,view_queue,a24f1dcf-ef87-f609-183a-d00bcc9b7292,2026-05-19 06:09:34,queue,QUEUE_9436,1,1,0,0.0,1.5,0,0,42.22,0
596,PATUSER_028,patient,view_queue,717861a2-ab2b-2d2a-6a8f-6388dbff69d2,2026-04-23 07:49:32,queue,QUEUE_6847,4,1,0,0.0,1.658,0,0,7.79,0
597,PATUSER_002,patient,view_record,dda456b9-cd60-e91b-8a88-fd381a9e4611,2026-04-27 19:13:54,medical_record,MEDICAL_RECORD_8063,54,60,0,0.66,1.918,0,1,227.17,1
598,NUR_003,nurse,update_vitals,717861a2-ab2b-2d2a-6a8f-6388dbff69d2,2026-03-27 07:30:49,observation,OBSERVATION_9398,30,25,0,0.03,1.5,0,0,63.44,0
599,PATUSER_022,patient,update_diagnosis,3844e0c5-14c7-8f87-19b0-8f769b3bdd70,2026-04-10 16:13:10,condition,CONDITION_5967,82,39,0,0.79,2.322,0,1,175.18,1
600,PATUSER_015,patient,view_queue,4642b627-0caa-32c4-a7cd-87689252d332,2026-04-11 04:14:13,queue,QUEUE_5467,6,1,1,0.0,1.918,0,0,38.1,0
601,DOC_001,doctor,update_diagnosis,6367a5b3-1689-57b4-634f-693bb600e552,2026-03-31 00:40:43,condition,CONDITION_1205,18,7,1,0.06,1.753,0,0,60.32,0
602,NUR_007,nurse,update_queue,1c39de5b-289a-3a1a-669b-2f756efb8bcb,2026-05-07 05:50:45,appointment,APPOINTMENT_2361,22,10,1,0.06,2.0,0,0,19.74,0
603,DOC_014,doctor,view_record,047f3ed4-bdea-7cd6-6e80-8537a3979cc6,2026-04-03 09:06:06,medical_record,MEDICAL_RECORD_7483,16,12,0,0.06,1.884,0,0,52.22,0
604,DOC_014,doctor,view_observation,a992fe7d-cd9b-0ace-6e0b-f6f0b5f01fc3,2026-04-29 01:52:51,observation,OBSERVATION_8600,23,12,1,0.04,1.722,0,0,59.43,0
605,NUR_004,nurse,update_vitals,ad37dc95-561f-9348-6577-eff9b22d47c2,2026-05-05 07:38:12,observation,OBSERVATION_1374,13,11,0,0.05,1.485,1,0,63.09,0
606,NUR_006,nurse,update_vitals,8fcbd58f-7e61-d74d-9b35-46d267ecbbd3,2026-04-29 02:59:24,observation,OBSERVATION_4273,26,21,1,0.08,1.459,0,0,6.59,0
607,NUR_006,nurse,update_vitals,a8bef5c2-6743-79e8-8477-bc3b6244c334,2026-04-09 02:16:40,observation,OBSERVATION_2152,8,12,1,0.07,1.784,0,0,52.86,0
608,PATUSER_026,patient,view_own_record,2925a752-da6a-ef1f-31aa-68b0c2ff5027,2026-04-22 04:57:21,medical_record,MEDICAL_RECORD_6953,6,3,1,0.0,1.5,0,0,59.36,0
609,PATUSER_001,patient,view_own_record,917ffe5d-46b2-36f1-0de8-35e5ed017fa7,2026-04-03 09:20:45,medical_record,MEDICAL_RECORD_2213,6,3,0,0.0,1.95,0,0,60.12,0
610,PATUSER_005,patient,cancel_appointment,047f3ed4-bdea-7cd6-6e80-8537a3979cc6,2026-05-14 07:55:13,appointment,APPOINTMENT_5992,2,2,0,0.0,1.42,0,0,53.24,0
611,PATUSER_006,patient,book_appointment,ed1c3b46-34b9-221b-cb10-682e9ed9ddbd,2026-05-02 10:45:23,appointment,APPOINTMENT_6966,3,1,0,0.0,1.5,0,0,53.66,0
612,PATUSER_022,patient,cancel_appointment,c72a8c6e-1dfd-0a8b-20e7-066eadd4931c,2026-05-05 08:36:06,appointment,APPOINTMENT_1233,4,2,0,0.0,1.436,0,0,16.93,0
613,PATUSER_018,patient,view_own_record,f5de0af7-bfb4-270e-8175-e12515583ea8,2026-05-05 05:38:51,medical_record,MEDICAL_RECORD_9761,2,2,1,0.0,1.79,0,0,15.51,0
614,PATUSER_030,patient,cancel_appointment,e60a6ecc-5639-5800-4bf2-8e8a2865e55c,2026-05-15 02:13:40,appointment,APPOINTMENT_2496,1,2,1,0.0,1.842,0,0,22.36,0
615,PATUSER_023,patient,book_appointment,3408cffd-cbea-0de1-e3a8-8b0b86bb5637,2026-05-01 02:15:06,appointment,APPOINTMENT_4234,2,3,1,0.0,1.79,0,0,19.54,0
616,DOC_007,doctor,view_record,820d39a0-d304-2b9d-25a8-d705deede745,2026-05-10 04:22:57,medical_record,MEDICAL_RECORD_9719,24,18,1,0.07,1.738,1,0,35.08,0
617,NUR_001,nurse,update_queue,4642b627-0caa-32c4-a7cd-87689252d332,2026-04-25 10:26:49,appointment,APPOINTMENT_4171,25,22,0,0.04,1.936,0,0,73.41,0
618,PATUSER_025,patient,view_queue,f8540aed-49fc-9dd6-b195-288635b1d17a,2026-03-31 04:09:48,queue,QUEUE_3587,2,2,1,0.0,1.379,0,0,27.4,0
619,PATUSER_015,patient,cancel_appointment,8e21cb1f-b016-dda9-1d06-c920c24a0b37,2026-04-08 06:25:45,appointment,APPOINTMENT_6046,5,2,0,0.0,1.061,0,0,60.21,0
620,PATUSER_003,patient,book_appointment,5e236a28-42bb-348c-3267-03ed1a052b40,2026-04-23 07:15:46,appointment,APPOINTMENT_8004,1,2,0,0.0,1.379,0,0,33.62,0
621,PATUSER_026,patient,view_queue,d5d8b210-bca5-a9ce-0711-3d09468bfe47,2026-05-18 08:43:35,queue,QUEUE_8979,5,3,0,0.0,1.664,0,0,20.05,0
622,NUR_001,nurse,view_appointment,9b5ce034-80bf-4c6b-f400-3a89fc0d135b,2026-04-22 10:25:47,appointment,APPOINTMENT_5017,26,18,0,0.01,1.936,0,0,28.99,0
623,NUR_006,nurse,register_walkin,b4679b26-64ac-c348-6667-1e9093ae866f,2026-05-19 11:17:13,appointment,APPOINTMENT_6456,16,23,0,0.06,1.891,0,0,6.53,0
624,DOC_013,doctor,view_observation,465dd060-e77a-9924-0d7a-75d52d39a714,2026-04-21 11:52:20,observation,OBSERVATION_8163,13,11,0,0.13,1.5,0,0,14.82,0
625,DOC_003,doctor,view_record,b09b332a-a8b1-5541-6855-d6420f922505,2026-04-30 05:32:04,medical_record,MEDICAL_RECORD_2196,22,18,1,0.06,1.959,0,0,9.7,0
626,DOC_012,doctor,view_observation,a82f0145-e797-d65d-bebf-e49dd38bac1e,2026-03-26 05:26:43,observation,OBSERVATION_3429,19,16,1,0.2,1.485,0,0,25.57,0
627,DOC_014,doctor,update_diagnosis,ed1c3b46-34b9-221b-cb10-682e9ed9ddbd,2026-05-19 01:47:28,condition,CONDITION_4559,5,4,1,0.17,1.449,0,0,71.83,0
628,PATUSER_025,patient,view_queue,7f857501-0257-2c7f-2e8f-9886705681f3,2026-05-19 03:14:23,queue,QUEUE_4369,4,1,1,0.0,1.149,0,0,31.26,0
629,PATUSER_025,patient,view_own_record,3c6d02df-84f2-f9e2-8e09-852349757293,2026-04-04 02:14:42,medical_record,MEDICAL_RECORD_8486,1,1,1,0.0,1.936,0,0,45.48,0
630,DOC_002,doctor,view_record,e300c149-9eaa-3d5a-57d9-ea8d4c996597,2026-04-20 20:21:10,medical_record,MEDICAL_RECORD_1743,60,74,0,0.68,1.557,1,0,403.72,1
631,DOC_010,doctor,view_record,d7b30817-a7e4-d7c5-8582-63d251b6f98c,2026-03-28 03:05:20,medical_record,MEDICAL_RECORD_3975,23,3,1,0.03,1.75,0,0,53.65,0
632,ADM_002,admin,view_report,1c39de5b-289a-3a1a-669b-2f756efb8bcb,2026-05-22 02:19:45,report,REPORT_1761,14,2,1,0.0,1.837,0,0,33.26,0
633,PATUSER_010,patient,cancel_appointment,671064b5-039b-51a8-7e40-8e6baa0a7e35,2026-05-21 09:40:34,appointment,APPOINTMENT_9793,6,3,0,0.0,1.371,0,0,12.01,0
634,PATUSER_004,patient,cancel_appointment,843d8b33-f833-1324-2aa6-e07c91e49204,2026-04-02 09:47:11,appointment,APPOINTMENT_4695,6,1,0,0.0,1.658,0,0,37.86,0
635,PATUSER_018,patient,book_appointment,465dd060-e77a-9924-0d7a-75d52d39a714,2026-04-08 01:42:40,appointment,APPOINTMENT_3379,6,2,1,0.0,1.5,0,0,48.05,0
636,PATUSER_013,patient,book_appointment,3bc81e09-7091-bc59-a58a-39b485d9e48b,2026-03-25 00:36:09,appointment,APPOINTMENT_6634,6,2,1,0.0,1.842,0,0,60.59,0
637,DOC_013,doctor,view_observation,8db9c819-1c0b-c9a9-3e31-4b85f52201d2,2026-04-01 10:13:46,observation,OBSERVATION_9504,17,17,0,0.22,1.753,0,0,23.4,0
638,NUR_002,nurse,create_prescription,1f534514-2f45-191e-04b4-ad9e93bdf422,2026-04-22 19:19:36,prescription,PRESCRIPTION_4634,62,61,0,0.66,2.126,1,1,157.87,1
639,PATUSER_025,patient,update_diagnosis,ea7deb48-7fa5-3406-28b9-051b0c18d363,2026-04-27 15:30:20,condition,CONDITION_9860,82,42,0,0.82,1.447,0,1,288.86,1
640,PATUSER_015,patient,cancel_appointment,671064b5-039b-51a8-7e40-8e6baa0a7e35,2026-04-18 04:24:02,appointment,APPOINTMENT_1970,3,1,1,0.0,1.79,0,0,71.42,0
641,PATUSER_024,patient,book_appointment,2b31de7e-3596-37c7-1d46-db12d82e73ef,2026-04-19 03:16:39,appointment,APPOINTMENT_3022,4,1,1,0.0,1.761,0,0,61.49,0
642,PATUSER_022,patient,cancel_appointment,a82f0145-e797-d65d-bebf-e49dd38bac1e,2026-03-25 11:06:36,appointment,APPOINTMENT_3517,2,1,0,0.0,1.906,0,0,52.06,0
643,DOC_005,doctor,update_diagnosis,e94fc8e2-b867-5164-0607-5e5eb581b150,2026-04-01 12:06:58,condition,CONDITION_2723,15,11,0,0.21,1.988,0,0,63.66,0
644,PATUSER_025,patient,cancel_appointment,d1e9c67e-e701-dbf5-aa21-bb9ae3751b97,2026-04-20 12:09:22,appointment,APPOINTMENT_5354,6,2,0,0.0,1.891,0,0,49.82,0
645,DOC_007,doctor,view_record,ad37dc95-561f-9348-6577-eff9b22d47c2,2026-05-02 11:33:06,medical_record,MEDICAL_RECORD_8074,20,15,0,0.13,1.76,0,0,51.73,0
646,PATUSER_018,patient,view_own_record,42c1eb05-09a9-eeda-a957-d822de66c536,2026-04-12 04:24:55,medical_record,MEDICAL_RECORD_6636,5,1,1,0.0,1.5,1,0,71.22,0
647,ADM_001,admin,view_report,dd0de87d-2596-9c38-a834-6f5246a48a51,2026-05-13 04:16:39,report,REPORT_2659,6,7,1,0.08,1.614,0,0,53.94,0
648,PATUSER_022,patient,view_queue,79402472-6884-1aca-759a-a23f36ee8dca,2026-04-06 06:43:23,queue,QUEUE_6087,3,3,0,0.0,1.936,0,0,18.03,0
649,PATUSER_008,patient,view_own_record,b3c9a883-40ea-1452-7b76-62e552e033d2,2026-04-06 08:31:34,medical_record,MEDICAL_RECORD_4683,3,3,0,0.0,1.922,0,0,32.86,0
650,PATUSER_004,patient,view_queue,3eee4689-2d02-6ec9-c257-42b3adfdcd70,2026-04-08 04:20:13,queue,QUEUE_4992,5,1,1,0.0,1.842,0,0,24.17,0
651,DOC_002,doctor,create_prescription,1c39de5b-289a-3a1a-669b-2f756efb8bcb,2026-05-18 08:00:06,prescription,PRESCRIPTION_6270,19,16,0,0.12,1.669,0,0,18.46,0
652,PATUSER_028,patient,view_queue,21adc8c0-7e1e-5167-1ac1-5449a6a2c73f,2026-04-28 03:46:35,queue,QUEUE_1362,5,3,1,0.0,1.834,0,0,73.67,0
653,PATUSER_011,patient,view_own_record,2925a752-da6a-ef1f-31aa-68b0c2ff5027,2026-05-07 10:48:33,medical_record,MEDICAL_RECORD_8407,1,2,0,0.0,1.906,0,0,54.44,0
654,NUR_005,nurse,update_vitals,d1838618-2a96-9761-0b8d-89a92a022bcc,2026-04-03 11:16:03,observation,OBSERVATION_4188,17,16,0,0.03,1.658,0,0,40.56,0
655,NUR_001,nurse,register_walkin,f8540aed-49fc-9dd6-b195-288635b1d17a,2026-03-31 02:52:05,appointment,APPOINTMENT_8051,13,6,1,0.08,1.971,0,0,13.37,0
656,NUR_002,nurse,register_walkin,a24f1dcf-ef87-f609-183a-d00bcc9b7292,2026-04-15 02:55:17,appointment,APPOINTMENT_7303,16,18,1,0.02,1.189,0,0,50.31,0
657,NUR_005,nurse,view_audit,a992fe7d-cd9b-0ace-6e0b-f6f0b5f01fc3,2026-04-24 20:38:03,audit,AUDIT_1497,71,43,0,0.93,2.059,0,1,176.54,1
658,PATUSER_015,patient,view_record,0369610a-4641-e2d5-80b2-844b2bd99f16,2026-04-15 21:09:40,medical_record,MEDICAL_RECORD_6543,85,80,0,0.69,2.126,1,1,400.51,1
659,NUR_001,nurse,update_vitals,d1838618-2a96-9761-0b8d-89a92a022bcc,2026-05-15 04:20:27,observation,OBSERVATION_5629,23,12,1,0.1,1.922,0,0,9.1,0
660,NUR_006,nurse,update_vitals,b3c9a883-40ea-1452-7b76-62e552e033d2,2026-03-31 03:47:04,observation,OBSERVATION_9753,17,19,1,0.05,1.95,0,0,39.33,0
661,DOC_002,doctor,view_observation,073b376b-9659-3e78-c6a6-a08b74d710da,2026-05-10 18:59:02,observation,OBSERVATION_4387,59,32,0,0.77,1.959,1,0,135.73,1
662,PATUSER_012,patient,cancel_appointment,e94fc8e2-b867-5164-0607-5e5eb581b150,2026-03-25 01:23:44,appointment,APPOINTMENT_5033,1,2,1,0.0,1.837,0,0,53.26,0
663,PATUSER_015,patient,cancel_appointment,7f857501-0257-2c7f-2e8f-9886705681f3,2026-04-07 07:23:10,appointment,APPOINTMENT_8998,6,3,0,0.0,1.75,0,0,68.15,0
664,NUR_002,nurse,update_queue,e7fccc97-5df9-b27f-8322-44fd5b624936,2026-03-29 11:06:36,appointment,APPOINTMENT_5202,30,18,0,0.01,1.792,0,0,14.02,0
665,PATUSER_019,patient,cancel_appointment,e1571870-cf37-1c6b-c97f-c4ab9a32b172,2026-03-31 12:14:36,appointment,APPOINTMENT_8844,4,2,0,0.0,1.95,0,0,24.93,0
666,DOC_007,doctor,view_observation,9cefc3e8-33f8-beac-d280-fb10e474151c,2026-05-03 00:49:57,observation,OBSERVATION_6736,17,8,1,0.02,1.868,0,0,9.72,0
667,PATUSER_005,patient,view_own_record,e7fccc97-5df9-b27f-8322-44fd5b624936,2026-04-08 10:38:09,medical_record,MEDICAL_RECORD_9964,1,2,0,0.0,1.891,0,0,71.28,0
668,NUR_006,nurse,create_prescription,717861a2-ab2b-2d2a-6a8f-6388dbff69d2,2026-05-10 16:25:49,prescription,PRESCRIPTION_1096,39,46,0,0.82,1.5,0,1,305.58,1
669,ADM_003,admin,view_audit,5e236a28-42bb-348c-3267-03ed1a052b40,2026-04-29 17:00:33,audit,AUDIT_3509,87,44,0,0.9,1.617,0,0,377.1,1
670,PATUSER_005,patient,view_queue,57b901cb-d3d2-258c-2773-57008eb32345,2026-04-10 06:22:39,queue,QUEUE_1697,2,1,0,0.0,1.5,0,0,56.17,0
671,PATUSER_005,patient,book_appointment,671064b5-039b-51a8-7e40-8e6baa0a7e35,2026-04-19 08:53:25,appointment,APPOINTMENT_5030,2,2,0,0.0,1.539,0,0,48.85,0
672,DOC_014,doctor,view_observation,57b901cb-d3d2-258c-2773-57008eb32345,2026-04-17 10:07:48,observation,OBSERVATION_6532,11,14,0,0.2,1.846,0,0,58.48,0
673,PATUSER_011,patient,view_own_record,10751dec-9152-b658-beeb-ba433fbb9213,2026-05-08 10:39:53,medical_record,MEDICAL_RECORD_7738,4,3,0,0.0,1.792,0,0,71.02,0
674,NUR_006,nurse,register_walkin,3c6d02df-84f2-f9e2-8e09-852349757293,2026-05-07 11:33:19,appointment,APPOINTMENT_2473,12,21,0,0.04,0.722,0,0,47.86,0
675,NUR_006,nurse,view_appointment,d20dc49f-5674-961e-a123-6e3000654b95,2026-05-01 06:24:22,appointment,APPOINTMENT_9721,14,10,0,0.11,1.823,0,0,9.62,0
676,PATUSER_015,patient,book_appointment,11b2d013-d581-7187-e88b-7a04781d307b,2026-04-01 09:08:38,appointment,APPOINTMENT_7215,5,3,0,0.0,1.522,0,0,73.83,0
677,PATUSER_006,patient,view_queue,e126e379-083f-ea08-0358-303361acf072,2026-05-01 01:02:40,queue,QUEUE_2392,5,3,1,0.0,1.0,0,0,30.37,0
678,ADM_002,admin,manage_user,b3c9a883-40ea-1452-7b76-62e552e033d2,2026-05-03 17:46:47,user,USER_3769,74,39,0,0.87,1.922,0,0,153.29,1
679,ADM_002,admin,view_report,4bab2d0f-4783-619c-46b2-f656667ffb67,2026-05-21 03:36:32,report,REPORT_5470,10,4,1,0.1,1.379,0,0,6.64,0
680,PATUSER_023,patient,book_appointment,b23941a4-269e-2ac4-8ced-75d1ac8b1b1d,2026-05-19 11:26:08,appointment,APPOINTMENT_9398,4,3,0,0.0,1.884,0,0,43.59,0
681,PATUSER_030,patient,cancel_appointment,910f9d72-b5f2-60bf-8302-274ac5d74635,2026-04-29 06:39:00,appointment,APPOINTMENT_2753,4,3,0,0.0,1.75,0,0,71.0,0
682,NUR_001,nurse,create_prescription,754c6983-a899-1c3c-f51d-2af172b88b91,2026-03-24 19:12:29,prescription,PRESCRIPTION_2500,39,29,0,0.84,1.892,0,1,353.66,1
683,DOC_001,doctor,create_prescription,7f857501-0257-2c7f-2e8f-9886705681f3,2026-04-24 11:18:41,prescription,PRESCRIPTION_9880,12,9,0,0.01,1.834,0,0,27.43,0
684,PATUSER_012,patient,cancel_appointment,e1571870-cf37-1c6b-c97f-c4ab9a32b172,2026-05-12 11:40:39,appointment,APPOINTMENT_2059,1,3,0,0.0,1.669,0,0,18.17,0
685,DOC_004,doctor,view_observation,155649eb-5d3e-41ca-5a2c-78972a1721f4,2026-03-24 19:14:12,observation,OBSERVATION_9187,81,23,0,0.85,1.352,1,0,143.99,1
686,NUR_005,nurse,update_vitals,07052ffe-5096-f813-923b-f3a32be34399,2026-04-23 06:22:58,observation,OBSERVATION_6189,25,12,0,0.03,1.295,0,0,53.36,0
687,ADM_003,admin,manage_user,219c0f88-2190-9af2-4122-bcf1c4f4a0bf,2026-04-03 11:03:40,user,USER_5438,4,6,0,0.04,1.522,0,0,62.22,0
688,NUR_007,nurse,update_queue,3844e0c5-14c7-8f87-19b0-8f769b3bdd70,2026-04-06 07:58:07,appointment,APPOINTMENT_5740,20,11,0,0.04,1.971,0,0,43.45,0
689,DOC_010,doctor,update_diagnosis,7bbc22dd-2b36-8b49-3bcc-14c25dafd13e,2026-05-04 07:46:12,condition,CONDITION_7832,11,16,0,0.11,1.834,0,0,49.21,0
690,NUR_001,nurse,update_vitals,392c8ae6-3c3b-1ff7-c35c-4e64946db9b6,2026-05-14 05:44:04,observation,OBSERVATION_7293,30,13,1,0.11,1.922,0,0,49.37,0
691,PATUSER_024,patient,cancel_appointment,4642b627-0caa-32c4-a7cd-87689252d332,2026-03-29 05:54:53,appointment,APPOINTMENT_4659,1,3,1,0.0,1.842,0,0,47.18,0
692,PATUSER_016,patient,view_audit,ea7deb48-7fa5-3406-28b9-051b0c18d363,2026-04-24 18:47:07,audit,AUDIT_5066,87,59,0,0.81,1.95,0,1,355.11,1
693,PATUSER_026,patient,view_own_record,917ffe5d-46b2-36f1-0de8-35e5ed017fa7,2026-03-26 12:08:10,medical_record,MEDICAL_RECORD_2765,1,2,0,0.0,1.922,0,0,15.08,0
694,NUR_003,nurse,register_walkin,07052ffe-5096-f813-923b-f3a32be34399,2026-04-01 03:30:24,appointment,APPOINTMENT_1565,30,25,1,0.05,1.918,0,0,14.0,0
695,PATUSER_017,patient,book_appointment,a2ff83e0-2cc0-50a4-b008-52a1add72ced,2026-04-25 09:31:28,appointment,APPOINTMENT_6903,5,1,0,0.0,0.918,0,0,8.91,0
696,ADM_001,admin,update_schedule,d1838618-2a96-9761-0b8d-89a92a022bcc,2026-05-08 06:36:04,schedule,SCHEDULE_5272,7,1,0,0.05,1.522,0,0,41.73,0
697,DOC_015,doctor,view_record,e1571870-cf37-1c6b-c97f-c4ab9a32b172,2026-03-27 10:41:17,medical_record,MEDICAL_RECORD_1315,22,3,0,0.01,1.918,0,0,20.79,0
698,PATUSER_008,patient,view_own_record,3bc81e09-7091-bc59-a58a-39b485d9e48b,2026-03-27 07:39:06,medical_record,MEDICAL_RECORD_9341,1,3,0,0.0,1.842,0,0,34.05,0
699,PATUSER_029,patient,cancel_appointment,b4679b26-64ac-c348-6667-1e9093ae866f,2026-04-11 04:01:52,appointment,APPOINTMENT_5675,2,3,1,0.0,1.685,1,0,48.94,0
700,PATUSER_004,patient,view_record,f84719a0-d28d-ec20-64a8-a17992dcd9ac,2026-03-26 20:51:20,medical_record,MEDICAL_RECORD_1890,76,62,0,0.82,1.842,1,1,181.38,1
701,PATUSER_017,patient,book_appointment,820d39a0-d304-2b9d-25a8-d705deede745,2026-05-17 09:38:24,appointment,APPOINTMENT_9055,3,1,0,0.0,1.379,0,0,26.69,0
702,PATUSER_006,patient,view_own_record,6367a5b3-1689-57b4-634f-693bb600e552,2026-05-18 04:28:08,medical_record,MEDICAL_RECORD_8291,6,1,1,0.0,1.0,0,0,12.51,0
703,ADM_003,admin,view_report,4bab2d0f-4783-619c-46b2-f656667ffb67,2026-03-29 02:43:55,report,REPORT_5948,3,0,1,0.04,1.0,0,0,72.97,0
704,DOC_010,doctor,view_record,a8bef5c2-6743-79e8-8477-bc3b6244c334,2026-03-30 04:12:44,medical_record,MEDICAL_RECORD_9149,8,3,1,0.19,1.834,0,0,17.22,0
705,PATUSER_003,patient,view_own_record,79402472-6884-1aca-759a-a23f36ee8dca,2026-05-13 07:22:46,medical_record,MEDICAL_RECORD_8339,2,1,0,0.0,1.906,0,0,8.08,0
706,PATUSER_027,patient,update_diagnosis,b3c9a883-40ea-1452-7b76-62e552e033d2,2026-04-25 16:16:43,condition,CONDITION_7017,37,75,0,0.84,1.5,1,1,287.68,1
707,PATUSER_005,patient,book_appointment,01974f36-ced2-c38e-32c5-1b09e1fe1638,2026-04-14 09:14:09,appointment,APPOINTMENT_6903,2,2,0,0.0,1.571,0,0,30.99,0
708,PATUSER_003,patient,view_queue,d20dc49f-5674-961e-a123-6e3000654b95,2026-05-12 05:01:24,queue,QUEUE_3285,2,2,1,0.0,1.918,0,0,50.18,0
709,PATUSER_028,patient,view_own_record,6383af50-c8f6-0c22-1dd4-6ee2be572cb1,2026-04-27 11:33:05,medical_record,MEDICAL_RECORD_9985,4,1,0,0.0,1.906,0,0,66.65,0
710,PATUSER_001,patient,view_own_record,20f1f5b5-38be-6554-7a24-9fcc8d4bd6c4,2026-04-08 07:07:10,medical_record,MEDICAL_RECORD_2183,2,3,0,0.0,1.459,0,0,33.56,0
711,PATUSER_020,patient,view_own_record,5e236a28-42bb-348c-3267-03ed1a052b40,2026-05-16 03:38:30,medical_record,MEDICAL_RECORD_4042,4,2,1,0.0,1.5,0,0,42.94,0
712,PATUSER_028,patient,cancel_appointment,744a7169-4e89-61ff-27f2-3c736abf4368,2026-05-06 01:51:29,appointment,APPOINTMENT_6236,1,2,1,0.0,1.76,0,0,13.33,0
713,ADM_001,admin,update_schedule,01974f36-ced2-c38e-32c5-1b09e1fe1638,2026-05-08 16:04:08,schedule,SCHEDULE_2540,65,75,0,0.91,1.677,1,0,350.94,1
714,PATUSER_005,patient,cancel_appointment,e126e379-083f-ea08-0358-303361acf072,2026-04-29 06:16:14,appointment,APPOINTMENT_2132,2,3,0,0.0,1.842,0,0,7.4,0
715,PATUSER_008,patient,view_own_record,744a7169-4e89-61ff-27f2-3c736abf4368,2026-04-10 05:03:36,medical_record,MEDICAL_RECORD_2258,6,3,1,0.0,2.0,0,0,69.75,0
716,DOC_013,doctor,view_observation,ed1c3b46-34b9-221b-cb10-682e9ed9ddbd,2026-03-27 03:45:40,observation,OBSERVATION_1387,5,15,1,0.17,1.53,0,0,68.38,0
717,PATUSER_004,patient,cancel_appointment,671064b5-039b-51a8-7e40-8e6baa0a7e35,2026-05-04 12:00:35,appointment,APPOINTMENT_7575,4,1,0,0.0,1.573,0,0,67.84,0
718,PATUSER_008,patient,book_appointment,57b901cb-d3d2-258c-2773-57008eb32345,2026-04-22 03:09:03,appointment,APPOINTMENT_3182,1,1,1,0.0,1.888,0,0,44.93,0
719,PATUSER_023,patient,cancel_appointment,073b376b-9659-3e78-c6a6-a08b74d710da,2026-05-01 00:59:29,appointment,APPOINTMENT_8778,3,1,1,0.0,1.459,0,0,5.85,0
720,PATUSER_006,patient,view_own_record,b4679b26-64ac-c348-6667-1e9093ae866f,2026-04-03 02:08:37,medical_record,MEDICAL_RECORD_7774,2,2,1,0.0,1.459,0,0,48.89,0
721,PATUSER_029,patient,cancel_appointment,e7fccc97-5df9-b27f-8322-44fd5b624936,2026-05-13 03:51:30,appointment,APPOINTMENT_9540,3,2,1,0.0,1.392,0,0,35.23,0
722,NUR_004,nurse,update_queue,0369610a-4641-e2d5-80b2-844b2bd99f16,2026-05-13 02:07:31,appointment,APPOINTMENT_8699,21,25,1,0.0,1.299,0,0,10.94,0
723,PATUSER_008,patient,book_appointment,e60a6ecc-5639-5800-4bf2-8e8a2865e55c,2026-04-24 11:47:34,appointment,APPOINTMENT_4133,5,3,0,0.0,1.241,0,0,52.75,0
724,ADM_001,admin,update_schedule,83948281-33ad-4a11-0a3d-04484caf2ab9,2026-05-06 04:08:41,schedule,SCHEDULE_6527,15,5,1,0.05,1.738,0,0,23.47,0
725,DOC_012,doctor,view_observation,4f74c441-7628-4f98-82a7-f4c99d926736,2026-04-28 07:47:38,observation,OBSERVATION_9374,16,10,0,0.09,1.826,0,0,70.27,0
726,PATUSER_012,patient,view_own_record,bee08b10-0c18-396e-9f8a-03e41691509b,2026-04-24 04:53:53,medical_record,MEDICAL_RECORD_1892,1,2,1,0.0,1.522,0,0,39.27,0
727,DOC_003,doctor,view_observation,d1838618-2a96-9761-0b8d-89a92a022bcc,2026-04-07 04:29:26,observation,OBSERVATION_5541,8,11,1,0.03,1.5,0,0,57.01,0
728,NUR_004,nurse,view_appointment,a2ff83e0-2cc0-50a4-b008-52a1add72ced,2026-05-17 03:41:38,appointment,APPOINTMENT_2567,15,25,1,0.07,1.959,0,0,69.95,0
729,NUR_001,nurse,view_appointment,c72a8c6e-1dfd-0a8b-20e7-066eadd4931c,2026-03-31 03:26:44,appointment,APPOINTMENT_3463,15,20,1,0.07,1.761,0,0,69.23,0
730,PATUSER_023,patient,view_queue,07052ffe-5096-f813-923b-f3a32be34399,2026-04-21 10:17:25,queue,QUEUE_2267,4,1,0,0.0,1.837,0,0,24.02,0
731,PATUSER_014,patient,cancel_appointment,dda456b9-cd60-e91b-8a88-fd381a9e4611,2026-04-16 10:51:46,appointment,APPOINTMENT_1358,4,1,0,0.0,1.906,0,0,19.5,0
732,ADM_003,admin,view_audit,9cefc3e8-33f8-beac-d280-fb10e474151c,2026-04-21 05:42:51,audit,AUDIT_1594,8,0,1,0.05,1.75,0,0,68.64,0
733,ADM_003,admin,view_audit,e126e379-083f-ea08-0358-303361acf072,2026-04-27 04:25:45,audit,AUDIT_4753,3,2,1,0.01,1.918,0,0,8.5,0
734,PATUSER_002,patient,book_appointment,4f74c441-7628-4f98-82a7-f4c99d926736,2026-04-12 09:01:59,appointment,APPOINTMENT_2663,1,1,0,0.0,1.0,0,0,48.47,0
735,NUR_003,nurse,update_queue,bee08b10-0c18-396e-9f8a-03e41691509b,2026-04-03 03:01:28,appointment,APPOINTMENT_7452,25,9,1,0.09,1.557,0,0,30.83,0
736,DOC_009,doctor,update_diagnosis,9e25d332-9229-0803-ad9f-ca235142458e,2026-04-23 07:41:58,condition,CONDITION_7183,9,7,0,0.05,1.522,0,0,30.7,0
737,DOC_009,doctor,view_observation,42c1eb05-09a9-eeda-a957-d822de66c536,2026-05-19 19:59:58,observation,OBSERVATION_2202,68,71,0,0.81,1.753,1,0,285.09,1
738,PATUSER_014,patient,cancel_appointment,e300c149-9eaa-3d5a-57d9-ea8d4c996597,2026-04-17 04:27:49,appointment,APPOINTMENT_5947,1,3,1,0.0,1.842,0,0,31.78,0
739,PATUSER_001,patient,view_queue,88f931d5-4cfa-4be9-c6be-738d5fc8c215,2026-04-17 01:22:42,queue,QUEUE_5840,2,2,1,0.0,1.585,0,0,32.95,0
740,ADM_002,admin,view_report,392c8ae6-3c3b-1ff7-c35c-4e64946db9b6,2026-04-15 20:19:01,report,REPORT_3391,59,76,0,0.87,1.823,1,0,143.44,1
741,PATUSER_023,patient,cancel_appointment,820d39a0-d304-2b9d-25a8-d705deede745,2026-03-26 04:54:54,appointment,APPOINTMENT_3512,1,1,1,0.0,1.577,0,0,49.15,0
742,PATUSER_028,patient,book_appointment,1f534514-2f45-191e-04b4-ad9e93bdf422,2026-04-03 11:15:27,appointment,APPOINTMENT_1686,6,2,0,0.0,1.522,0,0,49.46,0
743,DOC_003,doctor,create_prescription,12a088f3-264b-6a9f-9a57-678747110969,2026-04-21 03:02:05,prescription,PRESCRIPTION_2082,11,16,1,0.13,1.842,0,0,62.81,0
744,DOC_015,doctor,update_diagnosis,d1838618-2a96-9761-0b8d-89a92a022bcc,2026-05-18 02:56:45,condition,CONDITION_9336,20,6,1,0.02,1.73,0,0,67.96,0
745,NUR_005,nurse,register_walkin,ed1c3b46-34b9-221b-cb10-682e9ed9ddbd,2026-05-16 11:36:04,appointment,APPOINTMENT_7551,20,7,0,0.11,1.95,0,0,65.42,0
746,PATUSER_002,patient,view_own_record,21b4ddc5-081e-1ecd-3573-f2ea42677b66,2026-05-13 04:47:28,medical_record,MEDICAL_RECORD_6046,1,1,1,0.0,1.846,0,0,38.68,0
747,NUR_001,nurse,update_queue,392c8ae6-3c3b-1ff7-c35c-4e64946db9b6,2026-05-03 08:17:39,appointment,APPOINTMENT_2348,20,24,0,0.03,1.792,0,0,21.46,0
748,PATUSER_026,patient,book_appointment,9b5ce034-80bf-4c6b-f400-3a89fc0d135b,2026-03-28 02:26:59,appointment,APPOINTMENT_6853,5,2,1,0.0,1.0,0,0,11.46,0
749,PATUSER_018,patient,view_own_record,d1838618-2a96-9761-0b8d-89a92a022bcc,2026-03-27 01:05:29,medical_record,MEDICAL_RECORD_9619,2,2,1,0.0,1.95,0,0,7.73,0
750,DOC_005,doctor,view_record,20f1f5b5-38be-6554-7a24-9fcc8d4bd6c4,2026-04-25 05:04:43,medical_record,MEDICAL_RECORD_8744,9,5,1,0.1,2.0,0,0,16.02,0
751,PATUSER_027,patient,view_queue,c5d42b3b-72de-b953-545d-1de4cf59d279,2026-05-15 09:25:44,queue,QUEUE_2301,3,2,0,0.0,1.75,0,0,62.02,0
752,DOC_004,doctor,update_diagnosis,a82f0145-e797-d65d-bebf-e49dd38bac1e,2026-05-13 01:48:13,condition,CONDITION_4137,9,6,1,0.22,1.922,0,0,55.59,0
753,ADM_001,admin,update_schedule,8db9c819-1c0b-c9a9-3e31-4b85f52201d2,2026-04-22 17:08:54,schedule,SCHEDULE_5105,88,74,0,0.92,1.891,1,0,175.97,1
754,PATUSER_002,patient,view_queue,2925a752-da6a-ef1f-31aa-68b0c2ff5027,2026-04-11 06:24:41,queue,QUEUE_7111,2,1,0,0.0,1.585,0,0,21.8,0
755,NUR_007,nurse,update_diagnosis,917ffe5d-46b2-36f1-0de8-35e5ed017fa7,2026-05-06 20:09:23,condition,CONDITION_1729,84,72,0,0.97,2.0,0,1,183.32,1
756,NUR_004,nurse,update_queue,d1838618-2a96-9761-0b8d-89a92a022bcc,2026-05-23 06:47:22,appointment,APPOINTMENT_7468,26,8,0,0.06,1.842,0,0,70.03,0
757,NUR_002,nurse,create_prescription,e126e379-083f-ea08-0358-303361acf072,2026-04-20 17:29:33,prescription,PRESCRIPTION_3903,37,34,0,0.96,2.23,1,1,191.69,1
758,PATUSER_010,patient,view_queue,3844e0c5-14c7-8f87-19b0-8f769b3bdd70,2026-03-26 00:32:37,queue,QUEUE_3685,6,2,1,0.0,1.561,0,0,50.28,0
759,ADM_002,admin,manage_user,6383af50-c8f6-0c22-1dd4-6ee2be572cb1,2026-05-19 04:34:23,user,USER_2989,6,8,1,0.07,1.95,0,0,10.34,0
760,PATUSER_008,patient,cancel_appointment,8db9c819-1c0b-c9a9-3e31-4b85f52201d2,2026-05-14 08:31:51,appointment,APPOINTMENT_9934,4,3,0,0.0,1.522,0,0,51.76,0
761,NUR_002,nurse,update_queue,10751dec-9152-b658-beeb-ba433fbb9213,2026-04-24 10:26:17,appointment,APPOINTMENT_2696,10,8,0,0.02,1.5,0,0,41.55,0
762,PATUSER_027,patient,view_own_record,e94fc8e2-b867-5164-0607-5e5eb581b150,2026-05-11 06:41:22,medical_record,MEDICAL_RECORD_6823,2,1,0,0.0,1.936,0,0,49.62,0
763,DOC_002,doctor,view_observation,7225d50f-9363-214e-02d6-3fdc2a246bdc,2026-03-30 05:35:22,observation,OBSERVATION_1637,15,16,1,0.16,1.95,1,0,27.06,0
764,PATUSER_030,patient,book_appointment,c95c96d5-ac6e-6ab6-143b-6da3e3923f39,2026-04-11 04:48:23,appointment,APPOINTMENT_5912,6,1,1,0.0,1.922,0,0,62.1,0
765,PATUSER_002,patient,update_diagnosis,19e9c5a5-4114-0f95-e5e8-29cd6749d4e1,2026-05-01 19:20:35,condition,CONDITION_3027,55,31,0,0.88,1.371,0,1,399.42,1
766,DOC_012,doctor,view_record,d1838618-2a96-9761-0b8d-89a92a022bcc,2026-05-15 10:12:04,medical_record,MEDICAL_RECORD_3242,7,10,0,0.01,1.483,0,0,58.24,0
767,DOC_005,doctor,view_observation,dda456b9-cd60-e91b-8a88-fd381a9e4611,2026-04-28 09:32:45,observation,OBSERVATION_7683,5,6,0,0.2,1.669,0,0,61.67,0
768,DOC_001,doctor,view_observation,8e21cb1f-b016-dda9-1d06-c920c24a0b37,2026-04-06 05:19:02,observation,OBSERVATION_5177,23,9,1,0.11,1.837,0,0,35.08,0
769,PATUSER_017,patient,book_appointment,2b31de7e-3596-37c7-1d46-db12d82e73ef,2026-04-30 00:38:21,appointment,APPOINTMENT_2845,1,2,1,0.0,1.573,0,0,57.27,0
770,PATUSER_012,patient,view_audit,8c562216-cb73-0829-2fa4-123468939df6,2026-04-06 17:54:38,audit,AUDIT_9501,80,27,0,0.92,1.522,0,1,244.01,1
771,PATUSER_019,patient,book_appointment,e94fc8e2-b867-5164-0607-5e5eb581b150,2026-05-19 11:09:23,appointment,APPOINTMENT_1050,2,3,0,0.0,1.842,0,0,32.24,0
772,PATUSER_003,patient,view_queue,8c562216-cb73-0829-2fa4-123468939df6,2026-04-01 01:22:47,queue,QUEUE_6699,1,3,1,0.0,1.75,0,0,25.24,0
773,NUR_005,nurse,update_vitals,1f534514-2f45-191e-04b4-ad9e93bdf422,2026-04-08 07:55:26,observation,OBSERVATION_4586,14,14,0,0.1,0.811,0,0,23.87,0
774,PATUSER_011,patient,view_own_record,a82f0145-e797-d65d-bebf-e49dd38bac1e,2026-04-11 03:22:11,medical_record,MEDICAL_RECORD_5002,1,2,1,0.0,1.75,0,0,41.54,0
775,PATUSER_024,patient,book_appointment,6383af50-c8f6-0c22-1dd4-6ee2be572cb1,2026-05-04 08:58:02,appointment,APPOINTMENT_8881,5,3,0,0.0,1.918,0,0,42.09,0
776,DOC_013,doctor,view_observation,d1838618-2a96-9761-0b8d-89a92a022bcc,2026-05-06 12:20:07,observation,OBSERVATION_9724,14,16,0,0.06,1.95,0,0,46.03,0
777,NUR_007,nurse,update_queue,01974f36-ced2-c38e-32c5-1b09e1fe1638,2026-04-20 07:21:31,appointment,APPOINTMENT_1599,25,6,0,0.08,1.79,0,0,67.71,0
778,NUR_002,nurse,update_diagnosis,392c8ae6-3c3b-1ff7-c35c-4e64946db9b6,2026-05-20 20:39:34,condition,CONDITION_5539,61,27,0,0.98,2.128,1,1,296.59,1
779,PATUSER_010,patient,book_appointment,820d39a0-d304-2b9d-25a8-d705deede745,2026-05-14 11:53:25,appointment,APPOINTMENT_7997,6,1,0,0.0,1.522,0,0,39.27,0
780,PATUSER_020,patient,view_own_record,7bbc22dd-2b36-8b49-3bcc-14c25dafd13e,2026-05-04 06:02:30,medical_record,MEDICAL_RECORD_4425,4,3,0,0.0,0.811,0,0,6.88,0
781,DOC_013,doctor,create_prescription,e300c149-9eaa-3d5a-57d9-ea8d4c996597,2026-04-17 08:07:17,prescription,PRESCRIPTION_9733,6,17,0,0.05,1.846,0,0,13.25,0
782,DOC_012,doctor,view_record,047f3ed4-bdea-7cd6-6e80-8537a3979cc6,2026-04-21 06:41:13,medical_record,MEDICAL_RECORD_8292,8,5,0,0.17,1.811,0,0,15.76,0
783,NUR_003,nurse,update_vitals,d1838618-2a96-9761-0b8d-89a92a022bcc,2026-05-23 09:32:24,observation,OBSERVATION_8853,14,6,0,0.02,1.522,0,0,59.08,0
784,PATUSER_001,patient,book_appointment,42c1eb05-09a9-eeda-a957-d822de66c536,2026-04-28 10:22:43,appointment,APPOINTMENT_6556,6,3,0,0.0,1.0,0,0,8.7,0
785,PATUSER_009,patient,view_own_record,dd0de87d-2596-9c38-a834-6f5246a48a51,2026-04-21 04:58:23,medical_record,MEDICAL_RECORD_7916,3,2,1,0.0,1.459,0,0,62.97,0
786,PATUSER_022,patient,cancel_appointment,b23941a4-269e-2ac4-8ced-75d1ac8b1b1d,2026-03-26 01:29:17,appointment,APPOINTMENT_6283,6,2,1,0.0,0.811,0,0,52.69,0
787,DOC_011,doctor,view_record,2d457e3d-90cb-357e-f7e0-3014068d2f29,2026-04-22 11:17:26,medical_record,MEDICAL_RECORD_5786,23,5,0,0.02,1.753,0,0,71.72,0
788,NUR_002,nurse,register_walkin,88f931d5-4cfa-4be9-c6be-738d5fc8c215,2026-04-03 08:38:21,appointment,APPOINTMENT_5280,12,25,0,0.08,1.281,0,0,25.1,0
789,NUR_001,nurse,update_vitals,668a10b4-c005-0df3-522e-b068e0d29ea9,2026-04-18 11:02:36,observation,OBSERVATION_7149,18,8,0,0.04,1.685,0,0,42.1,0
790,PATUSER_022,patient,view_audit,754c6983-a899-1c3c-f51d-2af172b88b91,2026-05-02 16:21:08,audit,AUDIT_5142,37,60,0,0.81,2.04,1,1,182.37,1
791,PATUSER_029,patient,cancel_appointment,392c8ae6-3c3b-1ff7-c35c-4e64946db9b6,2026-05-18 09:07:40,appointment,APPOINTMENT_2073,5,3,0,0.0,1.79,1,0,48.79,0
792,DOC_010,doctor,update_diagnosis,a2ff83e0-2cc0-50a4-b008-52a1add72ced,2026-04-20 09:45:39,condition,CONDITION_6072,14,8,0,0.11,1.95,0,0,51.69,0
793,PATUSER_025,patient,view_queue,57b901cb-d3d2-258c-2773-57008eb32345,2026-04-04 07:49:17,queue,QUEUE_5814,1,2,0,0.0,1.906,0,0,73.75,0
794,DOC_013,doctor,update_diagnosis,2d457e3d-90cb-357e-f7e0-3014068d2f29,2026-04-26 12:03:21,condition,CONDITION_6569,5,5,0,0.1,1.855,0,0,60.45,0
795,DOC_003,doctor,update_diagnosis,12a088f3-264b-6a9f-9a57-678747110969,2026-04-06 11:20:02,condition,CONDITION_4254,6,12,0,0.05,1.834,0,0,19.63,0
796,NUR_001,nurse,update_queue,d5d8b210-bca5-a9ce-0711-3d09468bfe47,2026-03-27 11:22:55,appointment,APPOINTMENT_2561,29,12,0,0.06,1.922,0,0,50.08,0
797,PATUSER_005,patient,view_own_record,d1838618-2a96-9761-0b8d-89a92a022bcc,2026-05-22 06:37:42,medical_record,MEDICAL_RECORD_7799,5,3,0,0.0,0.811,0,0,67.43,0
798,DOC_008,doctor,view_observation,d1838618-2a96-9761-0b8d-89a92a022bcc,2026-04-10 10:12:47,observation,OBSERVATION_7027,21,3,0,0.05,1.371,0,0,38.06,0
799,PATUSER_015,patient,view_own_record,83948281-33ad-4a11-0a3d-04484caf2ab9,2026-05-19 03:00:09,medical_record,MEDICAL_RECORD_3795,1,1,1,0.0,1.988,0,0,9.96,0
800,PATUSER_028,patient,view_queue,671064b5-039b-51a8-7e40-8e6baa0a7e35,2026-04-11 03:47:50,queue,QUEUE_3130,5,3,1,0.0,1.522,0,0,10.15,0
801,PATUSER_009,patient,cancel_appointment,e1571870-cf37-1c6b-c97f-c4ab9a32b172,2026-04-09 11:58:28,appointment,APPOINTMENT_1907,1,2,0,0.0,1.761,0,0,59.46,0
802,PATUSER_009,patient,view_own_record,20f1f5b5-38be-6554-7a24-9fcc8d4bd6c4,2026-04-18 05:36:12,medical_record,MEDICAL_RECORD_4581,4,2,1,0.0,1.522,0,0,11.19,0
803,NUR_002,nurse,update_vitals,e94fc8e2-b867-5164-0607-5e5eb581b150,2026-05-04 06:21:00,observation,OBSERVATION_6613,9,19,0,0.06,1.959,0,0,45.04,0
804,NUR_005,nurse,view_appointment,5dd32bff-9eaf-50ef-db4f-c6065be13792,2026-05-03 11:12:36,appointment,APPOINTMENT_9313,25,22,0,0.02,1.522,0,0,21.36,0
805,ADM_002,admin,view_audit,fb36d3d9-666c-c4c2-bb96-c9195538d4df,2026-05-09 09:54:45,audit,AUDIT_2468,13,1,0,0.08,1.252,0,0,17.72,0
806,PATUSER_009,patient,book_appointment,f84719a0-d28d-ec20-64a8-a17992dcd9ac,2026-04-03 08:48:05,appointment,APPOINTMENT_4654,3,3,0,0.0,1.299,0,0,71.64,0
807,NUR_004,nurse,register_walkin,1c39de5b-289a-3a1a-669b-2f756efb8bcb,2026-04-29 06:56:38,appointment,APPOINTMENT_3849,20,24,0,0.07,0.971,0,0,33.55,0
808,PATUSER_023,patient,cancel_appointment,a82f0145-e797-d65d-bebf-e49dd38bac1e,2026-05-05 08:42:26,appointment,APPOINTMENT_2930,6,1,0,0.0,1.459,0,0,20.43,0
809,DOC_010,doctor,create_prescription,054e161c-d33f-0970-2018-1f19582e0813,2026-04-19 10:04:17,prescription,PRESCRIPTION_8895,24,16,0,0.08,1.959,0,0,64.43,0
810,PATUSER_027,patient,cancel_appointment,45f758c8-34c3-3fa5-41f9-5906127ba1bd,2026-04-30 10:48:28,appointment,APPOINTMENT_9871,6,1,0,0.0,1.371,0,0,61.51,0
811,DOC_010,doctor,create_prescription,6383af50-c8f6-0c22-1dd4-6ee2be572cb1,2026-04-24 05:14:43,prescription,PRESCRIPTION_2025,21,11,1,0.14,0.811,0,0,7.06,0
812,DOC_004,doctor,update_diagnosis,21b4ddc5-081e-1ecd-3573-f2ea42677b66,2026-05-16 07:19:23,condition,CONDITION_5575,21,9,0,0.02,1.5,0,0,62.0,0
813,DOC_006,doctor,create_prescription,d9044272-63af-eca3-2a0c-ec9f9c10a98f,2026-05-19 10:03:57,prescription,PRESCRIPTION_1275,7,13,0,0.01,1.459,0,0,17.4,0
814,PATUSER_007,patient,view_queue,668a10b4-c005-0df3-522e-b068e0d29ea9,2026-05-20 09:35:15,queue,QUEUE_3637,3,2,0,0.0,1.846,0,0,55.0,0
815,PATUSER_012,patient,cancel_appointment,1f534514-2f45-191e-04b4-ad9e93bdf422,2026-03-29 09:38:41,appointment,APPOINTMENT_8654,1,2,0,0.0,1.823,1,0,70.56,0
816,PATUSER_010,patient,book_appointment,4ca3be26-4f97-27f0-32fa-6ea155eba23a,2026-05-07 07:32:34,appointment,APPOINTMENT_4898,1,1,0,0.0,1.585,0,0,67.94,0
817,PATUSER_028,patient,cancel_appointment,219c0f88-2190-9af2-4122-bcf1c4f4a0bf,2026-04-18 10:33:41,appointment,APPOINTMENT_5817,3,1,0,0.0,1.79,0,0,43.23,0
818,PATUSER_008,patient,view_record,f84719a0-d28d-ec20-64a8-a17992dcd9ac,2026-05-06 16:43:22,medical_record,MEDICAL_RECORD_3645,62,37,0,0.74,1.895,0,1,190.95,1
819,PATUSER_016,patient,book_appointment,671064b5-039b-51a8-7e40-8e6baa0a7e35,2026-04-10 08:00:28,appointment,APPOINTMENT_4795,5,3,0,0.0,1.459,0,0,12.16,0
820,PATUSER_028,patient,view_queue,054e161c-d33f-0970-2018-1f19582e0813,2026-03-26 01:47:43,queue,QUEUE_4865,5,1,1,0.0,0.845,0,0,74.71,0
821,PATUSER_001,patient,book_appointment,ad37dc95-561f-9348-6577-eff9b22d47c2,2026-03-30 03:09:22,appointment,APPOINTMENT_7444,1,2,1,0.0,1.459,0,0,31.33,0
822,PATUSER_019,patient,view_own_record,10751dec-9152-b658-beeb-ba433fbb9213,2026-05-07 05:42:54,medical_record,MEDICAL_RECORD_7519,1,2,1,0.0,1.459,0,0,36.31,0
823,PATUSER_005,patient,book_appointment,843d8b33-f833-1324-2aa6-e07c91e49204,2026-04-21 01:06:07,appointment,APPOINTMENT_9884,5,3,1,0.0,1.406,0,0,52.73,0
824,PATUSER_003,patient,book_appointment,4f0c6acb-066b-1f8d-228d-5e5a973d1fef,2026-04-13 10:23:07,appointment,APPOINTMENT_9912,6,3,0,0.0,1.988,0,0,72.83,0
825,PATUSER_001,patient,view_own_record,f2df6bf3-460e-f410-cac9-472739e5df85,2026-05-23 08:05:57,medical_record,MEDICAL_RECORD_3521,2,3,0,0.0,1.295,0,0,50.97,0
826,PATUSER_029,patient,view_own_record,bee08b10-0c18-396e-9f8a-03e41691509b,2026-05-14 06:08:03,medical_record,MEDICAL_RECORD_6437,5,3,0,0.0,1.959,0,0,74.59,0
827,PATUSER_019,patient,book_appointment,57b901cb-d3d2-258c-2773-57008eb32345,2026-05-13 01:13:50,appointment,APPOINTMENT_6783,1,3,1,0.0,1.406,0,0,24.57,0
828,PATUSER_028,patient,cancel_appointment,3eee4689-2d02-6ec9-c257-42b3adfdcd70,2026-05-14 04:52:22,appointment,APPOINTMENT_6371,2,3,1,0.0,1.842,0,0,71.61,0
829,DOC_012,doctor,create_prescription,a992fe7d-cd9b-0ace-6e0b-f6f0b5f01fc3,2026-04-19 06:03:43,prescription,PRESCRIPTION_9022,20,8,0,0.2,1.891,0,0,16.74,0
830,PATUSER_009,patient,view_queue,d1838618-2a96-9761-0b8d-89a92a022bcc,2026-05-13 07:09:47,queue,QUEUE_8884,5,2,0,0.0,1.75,1,0,27.43,0
831,PATUSER_014,patient,book_appointment,df4576f2-f38f-02c0-b20f-6153754c41a6,2026-04-11 01:16:31,appointment,APPOINTMENT_6353,2,3,1,0.0,1.975,0,0,28.35,0
832,PATUSER_028,patient,book_appointment,465dd060-e77a-9924-0d7a-75d52d39a714,2026-05-16 01:52:59,appointment,APPOINTMENT_2427,2,3,1,0.0,1.959,0,0,48.36,0
833,DOC_003,doctor,view_observation,1f534514-2f45-191e-04b4-ad9e93bdf422,2026-04-29 02:30:07,observation,OBSERVATION_8014,19,15,1,0.14,1.823,0,0,13.54,0
834,PATUSER_002,patient,view_audit,073b376b-9659-3e78-c6a6-a08b74d710da,2026-04-27 18:54:46,audit,AUDIT_9869,90,69,0,0.84,1.792,1,1,357.69,1
835,PATUSER_016,patient,cancel_appointment,073b376b-9659-3e78-c6a6-a08b74d710da,2026-04-05 09:58:37,appointment,APPOINTMENT_4761,4,2,0,0.0,1.738,0,0,27.21,0
836,PATUSER_013,patient,view_own_record,bee08b10-0c18-396e-9f8a-03e41691509b,2026-05-15 03:47:24,medical_record,MEDICAL_RECORD_8872,1,1,1,0.0,1.522,0,0,66.42,0
837,DOC_003,doctor,view_observation,465dd060-e77a-9924-0d7a-75d52d39a714,2026-04-18 11:04:08,observation,OBSERVATION_5795,18,8,0,0.15,0.65,0,0,24.91,0
838,PATUSER_017,patient,book_appointment,dd0de87d-2596-9c38-a834-6f5246a48a51,2026-05-22 11:49:47,appointment,APPOINTMENT_4119,1,1,0,0.0,0.722,0,0,41.07,0
839,PATUSER_029,patient,view_audit,a992fe7d-cd9b-0ace-6e0b-f6f0b5f01fc3,2026-05-02 17:31:32,audit,AUDIT_5299,73,29,0,0.94,2.0,1,1,122.13,1
840,PATUSER_007,patient,view_queue,df4576f2-f38f-02c0-b20f-6153754c41a6,2026-04-19 12:00:14,queue,QUEUE_3222,5,2,0,0.0,1.495,0,0,42.28,0
841,ADM_003,admin,update_schedule,392c8ae6-3c3b-1ff7-c35c-4e64946db9b6,2026-04-18 10:24:11,schedule,SCHEDULE_8680,2,5,0,0.01,1.449,0,0,62.17,0
842,DOC_012,doctor,create_prescription,07052ffe-5096-f813-923b-f3a32be34399,2026-05-17 16:25:30,prescription,PRESCRIPTION_2651,48,32,0,0.8,0.65,1,0,338.49,1
843,PATUSER_022,patient,book_appointment,8fcbd58f-7e61-d74d-9b35-46d267ecbbd3,2026-04-09 06:23:39,appointment,APPOINTMENT_8586,6,3,0,0.0,1.891,0,0,26.22,0
844,PATUSER_023,patient,view_own_record,d1e9c67e-e701-dbf5-aa21-bb9ae3751b97,2026-04-30 07:47:45,medical_record,MEDICAL_RECORD_6424,2,1,0,0.0,1.577,0,0,25.29,0
845,NUR_001,nurse,view_appointment,42c1eb05-09a9-eeda-a957-d822de66c536,2026-04-02 10:04:04,appointment,APPOINTMENT_7506,22,22,0,0.11,1.557,0,0,20.0,0
846,PATUSER_022,patient,cancel_appointment,4ca3be26-4f97-27f0-32fa-6ea155eba23a,2026-05-12 01:02:00,appointment,APPOINTMENT_4309,5,1,1,0.0,1.936,0,0,66.84,0
847,DOC_002,doctor,update_diagnosis,10751dec-9152-b658-beeb-ba433fbb9213,2026-04-01 04:55:33,condition,CONDITION_6705,12,15,1,0.14,1.459,0,0,64.86,0
848,PATUSER_018,patient,view_record,6383af50-c8f6-0c22-1dd4-6ee2be572cb1,2026-05-02 19:18:41,medical_record,MEDICAL_RECORD_2893,47,50,0,0.74,1.854,1,1,273.41,1
849,DOC_014,doctor,view_record,1c39de5b-289a-3a1a-669b-2f756efb8bcb,2026-04-01 10:33:53,medical_record,MEDICAL_RECORD_1522,19,16,0,0.1,0.971,0,0,8.75,0
850,PATUSER_004,patient,book_appointment,3844e0c5-14c7-8f87-19b0-8f769b3bdd70,2026-04-06 06:26:08,appointment,APPOINTMENT_4414,6,3,0,0.0,1.95,0,0,58.2,0
851,PATUSER_010,patient,view_record,910f9d72-b5f2-60bf-8302-274ac5d74635,2026-04-02 18:15:19,medical_record,MEDICAL_RECORD_9598,64,61,0,0.94,1.792,1,1,352.99,1
852,DOC_009,doctor,create_prescription,d1838618-2a96-9761-0b8d-89a92a022bcc,2026-03-26 01:20:21,prescription,PRESCRIPTION_6656,23,13,1,0.22,1.95,0,0,25.07,0
853,DOC_009,doctor,create_prescription,054e161c-d33f-0970-2018-1f19582e0813,2026-04-11 09:38:56,prescription,PRESCRIPTION_3307,20,3,0,0.17,1.855,0,0,36.76,0
854,PATUSER_006,patient,view_queue,717861a2-ab2b-2d2a-6a8f-6388dbff69d2,2026-04-11 06:29:39,queue,QUEUE_6609,1,2,0,0.0,1.826,0,0,38.55,0
855,NUR_006,nurse,update_queue,fb36d3d9-666c-c4c2-bb96-c9195538d4df,2026-03-28 02:33:30,appointment,APPOINTMENT_7094,29,6,1,0.03,1.722,0,0,24.98,0
856,NUR_004,nurse,view_appointment,9b5ce034-80bf-4c6b-f400-3a89fc0d135b,2026-04-23 02:53:29,appointment,APPOINTMENT_1634,15,14,1,0.06,0.811,0,0,63.57,0
857,DOC_014,doctor,update_diagnosis,dda456b9-cd60-e91b-8a88-fd381a9e4611,2026-05-12 15:32:00,condition,CONDITION_6615,85,46,0,0.83,1.571,0,0,254.8,1
858,PATUSER_021,patient,view_record,820d39a0-d304-2b9d-25a8-d705deede745,2026-04-22 17:11:43,medical_record,MEDICAL_RECORD_9061,47,52,0,0.66,1.371,1,1,150.5,1
859,NUR_005,nurse,update_queue,2d457e3d-90cb-357e-f7e0-3014068d2f29,2026-04-16 07:01:24,appointment,APPOINTMENT_1089,13,9,0,0.08,1.837,1,0,44.56,0
860,NUR_007,nurse,update_vitals,a8bef5c2-6743-79e8-8477-bc3b6244c334,2026-05-23 10:43:22,observation,OBSERVATION_1525,14,25,0,0.05,1.895,0,0,69.36,0
861,DOC_004,doctor,view_record,e7fccc97-5df9-b27f-8322-44fd5b624936,2026-05-12 06:31:19,medical_record,MEDICAL_RECORD_3036,18,16,0,0.02,0.811,0,0,48.88,0
862,NUR_002,nurse,view_audit,d1838618-2a96-9761-0b8d-89a92a022bcc,2026-03-29 16:19:14,audit,AUDIT_5186,76,36,0,0.84,1.906,1,1,350.48,1
863,PATUSER_015,patient,view_queue,8db9c819-1c0b-c9a9-3e31-4b85f52201d2,2026-05-23 01:24:54,queue,QUEUE_7258,5,2,1,0.0,1.669,0,0,46.86,0
864,DOC_007,doctor,create_prescription,e8b56457-438e-7a2e-04ee-e0b2ec149f61,2026-05-12 07:46:56,prescription,PRESCRIPTION_3705,14,4,0,0.11,1.842,0,0,22.38,0
865,PATUSER_003,patient,view_queue,ad37dc95-561f-9348-6577-eff9b22d47c2,2026-05-16 11:24:03,queue,QUEUE_1449,2,1,0,0.0,1.522,0,0,8.57,0
866,PATUSER_016,patient,view_own_record,744a7169-4e89-61ff-27f2-3c736abf4368,2026-04-09 10:50:12,medical_record,MEDICAL_RECORD_9767,3,1,0,0.0,1.776,0,0,68.14,0
867,DOC_009,doctor,view_observation,1290bba5-c164-4273-9694-c3ce92270ef2,2026-04-26 01:49:57,observation,OBSERVATION_4095,19,14,1,0.11,1.918,0,0,21.32,0
868,ADM_003,admin,manage_user,a8bef5c2-6743-79e8-8477-bc3b6244c334,2026-04-26 05:24:00,user,USER_2931,11,6,1,0.01,1.95,0,0,10.88,0
869,NUR_002,nurse,update_queue,d1838618-2a96-9761-0b8d-89a92a022bcc,2026-04-05 01:57:47,appointment,APPOINTMENT_5637,26,19,1,0.01,1.959,0,0,39.6,0
870,PATUSER_029,patient,view_queue,b4679b26-64ac-c348-6667-1e9093ae866f,2026-03-26 06:43:57,queue,QUEUE_7323,5,1,0,0.0,1.906,0,0,70.49,0
871,DOC_010,doctor,create_prescription,a992fe7d-cd9b-0ace-6e0b-f6f0b5f01fc3,2026-03-25 05:59:05,prescription,PRESCRIPTION_8856,23,10,1,0.18,1.811,0,0,42.98,0
872,DOC_010,doctor,update_diagnosis,b09b332a-a8b1-5541-6855-d6420f922505,2026-03-29 08:40:22,condition,CONDITION_4056,19,5,0,0.09,1.922,0,0,9.44,0
873,NUR_001,nurse,view_audit,054e161c-d33f-0970-2018-1f19582e0813,2026-03-25 19:24:39,audit,AUDIT_6208,55,55,0,0.82,2.25,1,1,219.74,1
874,PATUSER_017,patient,view_record,3408cffd-cbea-0de1-e3a8-8b0b86bb5637,2026-04-23 18:15:16,medical_record,MEDICAL_RECORD_7565,79,38,0,0.74,1.922,1,1,244.92,1
875,PATUSER_005,patient,view_own_record,8fcbd58f-7e61-d74d-9b35-46d267ecbbd3,2026-05-14 02:41:22,medical_record,MEDICAL_RECORD_6362,1,2,1,0.0,1.834,0,0,23.96,0
876,NUR_007,nurse,update_queue,79402472-6884-1aca-759a-a23f36ee8dca,2026-03-28 06:21:12,appointment,APPOINTMENT_7921,29,7,0,0.01,1.837,0,0,55.57,0
877,PATUSER_019,patient,view_queue,dda456b9-cd60-e91b-8a88-fd381a9e4611,2026-04-07 03:52:49,queue,QUEUE_1805,5,3,1,0.0,1.895,0,0,43.87,0
878,DOC_002,doctor,update_diagnosis,4ca3be26-4f97-27f0-32fa-6ea155eba23a,2026-04-05 10:29:47,condition,CONDITION_3651,23,12,0,0.18,1.361,0,0,72.99,0
879,DOC_001,doctor,view_record,c72a8c6e-1dfd-0a8b-20e7-066eadd4931c,2026-04-30 04:55:19,medical_record,MEDICAL_RECORD_7626,15,16,1,0.19,1.837,0,0,36.02,0
880,ADM_003,admin,view_report,9cefc3e8-33f8-beac-d280-fb10e474151c,2026-05-02 11:04:51,report,REPORT_4059,4,6,0,0.03,2.0,0,0,12.59,0
881,DOC_008,doctor,view_observation,a82f0145-e797-d65d-bebf-e49dd38bac1e,2026-04-13 04:51:37,observation,OBSERVATION_1982,10,17,1,0.09,1.776,0,0,53.58,0
882,DOC_001,doctor,view_observation,8c562216-cb73-0829-2fa4-123468939df6,2026-04-29 08:34:41,observation,OBSERVATION_3210,5,6,0,0.1,1.459,0,0,32.73,0
883,PATUSER_021,patient,view_own_record,dd0de87d-2596-9c38-a834-6f5246a48a51,2026-05-22 04:36:32,medical_record,MEDICAL_RECORD_3765,2,3,1,0.0,1.918,0,0,10.33,0
884,ADM_002,admin,manage_user,d1e9c67e-e701-dbf5-aa21-bb9ae3751b97,2026-04-26 08:47:25,user,USER_8654,4,4,0,0.01,1.658,0,0,53.63,0
885,NUR_007,nurse,update_vitals,465dd060-e77a-9924-0d7a-75d52d39a714,2026-04-12 04:16:03,observation,OBSERVATION_9829,10,9,1,0.02,1.76,0,0,70.43,0
886,ADM_003,admin,view_audit,dda456b9-cd60-e91b-8a88-fd381a9e4611,2026-05-02 02:16:53,audit,AUDIT_1543,9,5,1,0.07,1.5,0,0,9.25,0
887,ADM_003,admin,manage_user,e8b56457-438e-7a2e-04ee-e0b2ec149f61,2026-04-15 04:20:43,user,USER_7493,7,8,1,0.05,0.811,0,0,48.69,0
888,PATUSER_004,patient,book_appointment,7bbc22dd-2b36-8b49-3bcc-14c25dafd13e,2026-04-11 04:42:45,appointment,APPOINTMENT_4562,5,1,1,0.0,1.975,0,0,29.17,0
889,PATUSER_004,patient,cancel_appointment,3c6d02df-84f2-f9e2-8e09-852349757293,2026-04-09 09:08:07,appointment,APPOINTMENT_1998,1,1,0,0.0,1.459,0,0,50.56,0
890,NUR_005,nurse,update_vitals,4ca3be26-4f97-27f0-32fa-6ea155eba23a,2026-05-07 05:34:45,observation,OBSERVATION_3165,23,24,1,0.08,1.95,0,0,12.33,0
891,DOC_014,doctor,view_record,2d457e3d-90cb-357e-f7e0-3014068d2f29,2026-04-03 10:34:10,medical_record,MEDICAL_RECORD_1733,12,17,0,0.04,1.322,0,0,44.76,0
892,PATUSER_028,patient,view_queue,5dd32bff-9eaf-50ef-db4f-c6065be13792,2026-04-23 02:53:53,queue,QUEUE_2993,2,1,1,0.0,0.811,0,0,6.14,0
893,DOC_001,doctor,create_prescription,a82f0145-e797-d65d-bebf-e49dd38bac1e,2026-05-21 05:01:47,prescription,PRESCRIPTION_4194,11,14,1,0.08,1.95,0,0,9.32,0
894,NUR_006,nurse,register_walkin,2faf5170-7c17-9c76-c091-5349b5ecad23,2026-04-23 10:20:17,appointment,APPOINTMENT_8168,18,9,0,0.0,1.459,0,0,59.12,0
895,PATUSER_029,patient,view_audit,2b31de7e-3596-37c7-1d46-db12d82e73ef,2026-03-29 16:30:29,audit,AUDIT_2647,79,22,0,0.79,2.046,1,1,236.98,1
896,PATUSER_001,patient,view_own_record,917ffe5d-46b2-36f1-0de8-35e5ed017fa7,2026-04-17 10:16:04,medical_record,MEDICAL_RECORD_9753,3,3,0,0.0,1.842,0,0,41.6,0
897,PATUSER_022,patient,view_own_record,12a088f3-264b-6a9f-9a57-678747110969,2026-04-27 09:41:03,medical_record,MEDICAL_RECORD_2270,4,1,0,0.0,1.855,0,0,37.14,0
898,PATUSER_012,patient,view_own_record,744a7169-4e89-61ff-27f2-3c736abf4368,2026-04-02 06:54:25,medical_record,MEDICAL_RECORD_3280,1,3,0,0.0,1.837,0,0,13.86,0
899,DOC_005,doctor,update_diagnosis,3eee4689-2d02-6ec9-c257-42b3adfdcd70,2026-05-09 05:32:11,condition,CONDITION_8139,15,13,1,0.21,1.981,0,0,39.07,0
900,NUR_003,nurse,view_appointment,11b2d013-d581-7187-e88b-7a04781d307b,2026-05-10 03:12:52,appointment,APPOINTMENT_1743,27,21,1,0.04,1.252,0,0,36.45,0
901,NUR_006,nurse,view_appointment,d1838618-2a96-9761-0b8d-89a92a022bcc,2026-04-25 09:19:29,appointment,APPOINTMENT_4597,12,6,0,0.1,1.5,0,0,64.12,0
902,PATUSER_021,patient,book_appointment,8e21cb1f-b016-dda9-1d06-c920c24a0b37,2026-04-11 07:21:24,appointment,APPOINTMENT_2457,3,1,0,0.0,1.585,0,0,19.79,0
903,PATUSER_007,patient,book_appointment,d5d8b210-bca5-a9ce-0711-3d09468bfe47,2026-03-30 08:34:55,appointment,APPOINTMENT_7091,2,1,0,0.0,1.571,0,0,55.2,0
904,DOC_001,doctor,view_record,a8bef5c2-6743-79e8-8477-bc3b6244c334,2026-05-11 07:49:43,medical_record,MEDICAL_RECORD_1537,8,5,0,0.07,1.0,0,0,57.33,0
905,PATUSER_005,patient,view_audit,4bab2d0f-4783-619c-46b2-f656667ffb67,2026-05-20 20:11:22,audit,AUDIT_3307,72,40,0,0.87,1.371,0,1,407.09,1
906,PATUSER_027,patient,view_queue,d1e9c67e-e701-dbf5-aa21-bb9ae3751b97,2026-04-16 07:35:07,queue,QUEUE_6093,4,3,0,0.0,1.5,0,0,19.93,0
907,PATUSER_027,patient,book_appointment,e94fc8e2-b867-5164-0607-5e5eb581b150,2026-04-16 04:16:04,appointment,APPOINTMENT_3480,6,1,1,0.0,1.826,0,0,28.26,0
908,PATUSER_002,patient,view_queue,3eee4689-2d02-6ec9-c257-42b3adfdcd70,2026-04-06 07:04:04,queue,QUEUE_5881,3,3,0,0.0,1.561,0,0,57.17,0
909,PATUSER_001,patient,view_queue,6367a5b3-1689-57b4-634f-693bb600e552,2026-05-23 08:44:14,queue,QUEUE_3994,1,2,0,0.0,1.846,0,0,36.19,0
910,PATUSER_022,patient,cancel_appointment,2faf5170-7c17-9c76-c091-5349b5ecad23,2026-03-31 09:29:00,appointment,APPOINTMENT_9315,1,3,0,0.0,1.549,0,0,68.16,0
911,ADM_003,admin,update_schedule,9b5ce034-80bf-4c6b-f400-3a89fc0d135b,2026-03-28 11:10:13,schedule,SCHEDULE_5391,2,2,0,0.03,1.918,0,0,70.97,0
912,PATUSER_020,patient,book_appointment,8db9c819-1c0b-c9a9-3e31-4b85f52201d2,2026-04-22 11:23:49,appointment,APPOINTMENT_6685,2,1,0,0.0,1.826,0,0,51.68,0
913,PATUSER_027,patient,cancel_appointment,d998bd61-bed8-3eb5-dcb5-297579cf936f,2026-03-27 10:54:47,appointment,APPOINTMENT_2077,5,2,0,0.0,1.981,0,0,67.34,0
914,DOC_004,doctor,view_record,d1838618-2a96-9761-0b8d-89a92a022bcc,2026-04-06 20:11:26,medical_record,MEDICAL_RECORD_1514,53,63,0,0.86,1.522,1,0,351.86,1
915,DOC_014,doctor,view_record,9e25d332-9229-0803-ad9f-ca235142458e,2026-04-08 09:07:50,medical_record,MEDICAL_RECORD_1971,24,12,0,0.01,1.784,0,0,48.88,0
916,PATUSER_002,patient,view_queue,392c8ae6-3c3b-1ff7-c35c-4e64946db9b6,2026-05-22 10:25:21,queue,QUEUE_8823,5,1,0,0.0,0.811,0,0,32.84,0
917,NUR_002,nurse,view_audit,820d39a0-d304-2b9d-25a8-d705deede745,2026-05-20 15:40:11,audit,AUDIT_6375,50,50,0,0.82,2.162,1,1,324.07,1
918,DOC_001,doctor,update_diagnosis,e8b56457-438e-7a2e-04ee-e0b2ec149f61,2026-04-02 11:23:54,condition,CONDITION_4585,16,3,0,0.02,1.906,0,0,31.56,0
919,PATUSER_026,patient,view_own_record,671064b5-039b-51a8-7e40-8e6baa0a7e35,2026-05-05 06:24:26,medical_record,MEDICAL_RECORD_9863,1,1,0,0.0,1.5,1,0,60.12,0
920,PATUSER_011,patient,view_own_record,11b2d013-d581-7187-e88b-7a04781d307b,2026-03-30 08:50:54,medical_record,MEDICAL_RECORD_9897,3,1,0,0.0,1.842,1,0,67.05,0
921,PATUSER_004,patient,view_queue,d998bd61-bed8-3eb5-dcb5-297579cf936f,2026-04-13 09:36:54,queue,QUEUE_7062,2,1,0,0.0,1.449,0,0,56.59,0
922,ADM_001,admin,manage_user,5dd32bff-9eaf-50ef-db4f-c6065be13792,2026-03-25 02:24:57,user,USER_3964,6,7,1,0.1,1.371,0,0,53.64,0
923,DOC_013,doctor,view_record,465dd060-e77a-9924-0d7a-75d52d39a714,2026-04-27 03:03:27,medical_record,MEDICAL_RECORD_2743,8,8,1,0.01,1.5,0,0,41.71,0
924,PATUSER_025,patient,view_own_record,bee08b10-0c18-396e-9f8a-03e41691509b,2026-05-10 07:04:25,medical_record,MEDICAL_RECORD_9970,2,3,0,0.0,1.826,0,0,43.52,0
925,ADM_003,admin,view_report,235bd53d-07f7-5874-c952-5126acfab01e,2026-05-19 02:30:11,report,REPORT_3216,10,7,1,0.09,1.614,0,0,24.33,0
926,PATUSER_018,patient,cancel_appointment,0e697a7b-149b-602d-af6f-7e76ca18c5d7,2026-05-05 00:40:15,appointment,APPOINTMENT_1830,3,1,1,0.0,1.784,0,0,39.11,0
927,NUR_003,nurse,view_appointment,9b5ce034-80bf-4c6b-f400-3a89fc0d135b,2026-05-18 12:25:37,appointment,APPOINTMENT_6496,12,13,0,0.1,1.95,0,0,35.72,0
928,DOC_004,doctor,create_prescription,a8bef5c2-6743-79e8-8477-bc3b6244c334,2026-05-23 07:19:57,prescription,PRESCRIPTION_2212,11,3,0,0.15,1.823,0,0,29.11,0
929,PATUSER_006,patient,book_appointment,047f3ed4-bdea-7cd6-6e80-8537a3979cc6,2026-04-01 10:16:30,appointment,APPOINTMENT_2329,1,1,0,0.0,1.842,0,0,71.91,0
930,PATUSER_027,patient,view_queue,671064b5-039b-51a8-7e40-8e6baa0a7e35,2026-04-29 02:22:52,queue,QUEUE_6925,4,2,1,0.0,1.761,1,0,8.91,0
931,DOC_004,doctor,create_prescription,8fcbd58f-7e61-d74d-9b35-46d267ecbbd3,2026-05-07 04:46:07,prescription,PRESCRIPTION_8432,13,12,1,0.14,1.95,0,0,35.2,0
932,DOC_013,doctor,create_prescription,d9044272-63af-eca3-2a0c-ec9f9c10a98f,2026-04-10 02:40:19,prescription,PRESCRIPTION_9432,17,7,1,0.1,1.459,0,0,11.19,0
933,PATUSER_030,patient,view_own_record,c95c96d5-ac6e-6ab6-143b-6da3e3923f39,2026-05-11 01:06:28,medical_record,MEDICAL_RECORD_4614,5,3,1,0.0,1.918,0,0,74.04,0
934,DOC_013,doctor,update_diagnosis,2d457e3d-90cb-357e-f7e0-3014068d2f29,2026-05-06 03:29:52,condition,CONDITION_2270,9,12,1,0.21,1.379,0,0,18.07,0
935,DOC_006,doctor,update_diagnosis,f8540aed-49fc-9dd6-b195-288635b1d17a,2026-05-19 05:56:18,condition,CONDITION_8736,21,18,1,0.09,1.42,0,0,55.31,0
936,PATUSER_030,patient,view_own_record,f2df6bf3-460e-f410-cac9-472739e5df85,2026-04-21 06:40:26,medical_record,MEDICAL_RECORD_1362,6,3,0,0.0,1.459,0,0,31.76,0
937,PATUSER_010,patient,cancel_appointment,4f0c6acb-066b-1f8d-228d-5e5a973d1fef,2026-04-26 00:32:21,appointment,APPOINTMENT_7505,5,2,1,0.0,1.459,0,0,70.58,0
938,NUR_005,nurse,update_queue,d1838618-2a96-9761-0b8d-89a92a022bcc,2026-04-17 03:16:14,appointment,APPOINTMENT_5684,11,13,1,0.0,1.922,0,0,24.33,0
939,DOC_004,doctor,view_record,c72a8c6e-1dfd-0a8b-20e7-066eadd4931c,2026-04-13 05:15:49,medical_record,MEDICAL_RECORD_2708,22,9,1,0.05,1.557,0,0,70.87,0
940,PATUSER_019,patient,cancel_appointment,3c6d02df-84f2-f9e2-8e09-852349757293,2026-05-22 00:36:38,appointment,APPOINTMENT_6215,5,3,1,0.0,1.371,0,0,13.54,0
941,DOC_011,doctor,update_diagnosis,3844e0c5-14c7-8f87-19b0-8f769b3bdd70,2026-04-11 11:21:12,condition,CONDITION_3680,13,8,0,0.1,2.0,0,0,60.83,0
942,PATUSER_017,patient,book_appointment,88f931d5-4cfa-4be9-c6be-738d5fc8c215,2026-04-08 11:23:57,appointment,APPOINTMENT_5565,1,3,0,0.0,1.823,0,0,60.76,0
943,DOC_004,doctor,update_diagnosis,235bd53d-07f7-5874-c952-5126acfab01e,2026-04-14 01:08:02,condition,CONDITION_3919,16,7,1,0.18,2.0,0,0,9.4,0
944,PATUSER_022,patient,book_appointment,4ca3be26-4f97-27f0-32fa-6ea155eba23a,2026-04-01 04:53:30,appointment,APPOINTMENT_1574,2,2,1,0.0,1.5,0,0,64.27,0
945,DOC_013,doctor,create_prescription,d1838618-2a96-9761-0b8d-89a92a022bcc,2026-05-22 07:12:30,prescription,PRESCRIPTION_6771,24,14,0,0.08,1.459,0,0,59.29,0
946,PATUSER_028,patient,book_appointment,2d457e3d-90cb-357e-f7e0-3014068d2f29,2026-05-04 11:11:18,appointment,APPOINTMENT_3116,6,1,0,0.0,1.617,0,0,15.39,0
947,DOC_015,doctor,view_record,4642b627-0caa-32c4-a7cd-87689252d332,2026-04-29 01:55:31,medical_record,MEDICAL_RECORD_7244,21,14,1,0.21,1.585,0,0,11.41,0
948,DOC_003,doctor,create_prescription,d1838618-2a96-9761-0b8d-89a92a022bcc,2026-05-21 08:02:12,prescription,PRESCRIPTION_7595,8,7,0,0.09,1.918,0,0,64.17,0
949,PATUSER_006,patient,book_appointment,7225d50f-9363-214e-02d6-3fdc2a246bdc,2026-05-08 07:35:38,appointment,APPOINTMENT_1936,3,1,0,0.0,1.784,0,0,73.58,0
950,ADM_003,admin,update_schedule,a2ff83e0-2cc0-50a4-b008-52a1add72ced,2026-05-19 10:17:44,schedule,SCHEDULE_5518,7,3,0,0.04,1.371,0,0,32.27,0
951,DOC_007,doctor,view_record,cc4e166f-53eb-f57b-fb9c-72dddeeb448f,2026-05-05 01:01:49,medical_record,MEDICAL_RECORD_3859,20,13,1,0.05,1.5,0,0,26.34,0
952,PATUSER_001,patient,view_queue,a2ff83e0-2cc0-50a4-b008-52a1add72ced,2026-05-06 08:49:53,queue,QUEUE_2102,3,3,0,0.0,1.837,0,0,44.96,0
953,ADM_002,admin,view_report,10751dec-9152-b658-beeb-ba433fbb9213,2026-04-21 11:43:30,report,REPORT_9964,6,1,0,0.01,1.522,0,0,52.13,0
954,PATUSER_007,patient,view_own_record,7225d50f-9363-214e-02d6-3fdc2a246bdc,2026-04-10 02:36:56,medical_record,MEDICAL_RECORD_3227,1,2,1,0.0,0.811,0,0,61.78,0
955,PATUSER_022,patient,view_queue,88f931d5-4cfa-4be9-c6be-738d5fc8c215,2026-05-21 03:05:54,queue,QUEUE_2309,3,1,1,0.0,1.384,0,0,45.01,0
956,PATUSER_027,patient,view_own_record,054e161c-d33f-0970-2018-1f19582e0813,2026-04-23 02:48:13,medical_record,MEDICAL_RECORD_6058,2,2,1,0.0,2.0,0,0,52.25,0
957,DOC_013,doctor,create_prescription,dda456b9-cd60-e91b-8a88-fd381a9e4611,2026-03-31 20:35:31,prescription,PRESCRIPTION_8967,78,66,0,0.91,1.522,1,0,220.46,1
958,PATUSER_027,patient,view_queue,6383af50-c8f6-0c22-1dd4-6ee2be572cb1,2026-03-25 05:11:32,queue,QUEUE_9925,5,3,1,0.0,0.918,0,0,69.52,0
959,PATUSER_018,patient,cancel_appointment,2d457e3d-90cb-357e-f7e0-3014068d2f29,2026-05-20 07:31:55,appointment,APPOINTMENT_1541,4,2,0,0.0,1.379,0,0,46.52,0
960,DOC_002,doctor,update_diagnosis,bee08b10-0c18-396e-9f8a-03e41691509b,2026-04-30 05:54:08,condition,CONDITION_7077,15,10,1,0.1,1.981,0,0,56.74,0
961,PATUSER_013,patient,book_appointment,dd0de87d-2596-9c38-a834-6f5246a48a51,2026-04-23 00:53:12,appointment,APPOINTMENT_7782,2,2,1,0.0,1.571,0,0,16.31,0
962,PATUSER_018,patient,cancel_appointment,79402472-6884-1aca-759a-a23f36ee8dca,2026-05-11 04:40:48,appointment,APPOINTMENT_5518,3,2,1,0.0,1.906,0,0,70.95,0
963,PATUSER_013,patient,book_appointment,0369610a-4641-e2d5-80b2-844b2bd99f16,2026-04-03 03:40:32,appointment,APPOINTMENT_2697,5,2,1,0.0,1.658,0,0,23.47,0
964,DOC_001,doctor,view_record,42c1eb05-09a9-eeda-a957-d822de66c536,2026-04-24 09:46:48,medical_record,MEDICAL_RECORD_1610,19,7,0,0.01,1.891,0,0,65.23,0
965,NUR_001,nurse,create_prescription,ed1c3b46-34b9-221b-cb10-682e9ed9ddbd,2026-04-02 19:13:08,prescription,PRESCRIPTION_9663,52,56,0,0.79,2.2,1,1,234.45,1
966,PATUSER_021,patient,view_queue,21adc8c0-7e1e-5167-1ac1-5449a6a2c73f,2026-03-25 04:01:56,queue,QUEUE_5888,3,3,1,0.0,1.922,0,0,52.43,0
967,DOC_013,doctor,update_diagnosis,8e21cb1f-b016-dda9-1d06-c920c24a0b37,2026-03-28 06:22:42,condition,CONDITION_5074,17,15,0,0.05,1.792,0,0,70.42,0
968,DOC_013,doctor,create_prescription,d1838618-2a96-9761-0b8d-89a92a022bcc,2026-05-06 04:55:14,prescription,PRESCRIPTION_2469,10,11,1,0.09,1.971,0,0,6.31,0
969,PATUSER_017,patient,view_own_record,bee08b10-0c18-396e-9f8a-03e41691509b,2026-04-13 07:40:22,medical_record,MEDICAL_RECORD_1768,4,2,0,0.0,1.5,0,0,23.44,0
970,DOC_011,doctor,update_diagnosis,dda456b9-cd60-e91b-8a88-fd381a9e4611,2026-05-10 09:22:17,condition,CONDITION_1266,24,11,0,0.09,1.149,0,0,36.39,0
971,DOC_009,doctor,create_prescription,a8bef5c2-6743-79e8-8477-bc3b6244c334,2026-04-10 09:52:58,prescription,PRESCRIPTION_1175,8,9,0,0.04,1.922,1,0,6.54,0
972,PATUSER_004,patient,cancel_appointment,21b4ddc5-081e-1ecd-3573-f2ea42677b66,2026-04-09 03:24:16,appointment,APPOINTMENT_3835,4,3,1,0.0,1.459,0,0,57.56,0
973,DOC_015,doctor,create_prescription,8e21cb1f-b016-dda9-1d06-c920c24a0b37,2026-03-27 08:35:03,prescription,PRESCRIPTION_1958,13,18,0,0.04,1.823,1,0,23.96,0
974,PATUSER_004,patient,view_own_record,2b31de7e-3596-37c7-1d46-db12d82e73ef,2026-05-17 12:24:59,medical_record,MEDICAL_RECORD_9795,4,2,0,0.0,1.936,0,0,43.25,0
975,PATUSER_004,patient,view_own_record,717861a2-ab2b-2d2a-6a8f-6388dbff69d2,2026-04-05 10:35:49,medical_record,MEDICAL_RECORD_9745,4,3,0,0.0,1.5,0,0,40.41,0
976,NUR_004,nurse,register_walkin,dd0de87d-2596-9c38-a834-6f5246a48a51,2026-05-14 08:37:35,appointment,APPOINTMENT_9413,12,13,0,0.06,0.722,0,0,36.6,0
977,DOC_003,doctor,view_record,2925a752-da6a-ef1f-31aa-68b0c2ff5027,2026-04-23 06:20:32,medical_record,MEDICAL_RECORD_3919,22,16,0,0.18,1.561,0,0,8.5,0
978,PATUSER_014,patient,view_queue,dda456b9-cd60-e91b-8a88-fd381a9e4611,2026-04-18 02:13:45,queue,QUEUE_3451,4,1,1,0.0,1.95,0,0,14.95,0
979,DOC_010,doctor,view_observation,820d39a0-d304-2b9d-25a8-d705deede745,2026-05-18 02:39:27,observation,OBSERVATION_5823,17,13,1,0.15,1.5,0,0,66.53,0
980,NUR_005,nurse,view_appointment,a2ff83e0-2cc0-50a4-b008-52a1add72ced,2026-03-25 00:43:58,appointment,APPOINTMENT_6131,17,22,1,0.1,1.459,0,0,46.95,0
981,DOC_013,doctor,create_prescription,a82f0145-e797-d65d-bebf-e49dd38bac1e,2026-04-04 08:23:07,prescription,PRESCRIPTION_6876,20,11,0,0.14,1.485,0,0,32.81,0
982,PATUSER_012,patient,book_appointment,054e161c-d33f-0970-2018-1f19582e0813,2026-03-26 07:07:52,appointment,APPOINTMENT_7725,1,2,0,0.0,1.585,0,0,10.86,0
983,DOC_014,doctor,create_prescription,cc4e166f-53eb-f57b-fb9c-72dddeeb448f,2026-04-20 20:41:58,prescription,PRESCRIPTION_9427,55,40,0,0.9,1.971,1,0,294.47,1
984,DOC_002,doctor,view_record,2d457e3d-90cb-357e-f7e0-3014068d2f29,2026-03-27 08:44:05,medical_record,MEDICAL_RECORD_3832,15,6,0,0.04,0.985,0,0,20.61,0
985,PATUSER_026,patient,update_diagnosis,843d8b33-f833-1324-2aa6-e07c91e49204,2026-04-03 16:21:56,condition,CONDITION_7380,53,52,0,0.87,1.846,0,1,333.37,1
986,NUR_005,nurse,update_vitals,b3c9a883-40ea-1452-7b76-62e552e033d2,2026-04-22 03:07:02,observation,OBSERVATION_6092,29,6,1,0.01,0.985,0,0,44.9,0
987,PATUSER_025,patient,book_appointment,b3c9a883-40ea-1452-7b76-62e552e033d2,2026-04-01 10:05:38,appointment,APPOINTMENT_5658,4,3,0,0.0,1.361,0,0,25.73,0
988,DOC_011,doctor,view_record,a8bef5c2-6743-79e8-8477-bc3b6244c334,2026-03-30 08:57:24,medical_record,MEDICAL_RECORD_2816,11,6,0,0.06,1.918,0,0,40.78,0
989,PATUSER_023,patient,book_appointment,6383af50-c8f6-0c22-1dd4-6ee2be572cb1,2026-05-09 00:26:32,appointment,APPOINTMENT_6271,2,2,1,0.0,1.658,0,0,6.47,0
990,PATUSER_016,patient,view_record,e60a6ecc-5639-5800-4bf2-8e8a2865e55c,2026-05-22 17:49:04,medical_record,MEDICAL_RECORD_7522,52,35,0,0.94,1.918,0,1,284.95,1
991,PATUSER_010,patient,book_appointment,dd0de87d-2596-9c38-a834-6f5246a48a51,2026-05-18 03:02:25,appointment,APPOINTMENT_8452,4,2,1,0.0,1.784,0,0,65.05,0
992,DOC_007,doctor,create_prescription,cc4e166f-53eb-f57b-fb9c-72dddeeb448f,2026-04-06 09:23:43,prescription,PRESCRIPTION_2037,14,6,0,0.0,1.371,0,0,15.85,0
993,PATUSER_009,patient,view_queue,4bab2d0f-4783-619c-46b2-f656667ffb67,2026-04-25 11:50:35,queue,QUEUE_1102,6,3,0,0.0,1.5,1,0,71.69,0
994,PATUSER_016,patient,book_appointment,0e697a7b-149b-602d-af6f-7e76ca18c5d7,2026-05-13 08:31:08,appointment,APPOINTMENT_9150,5,1,0,0.0,1.936,0,0,61.93,0
995,DOC_012,doctor,view_observation,054e161c-d33f-0970-2018-1f19582e0813,2026-05-12 00:37:08,observation,OBSERVATION_1147,9,15,1,0.08,1.826,0,0,62.54,0
996,PATUSER_024,patient,cancel_appointment,917ffe5d-46b2-36f1-0de8-35e5ed017fa7,2026-05-04 04:56:38,appointment,APPOINTMENT_5176,2,3,1,0.0,1.457,0,0,6.57,0
997,PATUSER_011,patient,book_appointment,c72a8c6e-1dfd-0a8b-20e7-066eadd4931c,2026-05-15 10:05:20,appointment,APPOINTMENT_4379,5,2,0,0.0,1.906,0,0,10.27,0
998,PATUSER_001,patient,view_own_record,b23941a4-269e-2ac4-8ced-75d1ac8b1b1d,2026-04-10 08:44:49,medical_record,MEDICAL_RECORD_7499,5,1,0,0.0,1.826,0,0,25.51,0
999,PATUSER_001,patient,cancel_appointment,83948281-33ad-4a11-0a3d-04484caf2ab9,2026-04-16 09:59:35,appointment,APPOINTMENT_9861,1,1,0,0.0,1.842,0,0,17.54,0
1000,PATUSER_011,patient,view_own_record,cc4e166f-53eb-f57b-fb9c-72dddeeb448f,2026-04-29 09:48:55,medical_record,MEDICAL_RECORD_1208,6,2,0,0.0,2.0,0,0,64.82,0
1001,DOC_004,doctor,update_diagnosis,054e161c-d33f-0970-2018-1f19582e0813,2026-05-04 16:39:30,condition,CONDITION_9235,78,42,0,0.89,1.846,1,0,240.99,1
1002,PATUSER_024,patient,view_queue,3bc81e09-7091-bc59-a58a-39b485d9e48b,2026-05-20 12:08:20,queue,QUEUE_7100,1,3,0,0.0,1.5,0,0,38.05,0
1003,PATUSER_020,patient,book_appointment,e1571870-cf37-1c6b-c97f-c4ab9a32b172,2026-05-02 04:04:31,appointment,APPOINTMENT_3065,3,2,1,0.0,1.868,0,0,72.83,0
1004,DOC_008,doctor,create_prescription,1f534514-2f45-191e-04b4-ad9e93bdf422,2026-04-05 06:20:40,prescription,PRESCRIPTION_5973,24,16,0,0.19,1.95,0,0,70.27,0
1005,PATUSER_010,patient,book_appointment,2d457e3d-90cb-357e-f7e0-3014068d2f29,2026-03-31 06:21:21,appointment,APPOINTMENT_5709,3,3,0,0.0,1.842,0,0,35.6,0
1006,NUR_007,nurse,register_walkin,dd0de87d-2596-9c38-a834-6f5246a48a51,2026-05-11 03:41:54,appointment,APPOINTMENT_8590,11,11,1,0.08,1.459,0,0,46.72,0
1007,PATUSER_007,patient,cancel_appointment,a8bef5c2-6743-79e8-8477-bc3b6244c334,2026-04-29 04:47:14,appointment,APPOINTMENT_2661,5,3,1,0.0,0.991,0,0,22.25,0
1008,PATUSER_001,patient,view_own_record,6367a5b3-1689-57b4-634f-693bb600e552,2026-03-28 08:48:27,medical_record,MEDICAL_RECORD_6998,3,2,0,0.0,1.825,0,0,10.88,0
1009,PATUSER_016,patient,cancel_appointment,88f931d5-4cfa-4be9-c6be-738d5fc8c215,2026-04-01 03:20:19,appointment,APPOINTMENT_5259,3,2,1,0.0,1.371,0,0,56.23,0
1010,NUR_004,nurse,update_queue,a992fe7d-cd9b-0ace-6e0b-f6f0b5f01fc3,2026-04-06 09:34:02,appointment,APPOINTMENT_2119,14,7,0,0.04,1.485,0,0,42.4,0
1011,ADM_001,admin,manage_user,bee08b10-0c18-396e-9f8a-03e41691509b,2026-04-14 08:09:33,user,USER_4484,10,7,0,0.02,1.918,0,0,43.84,0
1012,NUR_006,nurse,update_vitals,8e21cb1f-b016-dda9-1d06-c920c24a0b37,2026-05-07 07:56:41,observation,OBSERVATION_7512,24,7,0,0.01,1.061,0,0,12.52,0
1013,PATUSER_013,patient,cancel_appointment,c5d42b3b-72de-b953-545d-1de4cf59d279,2026-05-20 04:51:09,appointment,APPOINTMENT_4733,2,1,1,0.0,1.361,0,0,14.56,0
1014,PATUSER_012,patient,update_diagnosis,c95c96d5-ac6e-6ab6-143b-6da3e3923f39,2026-03-29 18:01:07,condition,CONDITION_7077,88,79,0,0.88,1.73,1,1,169.12,1
1015,PATUSER_028,patient,book_appointment,0369610a-4641-e2d5-80b2-844b2bd99f16,2026-04-27 08:13:36,appointment,APPOINTMENT_8227,3,3,0,0.0,0.811,0,0,29.4,0
1016,PATUSER_023,patient,view_own_record,07052ffe-5096-f813-923b-f3a32be34399,2026-05-16 11:34:48,medical_record,MEDICAL_RECORD_4376,5,3,0,0.0,1.784,0,0,51.38,0
1017,PATUSER_003,patient,book_appointment,1290bba5-c164-4273-9694-c3ce92270ef2,2026-05-10 02:40:09,appointment,APPOINTMENT_9827,5,2,1,0.0,1.95,0,0,12.34,0
1018,DOC_006,doctor,create_prescription,e60a6ecc-5639-5800-4bf2-8e8a2865e55c,2026-05-17 05:32:57,prescription,PRESCRIPTION_8613,23,3,1,0.2,1.95,1,0,60.64,0
1019,PATUSER_023,patient,update_diagnosis,cc4e166f-53eb-f57b-fb9c-72dddeeb448f,2026-04-01 15:34:05,condition,CONDITION_1692,55,32,0,0.69,2.2,1,1,125.99,1
1020,PATUSER_012,patient,update_diagnosis,8fcbd58f-7e61-d74d-9b35-46d267ecbbd3,2026-03-31 20:28:47,condition,CONDITION_8553,55,72,0,0.83,1.5,0,1,376.68,1
1021,DOC_014,doctor,view_observation,054e161c-d33f-0970-2018-1f19582e0813,2026-03-30 05:40:13,observation,OBSERVATION_7008,21,18,1,0.05,2.0,0,0,14.79,0
1022,PATUSER_016,patient,view_queue,fb36d3d9-666c-c4c2-bb96-c9195538d4df,2026-05-16 07:50:44,queue,QUEUE_3195,6,1,0,0.0,1.981,0,0,28.4,0
1023,PATUSER_029,patient,book_appointment,83948281-33ad-4a11-0a3d-04484caf2ab9,2026-04-28 04:04:55,appointment,APPOINTMENT_5201,4,2,1,0.0,1.971,0,0,6.97,0
1024,DOC_005,doctor,view_observation,01974f36-ced2-c38e-32c5-1b09e1fe1638,2026-04-14 11:07:26,observation,OBSERVATION_9959,18,5,0,0.01,1.891,0,0,74.94,0
1025,DOC_001,doctor,view_record,11b2d013-d581-7187-e88b-7a04781d307b,2026-04-10 04:06:45,medical_record,MEDICAL_RECORD_5261,5,11,1,0.03,1.823,0,0,34.56,0
1026,PATUSER_020,patient,book_appointment,917ffe5d-46b2-36f1-0de8-35e5ed017fa7,2026-04-05 10:59:03,appointment,APPOINTMENT_9808,5,3,0,0.0,1.75,0,0,69.39,0
1027,PATUSER_023,patient,view_own_record,392c8ae6-3c3b-1ff7-c35c-4e64946db9b6,2026-05-05 02:54:20,medical_record,MEDICAL_RECORD_9984,4,1,1,0.0,1.888,0,0,67.18,0
1028,PATUSER_006,patient,view_queue,e126e379-083f-ea08-0358-303361acf072,2026-04-12 12:14:59,queue,QUEUE_1138,3,3,0,0.0,2.0,0,0,21.38,0
1029,PATUSER_014,patient,view_record,e1571870-cf37-1c6b-c97f-c4ab9a32b172,2026-04-04 17:00:37,medical_record,MEDICAL_RECORD_2111,57,32,0,0.82,1.792,1,1,382.0,1
1030,PATUSER_017,patient,view_queue,dd55f477-af88-4543-f8c0-dca25a96c4cb,2026-04-23 03:34:29,queue,QUEUE_3614,1,3,1,0.0,1.75,0,0,50.67,0
1031,NUR_003,nurse,register_walkin,9cefc3e8-33f8-beac-d280-fb10e474151c,2026-05-04 04:25:38,appointment,APPOINTMENT_4353,25,8,1,0.01,1.75,0,0,48.13,0
1032,DOC_012,doctor,create_prescription,9b5ce034-80bf-4c6b-f400-3a89fc0d135b,2026-04-05 01:52:35,prescription,PRESCRIPTION_1196,20,12,1,0.17,1.855,0,0,5.98,0
1033,DOC_010,doctor,update_diagnosis,f8540aed-49fc-9dd6-b195-288635b1d17a,2026-05-13 08:16:44,condition,CONDITION_8795,10,4,0,0.21,1.971,0,0,7.46,0
1034,PATUSER_014,patient,view_own_record,219c0f88-2190-9af2-4122-bcf1c4f4a0bf,2026-03-26 01:17:58,medical_record,MEDICAL_RECORD_9344,1,2,1,0.0,1.526,0,0,28.35,0
1035,PATUSER_006,patient,cancel_appointment,79402472-6884-1aca-759a-a23f36ee8dca,2026-04-14 11:22:28,appointment,APPOINTMENT_1103,4,2,0,0.0,1.811,0,0,13.4,0
1036,PATUSER_005,patient,book_appointment,8db9c819-1c0b-c9a9-3e31-4b85f52201d2,2026-05-12 03:45:47,appointment,APPOINTMENT_1252,4,1,1,0.0,1.792,0,0,15.13,0
1037,DOC_010,doctor,view_record,d20dc49f-5674-961e-a123-6e3000654b95,2026-05-01 03:43:48,medical_record,MEDICAL_RECORD_3138,23,11,1,0.17,1.936,0,0,56.28,0
1038,PATUSER_006,patient,view_own_record,01974f36-ced2-c38e-32c5-1b09e1fe1638,2026-05-07 10:34:46,medical_record,MEDICAL_RECORD_6237,4,3,0,0.0,1.447,0,0,55.41,0
1039,PATUSER_010,patient,cancel_appointment,ea7deb48-7fa5-3406-28b9-051b0c18d363,2026-05-10 02:05:20,appointment,APPOINTMENT_1158,2,2,1,0.0,1.761,0,0,33.32,0
1040,PATUSER_008,patient,view_queue,df4576f2-f38f-02c0-b20f-6153754c41a6,2026-05-16 05:09:04,queue,QUEUE_7439,4,2,1,0.0,1.884,1,0,57.44,0
1041,PATUSER_014,patient,cancel_appointment,12a088f3-264b-6a9f-9a57-678747110969,2026-04-28 10:44:01,appointment,APPOINTMENT_5494,2,1,0,0.0,2.0,0,0,73.58,0
1042,PATUSER_003,patient,view_queue,b23941a4-269e-2ac4-8ced-75d1ac8b1b1d,2026-05-07 12:13:38,queue,QUEUE_9987,1,1,0,0.0,1.658,0,0,16.65,0
1043,PATUSER_009,patient,view_own_record,a82f0145-e797-d65d-bebf-e49dd38bac1e,2026-05-03 04:26:29,medical_record,MEDICAL_RECORD_3275,6,3,1,0.0,1.614,0,0,36.74,0
1044,PATUSER_019,patient,view_queue,d998bd61-bed8-3eb5-dcb5-297579cf936f,2026-05-11 08:12:08,queue,QUEUE_1665,6,3,0,0.0,1.846,0,0,71.15,0
1045,DOC_004,doctor,create_prescription,7225d50f-9363-214e-02d6-3fdc2a246bdc,2026-04-08 20:53:36,prescription,PRESCRIPTION_7051,87,73,0,0.97,1.664,1,0,203.2,1
1046,PATUSER_020,patient,view_own_record,21adc8c0-7e1e-5167-1ac1-5449a6a2c73f,2026-04-06 09:06:45,medical_record,MEDICAL_RECORD_6307,2,3,0,0.0,1.5,0,0,26.63,0
1047,PATUSER_024,patient,cancel_appointment,79402472-6884-1aca-759a-a23f36ee8dca,2026-04-12 07:04:25,appointment,APPOINTMENT_3260,4,1,0,0.0,1.811,0,0,31.25,0
1048,NUR_003,nurse,update_queue,ed1c3b46-34b9-221b-cb10-682e9ed9ddbd,2026-05-22 11:35:10,appointment,APPOINTMENT_6320,8,10,0,0.08,2.0,0,0,11.41,0
1049,DOC_009,doctor,view_observation,155649eb-5d3e-41ca-5a2c-78972a1721f4,2026-03-26 05:26:47,observation,OBSERVATION_7859,11,16,1,0.07,1.792,0,0,20.56,0
1050,DOC_005,doctor,view_observation,5dd32bff-9eaf-50ef-db4f-c6065be13792,2026-04-01 11:22:31,observation,OBSERVATION_4969,15,14,0,0.12,1.868,0,0,65.64,0
1051,PATUSER_009,patient,book_appointment,10751dec-9152-b658-beeb-ba433fbb9213,2026-04-06 02:23:37,appointment,APPOINTMENT_8035,1,1,1,0.0,1.846,0,0,57.19,0
1052,PATUSER_003,patient,cancel_appointment,8c562216-cb73-0829-2fa4-123468939df6,2026-05-05 03:38:26,appointment,APPOINTMENT_6995,6,2,1,0.0,1.936,0,0,55.78,0
1053,PATUSER_007,patient,cancel_appointment,671064b5-039b-51a8-7e40-8e6baa0a7e35,2026-04-09 10:49:04,appointment,APPOINTMENT_6207,2,3,0,0.0,1.522,0,0,64.17,0
1054,PATUSER_024,patient,view_queue,671064b5-039b-51a8-7e40-8e6baa0a7e35,2026-03-25 10:58:54,queue,QUEUE_9366,2,2,0,0.0,1.761,0,0,17.83,0
1055,PATUSER_030,patient,book_appointment,dd0de87d-2596-9c38-a834-6f5246a48a51,2026-05-01 09:30:09,appointment,APPOINTMENT_3057,3,2,0,0.0,1.975,0,0,10.64,0
1056,NUR_001,nurse,update_vitals,cc4e166f-53eb-f57b-fb9c-72dddeeb448f,2026-04-29 04:35:36,observation,OBSERVATION_3680,14,15,1,0.01,0.971,0,0,66.51,0
1057,ADM_001,admin,view_audit,7bbc22dd-2b36-8b49-3bcc-14c25dafd13e,2026-05-13 02:33:35,audit,AUDIT_5710,2,6,1,0.07,1.922,0,0,24.81,0
1058,PATUSER_008,patient,view_queue,668a10b4-c005-0df3-522e-b068e0d29ea9,2026-04-28 08:27:54,queue,QUEUE_3637,2,3,0,0.0,1.549,0,0,41.18,0
1059,PATUSER_028,patient,book_appointment,3c6d02df-84f2-f9e2-8e09-852349757293,2026-04-09 05:21:30,appointment,APPOINTMENT_1866,2,3,1,0.0,1.895,0,0,10.76,0
1060,DOC_004,doctor,view_record,e126e379-083f-ea08-0358-303361acf072,2026-03-30 00:32:20,medical_record,MEDICAL_RECORD_8779,11,6,1,0.13,1.5,0,0,46.46,0
1061,PATUSER_028,patient,view_queue,671064b5-039b-51a8-7e40-8e6baa0a7e35,2026-05-12 02:08:04,queue,QUEUE_6812,6,2,1,0.0,1.5,0,0,46.28,0
1062,PATUSER_019,patient,cancel_appointment,d1838618-2a96-9761-0b8d-89a92a022bcc,2026-05-18 01:06:58,appointment,APPOINTMENT_2955,6,3,1,0.0,1.825,0,0,45.73,0
1063,DOC_002,doctor,view_observation,ed1c3b46-34b9-221b-cb10-682e9ed9ddbd,2026-05-02 03:14:32,observation,OBSERVATION_7294,22,17,1,0.11,1.573,1,0,14.63,0
1064,NUR_002,nurse,update_vitals,b23941a4-269e-2ac4-8ced-75d1ac8b1b1d,2026-04-29 02:21:35,observation,OBSERVATION_9200,25,12,1,0.06,1.459,0,0,7.82,0
1065,DOC_003,doctor,create_prescription,bee08b10-0c18-396e-9f8a-03e41691509b,2026-04-07 16:22:54,prescription,PRESCRIPTION_6773,51,62,0,0.94,1.459,0,0,359.52,1
1066,PATUSER_030,patient,cancel_appointment,e60a6ecc-5639-5800-4bf2-8e8a2865e55c,2026-03-29 06:54:08,appointment,APPOINTMENT_6273,6,2,0,0.0,1.522,1,0,61.06,0
1067,DOC_004,doctor,create_prescription,21adc8c0-7e1e-5167-1ac1-5449a6a2c73f,2026-04-06 06:49:31,prescription,PRESCRIPTION_9877,14,7,0,0.09,1.299,1,0,69.94,0
1068,PATUSER_030,patient,view_queue,d5d8b210-bca5-a9ce-0711-3d09468bfe47,2026-05-02 02:18:20,queue,QUEUE_3414,2,1,1,0.0,2.0,1,0,68.9,0
1069,DOC_007,doctor,view_observation,c95c96d5-ac6e-6ab6-143b-6da3e3923f39,2026-05-08 01:44:54,observation,OBSERVATION_6338,17,18,1,0.16,1.842,0,0,55.0,0
1070,DOC_002,doctor,view_observation,744a7169-4e89-61ff-27f2-3c736abf4368,2026-05-18 04:33:49,observation,OBSERVATION_9072,20,16,1,0.06,1.95,0,0,39.34,0
1071,NUR_007,nurse,view_appointment,4ca3be26-4f97-27f0-32fa-6ea155eba23a,2026-04-17 02:42:38,appointment,APPOINTMENT_7280,15,24,1,0.04,1.5,0,0,40.47,0
1072,DOC_002,doctor,create_prescription,a8bef5c2-6743-79e8-8477-bc3b6244c334,2026-03-27 04:48:33,prescription,PRESCRIPTION_9192,18,14,1,0.17,1.522,0,0,37.38,0
1073,PATUSER_005,patient,book_appointment,21b4ddc5-081e-1ecd-3573-f2ea42677b66,2026-04-24 07:09:15,appointment,APPOINTMENT_4042,3,3,0,0.0,1.95,0,0,74.64,0
1074,PATUSER_004,patient,book_appointment,10751dec-9152-b658-beeb-ba433fbb9213,2026-04-18 01:29:39,appointment,APPOINTMENT_8387,3,3,1,0.0,1.585,0,0,54.4,0
1075,DOC_012,doctor,view_observation,79402472-6884-1aca-759a-a23f36ee8dca,2026-05-07 04:39:38,observation,OBSERVATION_8796,6,17,1,0.09,1.522,0,0,5.72,0
1076,PATUSER_002,patient,view_queue,7bbc22dd-2b36-8b49-3bcc-14c25dafd13e,2026-05-02 05:29:55,queue,QUEUE_3889,5,1,1,0.0,1.5,0,0,42.03,0
1077,DOC_004,doctor,create_prescription,2b31de7e-3596-37c7-1d46-db12d82e73ef,2026-04-24 05:39:05,prescription,PRESCRIPTION_1144,12,11,1,0.0,1.522,0,0,53.11,0
1078,NUR_006,nurse,update_vitals,10751dec-9152-b658-beeb-ba433fbb9213,2026-04-25 11:11:50,observation,OBSERVATION_3964,18,19,0,0.05,1.906,0,0,40.01,0
1079,PATUSER_006,patient,view_own_record,2b31de7e-3596-37c7-1d46-db12d82e73ef,2026-05-09 06:37:40,medical_record,MEDICAL_RECORD_7078,6,1,0,0.0,0.918,0,0,19.44,0
1080,PATUSER_017,patient,book_appointment,7225d50f-9363-214e-02d6-3fdc2a246bdc,2026-03-28 07:15:47,appointment,APPOINTMENT_4396,5,1,0,0.0,1.95,0,0,12.46,0
1081,PATUSER_013,patient,view_own_record,b09b332a-a8b1-5541-6855-d6420f922505,2026-03-31 03:22:46,medical_record,MEDICAL_RECORD_1316,2,1,1,0.0,1.361,0,0,57.28,0
1082,DOC_014,doctor,view_record,820d39a0-d304-2b9d-25a8-d705deede745,2026-03-27 01:45:06,medical_record,MEDICAL_RECORD_7172,17,9,1,0.1,1.95,0,0,67.17,0
1083,PATUSER_012,patient,view_queue,6383af50-c8f6-0c22-1dd4-6ee2be572cb1,2026-04-09 02:25:04,queue,QUEUE_4684,4,1,1,0.0,1.959,0,0,59.78,0
1084,DOC_009,doctor,view_record,10751dec-9152-b658-beeb-ba433fbb9213,2026-05-16 02:50:43,medical_record,MEDICAL_RECORD_3055,20,8,1,0.12,1.5,0,0,67.64,0
1085,PATUSER_029,patient,view_queue,2b31de7e-3596-37c7-1d46-db12d82e73ef,2026-05-19 06:37:04,queue,QUEUE_1009,4,2,0,0.0,1.811,0,0,62.68,0
1086,PATUSER_008,patient,cancel_appointment,5e236a28-42bb-348c-3267-03ed1a052b40,2026-05-12 06:53:23,appointment,APPOINTMENT_3718,3,1,0,0.0,1.252,0,0,39.66,0
1087,DOC_012,doctor,view_record,dda456b9-cd60-e91b-8a88-fd381a9e4611,2026-05-01 05:40:40,medical_record,MEDICAL_RECORD_2101,14,10,1,0.14,1.224,0,0,42.95,0
1088,DOC_003,doctor,create_prescription,d5d8b210-bca5-a9ce-0711-3d09468bfe47,2026-04-15 05:44:50,prescription,PRESCRIPTION_3657,15,14,1,0.19,1.149,0,0,48.27,0
1089,NUR_004,nurse,view_appointment,2d457e3d-90cb-357e-f7e0-3014068d2f29,2026-04-30 07:14:16,appointment,APPOINTMENT_1942,13,24,0,0.05,1.557,1,0,42.62,0
1090,PATUSER_004,patient,book_appointment,dda456b9-cd60-e91b-8a88-fd381a9e4611,2026-03-28 09:33:38,appointment,APPOINTMENT_1243,4,2,0,0.0,1.981,0,0,47.82,0
1091,ADM_003,admin,view_audit,e1571870-cf37-1c6b-c97f-c4ab9a32b172,2026-05-01 04:34:40,audit,AUDIT_8757,12,1,1,0.06,1.981,0,0,28.93,0
1092,NUR_006,nurse,register_walkin,dd0de87d-2596-9c38-a834-6f5246a48a51,2026-05-20 09:05:56,appointment,APPOINTMENT_3723,28,18,0,0.03,1.573,0,0,68.4,0
1093,PATUSER_021,patient,cancel_appointment,2925a752-da6a-ef1f-31aa-68b0c2ff5027,2026-03-31 05:43:42,appointment,APPOINTMENT_9477,6,1,1,0.0,1.459,0,0,29.82,0
1094,PATUSER_030,patient,book_appointment,d1e9c67e-e701-dbf5-aa21-bb9ae3751b97,2026-04-17 10:11:16,appointment,APPOINTMENT_9842,4,3,0,0.0,1.459,0,0,37.63,0
1095,PATUSER_026,patient,view_queue,d9044272-63af-eca3-2a0c-ec9f9c10a98f,2026-03-27 02:54:00,queue,QUEUE_3718,6,1,1,0.0,1.922,0,0,42.99,0
1096,NUR_007,nurse,view_appointment,054e161c-d33f-0970-2018-1f19582e0813,2026-05-04 08:59:19,appointment,APPOINTMENT_8901,29,15,0,0.12,1.855,0,0,66.84,0
1097,DOC_009,doctor,update_diagnosis,d1838618-2a96-9761-0b8d-89a92a022bcc,2026-05-11 02:49:34,condition,CONDITION_7647,16,12,1,0.2,1.485,0,0,49.64,0
1098,DOC_011,doctor,create_prescription,dd55f477-af88-4543-f8c0-dca25a96c4cb,2026-05-05 04:26:34,prescription,PRESCRIPTION_1187,19,8,1,0.12,1.459,0,0,58.23,0
1099,PATUSER_026,patient,view_record,047f3ed4-bdea-7cd6-6e80-8537a3979cc6,2026-04-20 15:51:29,medical_record,MEDICAL_RECORD_1644,76,46,0,0.78,2.281,1,1,253.02,1
1100,DOC_002,doctor,update_diagnosis,073b376b-9659-3e78-c6a6-a08b74d710da,2026-05-12 09:39:03,condition,CONDITION_4640,7,4,0,0.16,1.918,0,0,20.37,0
1101,ADM_003,admin,update_schedule,668a10b4-c005-0df3-522e-b068e0d29ea9,2026-05-06 11:28:49,schedule,SCHEDULE_7404,2,6,0,0.1,1.299,0,0,15.05,0
1102,NUR_004,nurse,update_queue,155649eb-5d3e-41ca-5a2c-78972a1721f4,2026-04-06 08:43:56,appointment,APPOINTMENT_5638,30,17,0,0.0,1.79,0,0,20.98,0
1103,PATUSER_021,patient,view_queue,2d457e3d-90cb-357e-f7e0-3014068d2f29,2026-04-16 06:44:26,queue,QUEUE_9574,3,1,0,0.0,1.299,0,0,55.08,0
1104,ADM_002,admin,view_report,2d457e3d-90cb-357e-f7e0-3014068d2f29,2026-04-05 07:05:31,report,REPORT_1323,14,0,0,0.04,1.561,0,0,60.3,0
1105,DOC_006,doctor,create_prescription,a8bef5c2-6743-79e8-8477-bc3b6244c334,2026-04-12 08:01:43,prescription,PRESCRIPTION_6658,24,9,0,0.04,1.811,0,0,7.88,0
1106,PATUSER_003,patient,view_own_record,9e25d332-9229-0803-ad9f-ca235142458e,2026-04-04 03:49:24,medical_record,MEDICAL_RECORD_5361,5,2,1,0.0,1.918,0,0,36.4,0
1107,DOC_005,doctor,update_diagnosis,9e25d332-9229-0803-ad9f-ca235142458e,2026-04-24 01:13:46,condition,CONDITION_1262,24,13,1,0.05,1.371,0,0,48.81,0
1108,PATUSER_029,patient,view_queue,2b31de7e-3596-37c7-1d46-db12d82e73ef,2026-03-28 09:46:00,queue,QUEUE_7491,2,2,0,0.0,1.971,0,0,23.33,0
1109,PATUSER_022,patient,view_queue,88f931d5-4cfa-4be9-c6be-738d5fc8c215,2026-04-10 09:23:55,queue,QUEUE_5864,4,3,0,0.0,1.792,0,0,29.6,0
1110,PATUSER_020,patient,view_own_record,744a7169-4e89-61ff-27f2-3c736abf4368,2026-04-03 05:54:59,medical_record,MEDICAL_RECORD_8445,5,3,1,0.0,0.918,0,0,7.35,0
1111,PATUSER_017,patient,view_queue,3bc81e09-7091-bc59-a58a-39b485d9e48b,2026-05-12 09:22:56,queue,QUEUE_1443,4,1,0,0.0,1.753,0,0,21.53,0
1112,PATUSER_001,patient,view_own_record,b09b332a-a8b1-5541-6855-d6420f922505,2026-04-29 08:25:37,medical_record,MEDICAL_RECORD_1264,6,1,0,0.0,1.459,1,0,33.32,0
1113,PATUSER_025,patient,cancel_appointment,d1838618-2a96-9761-0b8d-89a92a022bcc,2026-05-07 09:05:20,appointment,APPOINTMENT_7794,6,3,0,0.0,1.5,0,0,20.26,0
1114,DOC_014,doctor,update_diagnosis,f5de0af7-bfb4-270e-8175-e12515583ea8,2026-05-18 02:28:23,condition,CONDITION_7402,21,18,1,0.22,1.884,1,0,64.07,0
1115,DOC_014,doctor,view_record,d1838618-2a96-9761-0b8d-89a92a022bcc,2026-04-24 00:39:20,medical_record,MEDICAL_RECORD_8496,7,15,1,0.17,1.826,0,0,72.35,0
1116,PATUSER_023,patient,cancel_appointment,9e25d332-9229-0803-ad9f-ca235142458e,2026-04-04 00:52:06,appointment,APPOINTMENT_6354,5,2,1,0.0,1.459,0,0,26.56,0
1117,NUR_005,nurse,update_vitals,d1838618-2a96-9761-0b8d-89a92a022bcc,2026-04-22 10:27:53,observation,OBSERVATION_7027,27,6,0,0.01,1.918,0,0,44.59,0
1118,NUR_002,nurse,view_appointment,5dd32bff-9eaf-50ef-db4f-c6065be13792,2026-05-06 09:16:44,appointment,APPOINTMENT_9224,13,14,0,0.03,1.459,0,0,56.97,0
1119,DOC_001,doctor,view_record,671064b5-039b-51a8-7e40-8e6baa0a7e35,2026-03-31 06:51:10,medical_record,MEDICAL_RECORD_5888,13,10,0,0.15,1.776,0,0,50.16,0
1120,DOC_003,doctor,view_record,cc4e166f-53eb-f57b-fb9c-72dddeeb448f,2026-04-23 00:36:54,medical_record,MEDICAL_RECORD_4012,11,3,1,0.11,1.959,0,0,41.23,0
1121,PATUSER_017,patient,view_queue,5dd32bff-9eaf-50ef-db4f-c6065be13792,2026-05-23 11:04:12,queue,QUEUE_2966,3,1,0,0.0,1.577,0,0,42.79,0
1122,PATUSER_005,patient,view_record,a992fe7d-cd9b-0ace-6e0b-f6f0b5f01fc3,2026-04-13 18:18:07,medical_record,MEDICAL_RECORD_3926,61,32,0,0.87,1.918,1,1,204.18,1
1123,DOC_001,doctor,view_record,cc4e166f-53eb-f57b-fb9c-72dddeeb448f,2026-05-01 04:32:28,medical_record,MEDICAL_RECORD_8394,9,12,1,0.04,1.95,0,0,20.05,0
1124,PATUSER_001,patient,view_queue,45f758c8-34c3-3fa5-41f9-5906127ba1bd,2026-03-25 11:35:27,queue,QUEUE_6814,1,1,0,0.0,1.906,0,0,50.43,0
1125,DOC_015,doctor,update_diagnosis,1c39de5b-289a-3a1a-669b-2f756efb8bcb,2026-05-07 06:27:44,condition,CONDITION_5529,13,5,0,0.15,1.906,0,0,60.28,0
1126,PATUSER_021,patient,view_queue,4642b627-0caa-32c4-a7cd-87689252d332,2026-05-15 02:56:07,queue,QUEUE_9592,2,1,1,0.0,1.95,0,0,7.69,0
1127,ADM_003,admin,update_schedule,c95c96d5-ac6e-6ab6-143b-6da3e3923f39,2026-05-23 07:03:06,schedule,SCHEDULE_4528,11,2,0,0.0,1.459,0,0,10.09,0
1128,NUR_006,nurse,update_queue,a8bef5c2-6743-79e8-8477-bc3b6244c334,2026-04-17 12:25:18,appointment,APPOINTMENT_5174,23,18,0,0.07,1.5,0,0,39.68,0
1129,PATUSER_009,patient,book_appointment,e7fccc97-5df9-b27f-8322-44fd5b624936,2026-05-02 09:00:16,appointment,APPOINTMENT_7535,3,3,0,0.0,1.834,0,0,11.7,0
1130,DOC_010,doctor,update_diagnosis,3c6d02df-84f2-f9e2-8e09-852349757293,2026-05-10 12:26:05,condition,CONDITION_3495,7,12,0,0.16,1.842,0,0,64.7,0
1131,PATUSER_016,patient,cancel_appointment,073b376b-9659-3e78-c6a6-a08b74d710da,2026-05-17 08:08:53,appointment,APPOINTMENT_1911,2,1,0,0.0,1.459,0,0,42.81,0
1132,PATUSER_009,patient,view_queue,f84719a0-d28d-ec20-64a8-a17992dcd9ac,2026-04-21 06:05:20,queue,QUEUE_1045,2,1,0,0.0,1.988,0,0,38.91,0
1133,PATUSER_004,patient,view_queue,4bab2d0f-4783-619c-46b2-f656667ffb67,2026-04-03 07:15:17,queue,QUEUE_3676,1,3,0,0.0,1.906,0,0,28.32,0
1134,NUR_006,nurse,register_walkin,465dd060-e77a-9924-0d7a-75d52d39a714,2026-03-25 01:30:00,appointment,APPOINTMENT_1737,29,12,1,0.06,1.823,0,0,64.53,0
1135,DOC_010,doctor,view_observation,e8b56457-438e-7a2e-04ee-e0b2ec149f61,2026-03-27 09:38:48,observation,OBSERVATION_8065,23,5,0,0.13,1.406,0,0,18.54,0
1136,DOC_002,doctor,view_record,2b31de7e-3596-37c7-1d46-db12d82e73ef,2026-05-08 09:19:59,medical_record,MEDICAL_RECORD_3727,18,7,0,0.17,1.658,0,0,9.6,0
1137,PATUSER_010,patient,view_own_record,754c6983-a899-1c3c-f51d-2af172b88b91,2026-05-02 02:18:33,medical_record,MEDICAL_RECORD_5444,3,2,1,0.0,1.392,0,0,73.01,0
1138,PATUSER_021,patient,view_queue,d1838618-2a96-9761-0b8d-89a92a022bcc,2026-03-28 07:08:00,queue,QUEUE_9840,6,2,0,0.0,1.677,0,0,51.65,0
1139,NUR_003,nurse,update_queue,dda456b9-cd60-e91b-8a88-fd381a9e4611,2026-05-01 03:50:54,appointment,APPOINTMENT_5566,27,23,1,0.02,1.5,0,0,42.77,0
1140,PATUSER_016,patient,book_appointment,4ca3be26-4f97-27f0-32fa-6ea155eba23a,2026-04-19 11:46:39,appointment,APPOINTMENT_7840,1,3,0,0.0,1.837,0,0,42.83,0
1141,DOC_009,doctor,view_record,7bbc22dd-2b36-8b49-3bcc-14c25dafd13e,2026-05-12 04:16:22,medical_record,MEDICAL_RECORD_2505,24,17,1,0.07,1.491,0,0,40.22,0
1142,DOC_013,doctor,update_diagnosis,d1e9c67e-e701-dbf5-aa21-bb9ae3751b97,2026-04-29 02:29:50,condition,CONDITION_3404,17,15,1,0.02,1.971,0,0,24.3,0
1143,DOC_002,doctor,update_diagnosis,5dd32bff-9eaf-50ef-db4f-c6065be13792,2026-04-12 09:57:15,condition,CONDITION_7901,20,3,0,0.1,1.959,0,0,30.44,0
1144,PATUSER_026,patient,cancel_appointment,a992fe7d-cd9b-0ace-6e0b-f6f0b5f01fc3,2026-05-08 07:15:05,appointment,APPOINTMENT_3258,4,1,0,0.0,1.5,0,0,17.59,0
1145,PATUSER_023,patient,view_queue,ed1c3b46-34b9-221b-cb10-682e9ed9ddbd,2026-03-25 11:40:27,queue,QUEUE_1137,5,2,0,0.0,1.73,1,0,31.18,0
1146,ADM_002,admin,view_report,843d8b33-f833-1324-2aa6-e07c91e49204,2026-05-17 15:27:08,report,REPORT_1381,68,76,0,0.86,1.46,1,0,309.99,1
1147,PATUSER_014,patient,cancel_appointment,717861a2-ab2b-2d2a-6a8f-6388dbff69d2,2026-04-30 02:56:13,appointment,APPOINTMENT_3179,6,1,1,0.0,1.837,0,0,37.2,0
1148,PATUSER_005,patient,book_appointment,3844e0c5-14c7-8f87-19b0-8f769b3bdd70,2026-03-27 07:46:47,appointment,APPOINTMENT_9673,3,3,0,0.0,1.784,0,0,61.79,0
1149,DOC_014,doctor,update_diagnosis,7f857501-0257-2c7f-2e8f-9886705681f3,2026-04-03 04:34:00,condition,CONDITION_1197,15,15,1,0.22,1.0,0,0,16.75,0
1150,NUR_001,nurse,update_vitals,cc4e166f-53eb-f57b-fb9c-72dddeeb448f,2026-03-25 06:44:57,observation,OBSERVATION_2163,11,19,0,0.1,1.971,0,0,34.61,0
1151,ADM_002,admin,view_audit,235bd53d-07f7-5874-c952-5126acfab01e,2026-04-21 10:58:20,audit,AUDIT_5188,2,1,0,0.04,1.975,0,0,49.44,0
1152,NUR_005,nurse,view_audit,fb36d3d9-666c-c4c2-bb96-c9195538d4df,2026-04-17 17:43:15,audit,AUDIT_3017,72,40,0,0.75,1.95,1,1,199.6,1
1153,PATUSER_012,patient,view_queue,b3c9a883-40ea-1452-7b76-62e552e033d2,2026-05-11 02:25:48,queue,QUEUE_5322,6,3,1,0.0,1.846,0,0,42.21,0
1154,PATUSER_016,patient,view_queue,dda456b9-cd60-e91b-8a88-fd381a9e4611,2026-03-28 08:15:40,queue,QUEUE_8085,4,3,0,0.0,1.936,0,0,31.2,0
1155,PATUSER_007,patient,book_appointment,dd0de87d-2596-9c38-a834-6f5246a48a51,2026-05-14 04:09:37,appointment,APPOINTMENT_4061,2,3,1,0.0,1.826,0,0,53.9,0
1156,NUR_002,nurse,view_appointment,3eee4689-2d02-6ec9-c257-42b3adfdcd70,2026-05-05 07:35:31,appointment,APPOINTMENT_7935,15,25,0,0.11,1.379,0,0,55.47,0
1157,PATUSER_015,patient,cancel_appointment,4ca3be26-4f97-27f0-32fa-6ea155eba23a,2026-04-25 03:08:33,appointment,APPOINTMENT_8250,5,2,1,0.0,1.834,0,0,19.87,0
1158,NUR_006,nurse,register_walkin,f8540aed-49fc-9dd6-b195-288635b1d17a,2026-03-25 12:12:22,appointment,APPOINTMENT_9073,27,25,0,0.01,1.061,0,0,20.48,0
1159,PATUSER_004,patient,view_own_record,073b376b-9659-3e78-c6a6-a08b74d710da,2026-04-19 03:52:28,medical_record,MEDICAL_RECORD_6131,2,1,1,0.0,1.859,0,0,55.82,0
1160,DOC_011,doctor,update_diagnosis,7f857501-0257-2c7f-2e8f-9886705681f3,2026-05-10 04:29:37,condition,CONDITION_7885,9,12,1,0.02,1.75,0,0,49.82,0
1161,DOC_009,doctor,create_prescription,054e161c-d33f-0970-2018-1f19582e0813,2026-05-15 00:59:11,prescription,PRESCRIPTION_2711,18,8,1,0.0,1.846,0,0,54.46,0
1162,PATUSER_009,patient,cancel_appointment,d5d8b210-bca5-a9ce-0711-3d09468bfe47,2026-05-17 10:05:19,appointment,APPOINTMENT_3341,6,3,0,0.0,1.75,0,0,57.4,0
1163,PATUSER_028,patient,cancel_appointment,0e697a7b-149b-602d-af6f-7e76ca18c5d7,2026-05-21 06:50:35,appointment,APPOINTMENT_5723,3,1,0,0.0,1.522,0,0,57.17,0
1164,PATUSER_011,patient,view_queue,7225d50f-9363-214e-02d6-3fdc2a246bdc,2026-04-21 04:14:13,queue,QUEUE_3647,3,1,1,0.0,1.585,1,0,10.13,0
1165,NUR_007,nurse,update_queue,d20dc49f-5674-961e-a123-6e3000654b95,2026-05-22 07:34:42,appointment,APPOINTMENT_7063,24,21,0,0.01,1.959,0,0,40.08,0
1166,PATUSER_001,patient,cancel_appointment,a8bef5c2-6743-79e8-8477-bc3b6244c334,2026-04-19 11:28:17,appointment,APPOINTMENT_3525,5,3,0,0.0,1.837,0,0,65.89,0
1167,DOC_013,doctor,view_observation,2b31de7e-3596-37c7-1d46-db12d82e73ef,2026-04-02 01:26:35,observation,OBSERVATION_6283,6,4,1,0.13,0.991,0,0,10.86,0
1168,NUR_006,nurse,update_vitals,5dd32bff-9eaf-50ef-db4f-c6065be13792,2026-04-11 05:26:29,observation,OBSERVATION_7268,23,17,1,0.01,1.846,0,0,22.83,0
1169,ADM_001,admin,update_schedule,8c562216-cb73-0829-2fa4-123468939df6,2026-05-23 01:44:29,schedule,SCHEDULE_8699,4,2,1,0.09,1.842,0,0,23.2,0
1170,DOC_003,doctor,update_diagnosis,4642b627-0caa-32c4-a7cd-87689252d332,2026-04-03 08:24:42,condition,CONDITION_4483,5,10,0,0.09,1.485,0,0,48.55,0
1171,NUR_003,nurse,update_vitals,d1838618-2a96-9761-0b8d-89a92a022bcc,2026-05-19 01:21:27,observation,OBSERVATION_9628,26,19,1,0.08,1.79,0,0,38.29,0
1172,DOC_001,doctor,view_observation,d1838618-2a96-9761-0b8d-89a92a022bcc,2026-04-13 00:58:29,observation,OBSERVATION_1017,19,9,1,0.08,1.975,0,0,57.63,0
1173,DOC_011,doctor,create_prescription,2d457e3d-90cb-357e-f7e0-3014068d2f29,2026-03-30 04:49:27,prescription,PRESCRIPTION_8533,13,7,1,0.14,1.922,0,0,8.1,0
1174,PATUSER_006,patient,view_own_record,b4679b26-64ac-c348-6667-1e9093ae866f,2026-05-06 06:45:33,medical_record,MEDICAL_RECORD_7885,4,2,0,0.0,1.895,0,0,71.9,0
1175,DOC_011,doctor,view_observation,20f1f5b5-38be-6554-7a24-9fcc8d4bd6c4,2026-05-09 04:06:17,observation,OBSERVATION_2616,10,16,1,0.01,1.252,0,0,55.58,0
1176,PATUSER_030,patient,book_appointment,d20dc49f-5674-961e-a123-6e3000654b95,2026-05-06 04:08:27,appointment,APPOINTMENT_9861,6,1,1,0.0,1.922,0,0,17.73,0
1177,PATUSER_008,patient,view_queue,5e236a28-42bb-348c-3267-03ed1a052b40,2026-05-03 03:02:06,queue,QUEUE_9234,4,2,1,0.0,1.361,0,0,44.42,0
1178,PATUSER_013,patient,update_diagnosis,4f74c441-7628-4f98-82a7-f4c99d926736,2026-05-15 18:17:17,condition,CONDITION_2156,45,34,0,0.81,1.753,1,1,136.98,1
1179,PATUSER_016,patient,view_own_record,843d8b33-f833-1324-2aa6-e07c91e49204,2026-05-16 07:23:24,medical_record,MEDICAL_RECORD_7055,4,2,0,0.0,1.825,0,0,46.53,0
1180,PATUSER_008,patient,book_appointment,b4679b26-64ac-c348-6667-1e9093ae866f,2026-04-26 11:43:04,appointment,APPOINTMENT_7539,6,2,0,0.0,1.539,0,0,62.87,0
1181,PATUSER_019,patient,cancel_appointment,21adc8c0-7e1e-5167-1ac1-5449a6a2c73f,2026-05-11 01:32:04,appointment,APPOINTMENT_2940,6,3,1,0.0,1.784,0,0,49.24,0
1182,DOC_004,doctor,create_prescription,4642b627-0caa-32c4-a7cd-87689252d332,2026-04-08 02:44:26,prescription,PRESCRIPTION_8540,12,18,1,0.17,1.971,0,0,15.08,0
1183,PATUSER_008,patient,cancel_appointment,42c1eb05-09a9-eeda-a957-d822de66c536,2026-05-08 08:54:29,appointment,APPOINTMENT_6214,6,1,0,0.0,1.868,0,0,18.37,0
1184,PATUSER_004,patient,book_appointment,d1838618-2a96-9761-0b8d-89a92a022bcc,2026-04-27 00:44:14,appointment,APPOINTMENT_6101,3,1,1,0.0,1.561,0,0,41.74,0
1185,DOC_005,doctor,update_diagnosis,1c39de5b-289a-3a1a-669b-2f756efb8bcb,2026-05-18 07:29:41,condition,CONDITION_4803,6,6,0,0.17,1.784,0,0,73.44,0
1186,PATUSER_016,patient,view_queue,9e25d332-9229-0803-ad9f-ca235142458e,2026-04-24 11:03:20,queue,QUEUE_5885,3,2,0,0.0,0.811,0,0,25.43,0
1187,PATUSER_028,patient,view_audit,3c6d02df-84f2-f9e2-8e09-852349757293,2026-04-25 20:08:42,audit,AUDIT_9340,48,80,0,0.69,2.113,1,1,263.93,1
1188,PATUSER_001,patient,view_own_record,79402472-6884-1aca-759a-a23f36ee8dca,2026-04-15 12:01:52,medical_record,MEDICAL_RECORD_7108,2,3,0,0.0,1.75,0,0,44.55,0
1189,DOC_005,doctor,view_observation,88f931d5-4cfa-4be9-c6be-738d5fc8c215,2026-05-22 10:39:48,observation,OBSERVATION_8979,13,10,0,0.13,1.846,0,0,6.68,0
1190,NUR_003,nurse,update_queue,8db9c819-1c0b-c9a9-3e31-4b85f52201d2,2026-05-21 09:36:33,appointment,APPOINTMENT_4734,11,19,0,0.01,1.922,1,0,5.92,0
1191,PATUSER_026,patient,cancel_appointment,e60a6ecc-5639-5800-4bf2-8e8a2865e55c,2026-05-16 05:01:42,appointment,APPOINTMENT_3483,6,2,1,0.0,1.936,0,0,67.26,0
1192,PATUSER_003,patient,view_queue,5dd32bff-9eaf-50ef-db4f-c6065be13792,2026-05-09 11:18:40,queue,QUEUE_1024,3,3,0,0.0,1.041,1,0,55.82,0
1193,DOC_009,doctor,create_prescription,dd0de87d-2596-9c38-a834-6f5246a48a51,2026-05-14 12:21:22,prescription,PRESCRIPTION_8171,17,10,0,0.06,1.459,0,0,69.52,0
1194,PATUSER_003,patient,view_queue,d5d8b210-bca5-a9ce-0711-3d09468bfe47,2026-05-19 06:55:08,queue,QUEUE_3690,4,2,0,0.0,1.837,0,0,6.13,0
1195,DOC_014,doctor,update_diagnosis,4ca3be26-4f97-27f0-32fa-6ea155eba23a,2026-04-02 06:22:20,condition,CONDITION_9021,7,17,0,0.07,2.0,0,0,30.23,0
1196,PATUSER_024,patient,view_queue,820d39a0-d304-2b9d-25a8-d705deede745,2026-05-21 04:06:09,queue,QUEUE_1736,1,3,1,0.0,1.837,0,0,57.53,0
1197,DOC_002,doctor,view_record,11b2d013-d581-7187-e88b-7a04781d307b,2026-05-10 09:12:42,medical_record,MEDICAL_RECORD_5926,15,3,0,0.21,1.906,0,0,28.42,0
1198,PATUSER_006,patient,view_own_record,9e25d332-9229-0803-ad9f-ca235142458e,2026-04-17 04:09:59,medical_record,MEDICAL_RECORD_1132,1,2,1,0.0,1.95,0,0,24.32,0
1199,NUR_004,nurse,create_prescription,2d457e3d-90cb-357e-f7e0-3014068d2f29,2026-04-25 18:38:32,prescription,PRESCRIPTION_2381,53,35,0,0.8,2.059,1,1,250.63,1
1200,NUR_006,nurse,register_walkin,2d457e3d-90cb-357e-f7e0-3014068d2f29,2026-05-15 01:27:00,appointment,APPOINTMENT_9593,16,13,1,0.05,0.971,0,0,16.96,0
1201,NUR_006,nurse,register_walkin,d1838618-2a96-9761-0b8d-89a92a022bcc,2026-04-03 03:21:56,appointment,APPOINTMENT_1200,18,20,1,0.1,1.557,0,0,43.35,0
1202,PATUSER_001,patient,view_audit,744a7169-4e89-61ff-27f2-3c736abf4368,2026-05-04 18:10:50,audit,AUDIT_5723,47,23,0,0.71,1.5,1,1,249.52,1
1203,PATUSER_023,patient,view_own_record,bee08b10-0c18-396e-9f8a-03e41691509b,2026-04-14 04:30:45,medical_record,MEDICAL_RECORD_1612,2,1,1,0.0,1.669,0,0,38.63,0
1204,DOC_003,doctor,create_prescription,235bd53d-07f7-5874-c952-5126acfab01e,2026-05-05 03:27:35,prescription,PRESCRIPTION_4425,23,7,1,0.04,1.522,0,0,31.07,0
1205,DOC_015,doctor,view_record,668a10b4-c005-0df3-522e-b068e0d29ea9,2026-05-14 03:39:39,medical_record,MEDICAL_RECORD_8253,12,8,1,0.08,1.669,0,0,71.87,0
1206,PATUSER_003,patient,cancel_appointment,465dd060-e77a-9924-0d7a-75d52d39a714,2026-04-05 03:13:32,appointment,APPOINTMENT_7631,3,3,1,0.0,1.577,0,0,35.06,0
1207,PATUSER_029,patient,view_queue,10751dec-9152-b658-beeb-ba433fbb9213,2026-04-17 06:18:50,queue,QUEUE_7057,6,1,0,0.0,1.371,0,0,73.73,0
1208,PATUSER_026,patient,cancel_appointment,8db9c819-1c0b-c9a9-3e31-4b85f52201d2,2026-03-31 10:43:59,appointment,APPOINTMENT_7452,5,1,0,0.0,1.53,0,0,34.16,0
1209,PATUSER_003,patient,view_queue,83948281-33ad-4a11-0a3d-04484caf2ab9,2026-04-02 11:15:09,queue,QUEUE_2340,2,2,0,0.0,1.854,0,0,45.64,0
1210,DOC_011,doctor,update_diagnosis,d9044272-63af-eca3-2a0c-ec9f9c10a98f,2026-04-07 11:08:47,condition,CONDITION_9951,18,9,0,0.16,1.959,0,0,20.72,0
1211,PATUSER_026,patient,view_own_record,8db9c819-1c0b-c9a9-3e31-4b85f52201d2,2026-03-31 06:52:26,medical_record,MEDICAL_RECORD_1965,1,2,0,0.0,1.585,0,0,52.17,0
1212,PATUSER_006,patient,view_queue,5e236a28-42bb-348c-3267-03ed1a052b40,2026-04-29 01:24:14,queue,QUEUE_8242,1,2,1,0.0,1.959,0,0,34.65,0
1213,PATUSER_001,patient,book_appointment,9e25d332-9229-0803-ad9f-ca235142458e,2026-04-18 11:20:13,appointment,APPOINTMENT_4526,3,1,0,0.0,1.837,0,0,74.4,0
1214,PATUSER_001,patient,book_appointment,ed1c3b46-34b9-221b-cb10-682e9ed9ddbd,2026-05-05 04:53:13,appointment,APPOINTMENT_4579,5,3,1,0.0,1.5,0,0,51.74,0
1215,NUR_007,nurse,register_walkin,c95c96d5-ac6e-6ab6-143b-6da3e3923f39,2026-04-01 01:52:18,appointment,APPOINTMENT_4360,9,9,1,0.11,1.988,0,0,29.49,0
1216,PATUSER_019,patient,cancel_appointment,d5d8b210-bca5-a9ce-0711-3d09468bfe47,2026-03-30 02:12:32,appointment,APPOINTMENT_5635,3,1,1,0.0,1.761,0,0,43.18,0
1217,PATUSER_013,patient,cancel_appointment,7225d50f-9363-214e-02d6-3fdc2a246bdc,2026-05-05 10:24:28,appointment,APPOINTMENT_2950,6,3,0,0.0,1.5,0,0,6.74,0
1218,PATUSER_001,patient,book_appointment,83948281-33ad-4a11-0a3d-04484caf2ab9,2026-04-12 00:35:36,appointment,APPOINTMENT_4432,6,1,1,0.0,1.379,0,0,47.16,0
1219,NUR_006,nurse,register_walkin,4ca3be26-4f97-27f0-32fa-6ea155eba23a,2026-04-07 07:25:03,appointment,APPOINTMENT_2620,9,21,0,0.07,1.5,0,0,39.0,0
1220,PATUSER_030,patient,view_own_record,2d457e3d-90cb-357e-f7e0-3014068d2f29,2026-05-01 02:09:48,medical_record,MEDICAL_RECORD_1070,4,1,1,0.0,2.0,0,0,14.47,0
1221,DOC_011,doctor,view_observation,a82f0145-e797-d65d-bebf-e49dd38bac1e,2026-05-18 09:06:48,observation,OBSERVATION_9357,22,5,0,0.06,1.252,0,0,63.83,0
1222,ADM_002,admin,view_audit,f5de0af7-bfb4-270e-8175-e12515583ea8,2026-03-27 05:25:09,audit,AUDIT_2949,15,6,1,0.02,1.811,0,0,43.79,0
1223,ADM_001,admin,update_schedule,e94fc8e2-b867-5164-0607-5e5eb581b150,2026-05-02 01:08:56,schedule,SCHEDULE_6523,3,3,1,0.01,1.459,0,0,28.2,0
1224,DOC_011,doctor,update_diagnosis,5dd32bff-9eaf-50ef-db4f-c6065be13792,2026-04-25 03:13:20,condition,CONDITION_6582,20,12,1,0.2,1.79,1,0,49.31,0
1225,PATUSER_003,patient,cancel_appointment,b09b332a-a8b1-5541-6855-d6420f922505,2026-05-20 10:36:23,appointment,APPOINTMENT_5243,4,1,0,0.0,1.936,0,0,59.48,0
1226,ADM_003,admin,view_report,6383af50-c8f6-0c22-1dd4-6ee2be572cb1,2026-04-01 08:19:43,report,REPORT_7703,2,0,0,0.01,1.846,0,0,50.77,0
1227,PATUSER_010,patient,view_own_record,e7fccc97-5df9-b27f-8322-44fd5b624936,2026-04-24 10:52:39,medical_record,MEDICAL_RECORD_5651,3,1,0,0.0,1.189,0,0,42.54,0
1228,DOC_001,doctor,update_diagnosis,a24f1dcf-ef87-f609-183a-d00bcc9b7292,2026-03-27 07:26:46,condition,CONDITION_4738,15,7,0,0.12,1.5,0,0,47.42,0
1229,ADM_002,admin,view_report,11b2d013-d581-7187-e88b-7a04781d307b,2026-04-06 01:47:18,report,REPORT_2927,13,1,1,0.09,1.918,0,0,7.08,0
1230,PATUSER_016,patient,view_queue,0e697a7b-149b-602d-af6f-7e76ca18c5d7,2026-04-27 10:41:30,queue,QUEUE_3068,3,2,0,0.0,1.65,0,0,7.87,0
1231,PATUSER_026,patient,view_queue,2faf5170-7c17-9c76-c091-5349b5ecad23,2026-04-12 02:13:25,queue,QUEUE_7316,6,2,1,0.0,1.459,0,0,43.9,0
1232,DOC_015,doctor,view_record,a992fe7d-cd9b-0ace-6e0b-f6f0b5f01fc3,2026-05-06 07:35:35,medical_record,MEDICAL_RECORD_1341,22,3,0,0.15,1.669,0,0,44.08,0
1233,PATUSER_010,patient,view_queue,e60a6ecc-5639-5800-4bf2-8e8a2865e55c,2026-04-30 03:06:32,queue,QUEUE_7365,5,3,1,0.0,1.811,1,0,34.34,0
1234,NUR_007,nurse,register_walkin,a8bef5c2-6743-79e8-8477-bc3b6244c334,2026-04-19 03:46:38,appointment,APPOINTMENT_1335,15,20,1,0.09,1.846,0,0,67.56,0
1235,PATUSER_008,patient,view_queue,20f1f5b5-38be-6554-7a24-9fcc8d4bd6c4,2026-04-12 07:43:48,queue,QUEUE_5939,6,2,0,0.0,1.617,0,0,16.25,0
1236,PATUSER_008,patient,update_diagnosis,e1571870-cf37-1c6b-c97f-c4ab9a32b172,2026-04-14 16:47:44,condition,CONDITION_3656,52,25,0,0.8,2.104,0,1,212.34,1
1237,NUR_003,nurse,view_appointment,054e161c-d33f-0970-2018-1f19582e0813,2026-05-07 08:04:47,appointment,APPOINTMENT_4708,9,13,0,0.12,1.918,0,0,51.0,0
1238,DOC_003,doctor,view_record,2925a752-da6a-ef1f-31aa-68b0c2ff5027,2026-04-22 02:36:35,medical_record,MEDICAL_RECORD_8602,24,16,1,0.09,1.811,0,0,53.31,0
1239,PATUSER_010,patient,view_queue,8e21cb1f-b016-dda9-1d06-c920c24a0b37,2026-04-18 03:04:42,queue,QUEUE_6815,1,2,1,0.0,1.0,0,0,46.32,0
1240,PATUSER_024,patient,view_audit,d7b30817-a7e4-d7c5-8582-63d251b6f98c,2026-04-27 18:16:21,audit,AUDIT_7848,42,73,0,0.73,1.5,0,1,270.03,1
1241,DOC_007,doctor,view_observation,5dd32bff-9eaf-50ef-db4f-c6065be13792,2026-05-02 00:57:34,observation,OBSERVATION_6596,8,10,1,0.14,1.5,0,0,48.33,0
1242,PATUSER_003,patient,cancel_appointment,b4679b26-64ac-c348-6667-1e9093ae866f,2026-05-08 02:57:33,appointment,APPOINTMENT_6638,2,2,1,0.0,1.837,0,0,55.26,0
1243,PATUSER_022,patient,view_queue,ea7deb48-7fa5-3406-28b9-051b0c18d363,2026-04-23 04:25:19,queue,QUEUE_8226,2,3,1,0.0,0.971,0,0,72.37,0
1244,PATUSER_022,patient,cancel_appointment,a8bef5c2-6743-79e8-8477-bc3b6244c334,2026-05-12 03:48:41,appointment,APPOINTMENT_7849,4,1,1,0.0,1.776,0,0,13.28,0
1245,DOC_005,doctor,view_record,5dd32bff-9eaf-50ef-db4f-c6065be13792,2026-04-20 10:08:33,medical_record,MEDICAL_RECORD_8839,10,5,0,0.18,1.459,0,0,38.38,0
1246,PATUSER_016,patient,view_queue,155649eb-5d3e-41ca-5a2c-78972a1721f4,2026-04-07 07:47:44,queue,QUEUE_2173,1,2,0,0.0,1.918,0,0,38.45,0
1247,DOC_009,doctor,view_observation,cc4e166f-53eb-f57b-fb9c-72dddeeb448f,2026-03-30 10:31:47,observation,OBSERVATION_4394,21,12,0,0.14,1.884,0,0,20.45,0
1248,DOC_010,doctor,update_diagnosis,d1838618-2a96-9761-0b8d-89a92a022bcc,2026-03-31 05:58:11,condition,CONDITION_9581,24,15,1,0.08,1.842,0,0,72.96,0
1249,DOC_009,doctor,update_diagnosis,f8540aed-49fc-9dd6-b195-288635b1d17a,2026-04-03 17:10:56,condition,CONDITION_8992,84,37,0,0.87,1.906,0,0,364.36,1
1250,DOC_012,doctor,update_diagnosis,f8540aed-49fc-9dd6-b195-288635b1d17a,2026-05-07 05:51:49,condition,CONDITION_1355,16,10,1,0.21,1.738,0,0,39.23,0
1251,NUR_005,nurse,update_vitals,392c8ae6-3c3b-1ff7-c35c-4e64946db9b6,2026-04-14 02:51:03,observation,OBSERVATION_8328,18,6,1,0.12,1.522,0,0,72.95,0
1252,PATUSER_002,patient,view_queue,d1e9c67e-e701-dbf5-aa21-bb9ae3751b97,2026-05-01 03:15:42,queue,QUEUE_1071,5,1,1,0.0,2.0,0,0,54.15,0
1253,DOC_012,doctor,view_record,465dd060-e77a-9924-0d7a-75d52d39a714,2026-04-12 04:24:51,medical_record,MEDICAL_RECORD_5794,14,18,1,0.1,1.884,0,0,53.27,0
1254,PATUSER_004,patient,book_appointment,10751dec-9152-b658-beeb-ba433fbb9213,2026-05-08 02:30:28,appointment,APPOINTMENT_7478,2,1,1,0.0,1.75,0,0,56.18,0
1255,DOC_013,doctor,create_prescription,f84719a0-d28d-ec20-64a8-a17992dcd9ac,2026-03-26 04:19:22,prescription,PRESCRIPTION_1375,9,16,1,0.04,1.555,0,0,74.19,0
1256,PATUSER_026,patient,view_own_record,b23941a4-269e-2ac4-8ced-75d1ac8b1b1d,2026-05-08 11:39:53,medical_record,MEDICAL_RECORD_1851,5,3,0,0.0,1.837,0,0,55.66,0
1257,DOC_008,doctor,create_prescription,6383af50-c8f6-0c22-1dd4-6ee2be572cb1,2026-04-17 02:30:21,prescription,PRESCRIPTION_2797,13,14,1,0.17,1.922,0,0,44.47,0
1258,PATUSER_006,patient,view_own_record,b4679b26-64ac-c348-6667-1e9093ae866f,2026-04-07 09:00:15,medical_record,MEDICAL_RECORD_7307,6,3,0,0.0,1.614,0,0,49.96,0
1259,PATUSER_008,patient,view_own_record,219c0f88-2190-9af2-4122-bcf1c4f4a0bf,2026-04-11 10:59:10,medical_record,MEDICAL_RECORD_9459,2,2,0,0.0,1.79,0,0,49.4,0
1260,NUR_006,nurse,register_walkin,cc4e166f-53eb-f57b-fb9c-72dddeeb448f,2026-05-23 08:04:31,appointment,APPOINTMENT_7951,11,21,0,0.1,1.677,0,0,23.36,0
1261,PATUSER_027,patient,view_queue,7f857501-0257-2c7f-2e8f-9886705681f3,2026-04-22 06:49:06,queue,QUEUE_7142,1,1,0,0.0,1.959,0,0,37.9,0
1262,DOC_013,doctor,create_prescription,fb36d3d9-666c-c4c2-bb96-c9195538d4df,2026-04-28 10:49:44,prescription,PRESCRIPTION_3326,22,5,0,0.13,1.379,0,0,35.78,0
1263,DOC_007,doctor,update_diagnosis,2d457e3d-90cb-357e-f7e0-3014068d2f29,2026-05-23 11:53:56,condition,CONDITION_8847,20,13,0,0.12,1.686,0,0,28.12,0
1264,PATUSER_024,patient,cancel_appointment,21b4ddc5-081e-1ecd-3573-f2ea42677b66,2026-05-15 10:14:14,appointment,APPOINTMENT_2744,5,3,0,0.0,1.252,0,0,27.17,0
1265,NUR_001,nurse,view_audit,1290bba5-c164-4273-9694-c3ce92270ef2,2026-05-22 20:56:37,audit,AUDIT_6227,64,72,0,0.71,2.118,0,1,280.55,1
1266,DOC_009,doctor,view_observation,0e697a7b-149b-602d-af6f-7e76ca18c5d7,2026-05-22 07:31:38,observation,OBSERVATION_4169,21,15,0,0.04,1.5,0,0,9.3,0
1267,NUR_004,nurse,update_vitals,e94fc8e2-b867-5164-0607-5e5eb581b150,2026-04-24 07:33:17,observation,OBSERVATION_8118,14,7,0,0.04,1.371,0,0,64.41,0
1268,ADM_001,admin,update_schedule,e7fccc97-5df9-b27f-8322-44fd5b624936,2026-04-27 07:20:44,schedule,SCHEDULE_3267,14,7,0,0.04,1.906,0,0,47.66,0
1269,PATUSER_019,patient,book_appointment,fb36d3d9-666c-c4c2-bb96-c9195538d4df,2026-04-02 12:19:34,appointment,APPOINTMENT_1348,3,1,0,0.0,1.922,0,0,48.69,0
1270,ADM_002,admin,view_audit,3bc81e09-7091-bc59-a58a-39b485d9e48b,2026-03-30 08:24:50,audit,AUDIT_7865,12,3,0,0.04,1.371,0,0,28.42,0
1271,DOC_001,doctor,update_diagnosis,754c6983-a899-1c3c-f51d-2af172b88b91,2026-05-17 16:56:27,condition,CONDITION_7601,43,45,0,0.77,1.884,1,0,335.33,1
1272,PATUSER_006,patient,view_queue,910f9d72-b5f2-60bf-8302-274ac5d74635,2026-05-04 04:51:23,queue,QUEUE_7679,4,1,1,0.0,1.557,0,0,54.76,0
1273,PATUSER_003,patient,book_appointment,0e697a7b-149b-602d-af6f-7e76ca18c5d7,2026-05-10 08:58:11,appointment,APPOINTMENT_2414,2,2,0,0.0,1.299,0,0,28.32,0
1274,NUR_005,nurse,view_appointment,7f857501-0257-2c7f-2e8f-9886705681f3,2026-04-07 07:18:38,appointment,APPOINTMENT_4841,8,16,0,0.01,1.922,1,0,58.6,0
1275,NUR_006,nurse,register_walkin,5dd32bff-9eaf-50ef-db4f-c6065be13792,2026-03-30 11:24:32,appointment,APPOINTMENT_8264,14,18,0,0.07,0.811,0,0,67.77,0
1276,PATUSER_009,patient,book_appointment,a2ff83e0-2cc0-50a4-b008-52a1add72ced,2026-04-15 01:10:46,appointment,APPOINTMENT_7958,3,3,1,0.0,1.837,0,0,17.14,0
1277,DOC_006,doctor,view_record,7bbc22dd-2b36-8b49-3bcc-14c25dafd13e,2026-04-02 06:35:12,medical_record,MEDICAL_RECORD_1595,17,8,0,0.12,1.784,0,0,40.83,0
1278,ADM_001,admin,manage_user,c72a8c6e-1dfd-0a8b-20e7-066eadd4931c,2026-05-02 03:55:08,user,USER_8772,12,3,1,0.0,1.75,0,0,39.8,0
1279,PATUSER_002,patient,view_queue,235bd53d-07f7-5874-c952-5126acfab01e,2026-04-21 05:57:13,queue,QUEUE_7496,6,1,1,0.0,1.73,0,0,12.27,0
1280,PATUSER_025,patient,view_queue,b4679b26-64ac-c348-6667-1e9093ae866f,2026-04-21 02:53:57,queue,QUEUE_5774,4,2,1,0.0,1.825,0,0,16.12,0
1281,PATUSER_013,patient,view_queue,12a088f3-264b-6a9f-9a57-678747110969,2026-04-24 05:55:38,queue,QUEUE_1480,5,3,1,0.0,1.891,0,0,27.64,0
1282,DOC_005,doctor,view_observation,d1838618-2a96-9761-0b8d-89a92a022bcc,2026-04-29 05:03:41,observation,OBSERVATION_2520,8,17,1,0.02,1.522,0,0,32.13,0
1283,PATUSER_010,patient,view_queue,4bab2d0f-4783-619c-46b2-f656667ffb67,2026-03-27 01:30:24,queue,QUEUE_6727,6,1,1,0.0,1.975,0,0,26.59,0
1284,PATUSER_016,patient,book_appointment,465dd060-e77a-9924-0d7a-75d52d39a714,2026-03-26 00:33:35,appointment,APPOINTMENT_9083,6,1,1,0.0,1.792,0,0,59.18,0
1285,NUR_003,nurse,update_queue,dd0de87d-2596-9c38-a834-6f5246a48a51,2026-04-20 01:04:42,appointment,APPOINTMENT_7306,20,25,1,0.04,1.784,0,0,16.34,0
1286,PATUSER_017,patient,book_appointment,d9044272-63af-eca3-2a0c-ec9f9c10a98f,2026-04-24 03:17:16,appointment,APPOINTMENT_7020,3,3,1,0.0,1.906,0,0,36.59,0
1287,PATUSER_002,patient,view_queue,2b31de7e-3596-37c7-1d46-db12d82e73ef,2026-05-14 07:39:52,queue,QUEUE_7239,3,1,0,0.0,1.549,0,0,42.99,0
1288,PATUSER_017,patient,book_appointment,dd55f477-af88-4543-f8c0-dca25a96c4cb,2026-05-06 09:14:24,appointment,APPOINTMENT_5910,5,3,0,0.0,1.483,0,0,29.78,0
1289,PATUSER_009,patient,view_queue,4ca3be26-4f97-27f0-32fa-6ea155eba23a,2026-03-25 03:26:01,queue,QUEUE_8055,1,3,1,0.0,1.5,0,0,38.09,0
1290,PATUSER_014,patient,cancel_appointment,19e9c5a5-4114-0f95-e5e8-29cd6749d4e1,2026-04-14 09:17:32,appointment,APPOINTMENT_8593,1,2,0,0.0,1.5,1,0,55.68,0
1291,DOC_011,doctor,create_prescription,e60a6ecc-5639-5800-4bf2-8e8a2865e55c,2026-04-30 00:29:13,prescription,PRESCRIPTION_7909,6,17,1,0.04,1.868,0,0,74.01,0
1292,DOC_009,doctor,view_record,e8b56457-438e-7a2e-04ee-e0b2ec149f61,2026-04-13 05:47:30,medical_record,MEDICAL_RECORD_9052,8,14,1,0.01,1.825,0,0,53.8,0
1293,PATUSER_015,patient,view_own_record,e94fc8e2-b867-5164-0607-5e5eb581b150,2026-04-01 05:35:44,medical_record,MEDICAL_RECORD_3441,2,1,1,0.0,1.975,0,0,55.74,0
1294,PATUSER_011,patient,view_own_record,3eee4689-2d02-6ec9-c257-42b3adfdcd70,2026-04-27 10:50:00,medical_record,MEDICAL_RECORD_6311,4,1,0,0.0,1.784,0,0,29.08,0
1295,DOC_007,doctor,create_prescription,d5d8b210-bca5-a9ce-0711-3d09468bfe47,2026-05-08 15:56:13,prescription,PRESCRIPTION_5098,54,42,0,0.92,1.361,1,0,346.74,1
1296,ADM_003,admin,update_schedule,3844e0c5-14c7-8f87-19b0-8f769b3bdd70,2026-05-10 03:13:17,schedule,SCHEDULE_1470,15,1,1,0.07,1.792,0,0,31.22,0
1297,PATUSER_008,patient,view_own_record,bfb0d055-557b-4579-1a3b-78cc2ead82c9,2026-04-21 02:02:43,medical_record,MEDICAL_RECORD_6405,5,3,1,0.0,1.922,0,0,16.18,0
1298,PATUSER_022,patient,view_queue,42c1eb05-09a9-eeda-a957-d822de66c536,2026-04-22 09:41:12,queue,QUEUE_9700,5,1,0,0.0,1.371,0,0,13.75,0
1299,PATUSER_011,patient,cancel_appointment,8c562216-cb73-0829-2fa4-123468939df6,2026-05-05 00:35:32,appointment,APPOINTMENT_2754,3,3,1,0.0,1.753,0,0,70.5,0
1300,NUR_001,nurse,register_walkin,8e21cb1f-b016-dda9-1d06-c920c24a0b37,2026-04-01 08:11:50,appointment,APPOINTMENT_1624,19,17,0,0.05,1.854,0,0,47.45,0
1301,PATUSER_019,patient,view_own_record,8c562216-cb73-0829-2fa4-123468939df6,2026-04-14 02:27:55,medical_record,MEDICAL_RECORD_2366,6,3,1,0.0,1.854,0,0,13.31,0
1302,PATUSER_023,patient,update_diagnosis,10751dec-9152-b658-beeb-ba433fbb9213,2026-04-28 20:41:54,condition,CONDITION_8129,66,34,0,0.92,1.922,0,1,167.02,1
1303,PATUSER_025,patient,view_queue,9e25d332-9229-0803-ad9f-ca235142458e,2026-03-25 00:55:10,queue,QUEUE_1169,3,1,1,0.0,1.753,0,0,52.77,0
1304,PATUSER_027,patient,book_appointment,f8540aed-49fc-9dd6-b195-288635b1d17a,2026-04-29 00:58:04,appointment,APPOINTMENT_1905,2,3,1,0.0,1.0,0,0,61.48,0
1305,DOC_011,doctor,view_record,01974f36-ced2-c38e-32c5-1b09e1fe1638,2026-04-11 08:27:07,medical_record,MEDICAL_RECORD_7946,17,17,0,0.17,2.0,0,0,50.4,0
1306,PATUSER_010,patient,view_queue,45f758c8-34c3-3fa5-41f9-5906127ba1bd,2026-04-05 00:30:32,queue,QUEUE_3616,1,1,1,0.0,1.975,0,0,51.55,0
1307,DOC_010,doctor,create_prescription,820d39a0-d304-2b9d-25a8-d705deede745,2026-03-26 18:16:04,prescription,PRESCRIPTION_7804,69,62,0,0.83,1.522,1,0,358.83,1
1308,PATUSER_029,patient,update_diagnosis,a992fe7d-cd9b-0ace-6e0b-f6f0b5f01fc3,2026-04-23 20:42:16,condition,CONDITION_2323,71,63,0,0.87,2.162,0,1,314.55,1
1309,NUR_002,nurse,view_appointment,a2ff83e0-2cc0-50a4-b008-52a1add72ced,2026-04-29 01:50:24,appointment,APPOINTMENT_5979,9,21,1,0.11,1.784,0,0,35.36,0
1310,ADM_002,admin,view_audit,4f74c441-7628-4f98-82a7-f4c99d926736,2026-05-02 05:37:58,audit,AUDIT_7566,8,7,1,0.01,1.868,0,0,28.69,0
1311,DOC_007,doctor,view_observation,820d39a0-d304-2b9d-25a8-d705deede745,2026-04-07 06:55:35,observation,OBSERVATION_7405,17,17,0,0.12,1.959,0,0,31.06,0
1312,ADM_003,admin,update_schedule,d20dc49f-5674-961e-a123-6e3000654b95,2026-04-20 07:15:35,schedule,SCHEDULE_7500,5,3,0,0.0,1.906,0,0,12.73,0
1313,PATUSER_010,patient,view_queue,10751dec-9152-b658-beeb-ba433fbb9213,2026-04-14 03:51:03,queue,QUEUE_8969,4,2,1,0.0,1.895,0,0,63.92,0
1314,PATUSER_019,patient,view_own_record,b09b332a-a8b1-5541-6855-d6420f922505,2026-05-12 10:49:05,medical_record,MEDICAL_RECORD_6403,2,2,0,0.0,1.459,0,0,53.31,0
1315,PATUSER_014,patient,book_appointment,843d8b33-f833-1324-2aa6-e07c91e49204,2026-05-01 01:32:34,appointment,APPOINTMENT_8312,1,2,1,0.0,1.677,0,0,57.0,0
1316,PATUSER_020,patient,view_queue,c5d42b3b-72de-b953-545d-1de4cf59d279,2026-04-27 07:06:15,queue,QUEUE_2808,6,1,0,0.0,1.959,0,0,38.63,0
1317,NUR_003,nurse,register_walkin,155649eb-5d3e-41ca-5a2c-78972a1721f4,2026-05-21 06:26:56,appointment,APPOINTMENT_7005,18,19,0,0.04,1.868,0,0,43.7,0
1318,PATUSER_029,patient,view_queue,754c6983-a899-1c3c-f51d-2af172b88b91,2026-04-07 02:58:27,queue,QUEUE_2259,6,2,1,0.0,1.5,0,0,46.77,0
1319,PATUSER_003,patient,book_appointment,671064b5-039b-51a8-7e40-8e6baa0a7e35,2026-05-15 06:10:41,appointment,APPOINTMENT_5386,2,3,0,0.0,1.922,0,0,13.04,0
1320,PATUSER_013,patient,update_diagnosis,3844e0c5-14c7-8f87-19b0-8f769b3bdd70,2026-04-03 17:04:51,condition,CONDITION_3509,54,64,0,0.85,2.156,0,1,192.8,1
1321,PATUSER_006,patient,cancel_appointment,f84719a0-d28d-ec20-64a8-a17992dcd9ac,2026-05-13 12:23:50,appointment,APPOINTMENT_3985,2,3,0,0.0,1.936,0,0,15.18,0
1322,PATUSER_021,patient,cancel_appointment,d1838618-2a96-9761-0b8d-89a92a022bcc,2026-04-16 00:42:35,appointment,APPOINTMENT_4565,1,3,1,0.0,1.664,0,0,21.33,0
1323,PATUSER_025,patient,update_diagnosis,4642b627-0caa-32c4-a7cd-87689252d332,2026-05-05 18:13:50,condition,CONDITION_4083,35,77,0,0.9,2.2,1,1,299.34,1
1324,NUR_007,nurse,update_vitals,a8bef5c2-6743-79e8-8477-bc3b6244c334,2026-04-06 02:25:56,observation,OBSERVATION_8845,21,18,1,0.06,1.5,0,0,19.43,0
1325,PATUSER_018,patient,book_appointment,dd55f477-af88-4543-f8c0-dca25a96c4cb,2026-05-05 04:37:16,appointment,APPOINTMENT_4028,1,3,1,0.0,1.371,0,0,26.39,0
1326,PATUSER_022,patient,cancel_appointment,9e25d332-9229-0803-ad9f-ca235142458e,2026-04-12 05:43:39,appointment,APPOINTMENT_6751,3,1,1,0.0,1.888,0,0,43.1,0
1327,PATUSER_020,patient,view_own_record,b23941a4-269e-2ac4-8ced-75d1ac8b1b1d,2026-04-15 01:52:46,medical_record,MEDICAL_RECORD_3199,1,3,1,0.0,1.884,0,0,34.81,0
1328,NUR_005,nurse,register_walkin,3c6d02df-84f2-f9e2-8e09-852349757293,2026-05-06 02:24:21,appointment,APPOINTMENT_6235,29,25,1,0.01,2.0,0,0,17.54,0
1329,PATUSER_015,patient,book_appointment,b3c9a883-40ea-1452-7b76-62e552e033d2,2026-04-09 11:56:53,appointment,APPOINTMENT_5096,5,3,0,0.0,1.685,0,0,7.47,0
1330,DOC_006,doctor,create_prescription,1f534514-2f45-191e-04b4-ad9e93bdf422,2026-05-14 11:16:48,prescription,PRESCRIPTION_5426,22,9,0,0.13,1.75,1,0,48.48,0
1331,PATUSER_002,patient,book_appointment,57b901cb-d3d2-258c-2773-57008eb32345,2026-04-10 04:39:59,appointment,APPOINTMENT_9318,6,3,1,0.0,1.922,0,0,21.11,0
1332,PATUSER_003,patient,book_appointment,392c8ae6-3c3b-1ff7-c35c-4e64946db9b6,2026-04-18 06:05:37,appointment,APPOINTMENT_3672,3,1,0,0.0,1.837,0,0,55.92,0
1333,PATUSER_024,patient,view_queue,b23941a4-269e-2ac4-8ced-75d1ac8b1b1d,2026-05-17 11:07:24,queue,QUEUE_2574,5,3,0,0.0,1.449,0,0,47.61,0
1334,PATUSER_029,patient,book_appointment,0369610a-4641-e2d5-80b2-844b2bd99f16,2026-03-25 06:29:17,appointment,APPOINTMENT_9829,3,1,0,0.0,1.526,0,0,13.72,0
1335,PATUSER_015,patient,view_own_record,12a088f3-264b-6a9f-9a57-678747110969,2026-05-19 08:22:24,medical_record,MEDICAL_RECORD_7425,1,2,0,0.0,1.669,0,0,37.03,0
1336,PATUSER_006,patient,view_own_record,4f74c441-7628-4f98-82a7-f4c99d926736,2026-04-28 07:13:01,medical_record,MEDICAL_RECORD_5792,4,3,0,0.0,1.0,0,0,50.68,0
1337,NUR_002,nurse,view_appointment,7bbc22dd-2b36-8b49-3bcc-14c25dafd13e,2026-05-03 12:23:09,appointment,APPOINTMENT_1746,29,11,0,0.02,1.669,0,0,72.88,0
1338,DOC_009,doctor,create_prescription,a8bef5c2-6743-79e8-8477-bc3b6244c334,2026-05-21 11:48:20,prescription,PRESCRIPTION_1912,13,8,0,0.17,1.522,0,0,38.01,0
1339,PATUSER_019,patient,book_appointment,073b376b-9659-3e78-c6a6-a08b74d710da,2026-05-12 08:51:24,appointment,APPOINTMENT_4616,3,3,0,0.0,1.959,0,0,34.95,0
1340,DOC_002,doctor,view_observation,d7b30817-a7e4-d7c5-8582-63d251b6f98c,2026-05-02 01:47:34,observation,OBSERVATION_9023,5,5,1,0.19,1.5,0,0,43.45,0
1341,PATUSER_005,patient,view_queue,3844e0c5-14c7-8f87-19b0-8f769b3bdd70,2026-04-03 06:29:41,queue,QUEUE_4811,4,1,0,0.0,1.571,0,0,32.11,0
1342,DOC_007,doctor,view_observation,f84719a0-d28d-ec20-64a8-a17992dcd9ac,2026-05-09 11:20:16,observation,OBSERVATION_7774,9,9,0,0.05,1.79,0,0,34.52,0
1343,DOC_009,doctor,view_observation,7f857501-0257-2c7f-2e8f-9886705681f3,2026-05-16 06:57:45,observation,OBSERVATION_8309,19,13,0,0.15,1.352,0,0,68.12,0
1344,PATUSER_023,patient,view_queue,a24f1dcf-ef87-f609-183a-d00bcc9b7292,2026-04-12 04:27:45,queue,QUEUE_6811,1,1,1,0.0,-0.0,0,0,37.6,0
1345,DOC_006,doctor,create_prescription,5dd32bff-9eaf-50ef-db4f-c6065be13792,2026-05-05 08:15:42,prescription,PRESCRIPTION_5315,16,9,0,0.07,1.95,0,0,57.81,0
1346,NUR_007,nurse,update_queue,2b31de7e-3596-37c7-1d46-db12d82e73ef,2026-05-19 06:09:37,appointment,APPOINTMENT_5022,28,19,0,0.04,1.357,0,0,17.62,0
1347,PATUSER_028,patient,view_queue,df4576f2-f38f-02c0-b20f-6153754c41a6,2026-05-17 10:46:34,queue,QUEUE_8351,3,2,0,0.0,1.784,0,0,47.0,0
1348,PATUSER_003,patient,view_own_record,465dd060-e77a-9924-0d7a-75d52d39a714,2026-04-11 09:12:58,medical_record,MEDICAL_RECORD_9630,6,3,0,0.0,1.95,0,0,39.08,0
1349,PATUSER_017,patient,view_own_record,79402472-6884-1aca-759a-a23f36ee8dca,2026-05-10 04:38:05,medical_record,MEDICAL_RECORD_5558,6,1,1,0.0,1.585,0,0,53.42,0
1350,PATUSER_029,patient,view_own_record,a2ff83e0-2cc0-50a4-b008-52a1add72ced,2026-04-10 03:29:51,medical_record,MEDICAL_RECORD_6038,5,3,1,0.0,1.449,0,0,69.02,0
1351,PATUSER_004,patient,cancel_appointment,073b376b-9659-3e78-c6a6-a08b74d710da,2026-04-04 03:42:58,appointment,APPOINTMENT_1273,5,3,1,0.0,1.5,0,0,22.73,0
1352,PATUSER_023,patient,book_appointment,ea7deb48-7fa5-3406-28b9-051b0c18d363,2026-05-17 02:48:34,appointment,APPOINTMENT_7004,6,1,1,0.0,1.971,0,0,38.66,0
1353,DOC_005,doctor,view_observation,8c562216-cb73-0829-2fa4-123468939df6,2026-05-13 03:47:03,observation,OBSERVATION_9560,5,7,1,0.08,1.975,0,0,23.73,0
1354,NUR_005,nurse,view_appointment,9b5ce034-80bf-4c6b-f400-3a89fc0d135b,2026-05-15 11:00:22,appointment,APPOINTMENT_9974,10,11,0,0.12,1.846,0,0,31.26,0
1355,PATUSER_021,patient,cancel_appointment,047f3ed4-bdea-7cd6-6e80-8537a3979cc6,2026-05-19 11:50:41,appointment,APPOINTMENT_8590,1,1,0,0.0,1.459,0,0,9.55,0
1356,PATUSER_023,patient,cancel_appointment,e7fccc97-5df9-b27f-8322-44fd5b624936,2026-04-03 00:57:26,appointment,APPOINTMENT_2373,5,3,1,0.0,1.906,0,0,17.14,0
1357,NUR_007,nurse,register_walkin,f5de0af7-bfb4-270e-8175-e12515583ea8,2026-04-06 05:30:20,appointment,APPOINTMENT_6907,19,12,1,0.1,0.954,0,0,27.45,0
1358,PATUSER_015,patient,view_queue,e8b56457-438e-7a2e-04ee-e0b2ec149f61,2026-04-09 11:14:20,queue,QUEUE_3501,3,2,0,0.0,1.975,0,0,56.9,0
1359,DOC_004,doctor,view_observation,a24f1dcf-ef87-f609-183a-d00bcc9b7292,2026-05-05 10:51:13,observation,OBSERVATION_5096,7,6,0,0.01,1.5,0,0,69.24,0
1360,DOC_009,doctor,view_record,054e161c-d33f-0970-2018-1f19582e0813,2026-05-04 02:18:00,medical_record,MEDICAL_RECORD_1063,17,7,1,0.09,1.895,0,0,13.82,0
1361,DOC_001,doctor,view_observation,dda456b9-cd60-e91b-8a88-fd381a9e4611,2026-03-28 04:11:41,observation,OBSERVATION_9082,9,14,1,0.11,1.585,0,0,43.59,0
1362,PATUSER_023,patient,cancel_appointment,b09b332a-a8b1-5541-6855-d6420f922505,2026-03-30 03:44:50,appointment,APPOINTMENT_9454,5,2,1,0.0,1.5,0,0,15.13,0
1363,PATUSER_001,patient,view_record,8db9c819-1c0b-c9a9-3e31-4b85f52201d2,2026-04-09 19:26:55,medical_record,MEDICAL_RECORD_5213,37,38,0,0.83,1.891,0,1,357.39,1
1364,DOC_006,doctor,view_record,ea7deb48-7fa5-3406-28b9-051b0c18d363,2026-03-31 12:23:53,medical_record,MEDICAL_RECORD_4893,23,13,0,0.1,1.658,0,0,23.17,0
1365,DOC_005,doctor,view_record,820d39a0-d304-2b9d-25a8-d705deede745,2026-05-20 10:31:35,medical_record,MEDICAL_RECORD_6394,6,16,0,0.14,1.888,0,0,14.66,0
1366,DOC_008,doctor,update_diagnosis,1f534514-2f45-191e-04b4-ad9e93bdf422,2026-04-13 11:31:06,condition,CONDITION_4921,13,13,0,0.16,1.906,0,0,71.55,0
1367,PATUSER_013,patient,cancel_appointment,e94fc8e2-b867-5164-0607-5e5eb581b150,2026-05-10 01:40:37,appointment,APPOINTMENT_7022,6,2,1,0.0,1.846,0,0,49.77,0
1368,PATUSER_025,patient,book_appointment,6383af50-c8f6-0c22-1dd4-6ee2be572cb1,2026-05-09 11:01:26,appointment,APPOINTMENT_4435,5,3,0,0.0,0.722,0,0,67.01,0
1369,DOC_003,doctor,view_observation,7f857501-0257-2c7f-2e8f-9886705681f3,2026-04-25 09:24:55,observation,OBSERVATION_3401,21,13,0,0.09,1.626,0,0,52.71,0
1370,DOC_006,doctor,update_diagnosis,45f758c8-34c3-3fa5-41f9-5906127ba1bd,2026-05-02 11:06:39,condition,CONDITION_2971,11,5,0,0.21,1.76,0,0,29.12,0
1371,PATUSER_029,patient,book_appointment,d7b30817-a7e4-d7c5-8582-63d251b6f98c,2026-04-11 02:05:55,appointment,APPOINTMENT_4892,5,3,1,0.0,1.837,0,0,23.0,0
1372,PATUSER_022,patient,view_record,8db9c819-1c0b-c9a9-3e31-4b85f52201d2,2026-05-16 16:33:54,medical_record,MEDICAL_RECORD_5600,71,33,0,0.77,2.236,1,1,365.45,1
1373,DOC_010,doctor,view_observation,d1838618-2a96-9761-0b8d-89a92a022bcc,2026-04-20 05:01:32,observation,OBSERVATION_2179,22,9,1,0.07,1.888,0,0,16.72,0
1374,PATUSER_029,patient,view_queue,f84719a0-d28d-ec20-64a8-a17992dcd9ac,2026-04-19 04:14:00,queue,QUEUE_7438,4,3,1,0.0,1.837,0,0,60.62,0
1375,DOC_003,doctor,create_prescription,843d8b33-f833-1324-2aa6-e07c91e49204,2026-04-25 06:34:32,prescription,PRESCRIPTION_7697,20,11,0,0.2,1.95,0,0,33.2,0
1376,PATUSER_004,patient,view_own_record,8fcbd58f-7e61-d74d-9b35-46d267ecbbd3,2026-05-20 11:22:51,medical_record,MEDICAL_RECORD_9995,2,3,0,0.0,1.95,0,0,7.98,0
1377,DOC_009,doctor,view_observation,11b2d013-d581-7187-e88b-7a04781d307b,2026-04-24 03:08:01,observation,OBSERVATION_2639,17,8,1,0.09,1.406,0,0,47.51,0
1378,PATUSER_014,patient,cancel_appointment,e8b56457-438e-7a2e-04ee-e0b2ec149f61,2026-04-13 07:33:19,appointment,APPOINTMENT_8289,4,2,0,0.0,1.826,0,0,15.72,0
1379,PATUSER_003,patient,cancel_appointment,4bab2d0f-4783-619c-46b2-f656667ffb67,2026-05-10 06:05:45,appointment,APPOINTMENT_6509,5,1,0,0.0,1.842,0,0,30.32,0
1380,PATUSER_002,patient,view_own_record,cc4e166f-53eb-f57b-fb9c-72dddeeb448f,2026-04-25 02:52:13,medical_record,MEDICAL_RECORD_1834,2,3,1,0.0,1.906,1,0,45.76,0
1381,PATUSER_018,patient,view_audit,e94fc8e2-b867-5164-0607-5e5eb581b150,2026-05-02 16:42:44,audit,AUDIT_6773,56,61,0,0.73,1.922,1,1,377.64,1
1382,ADM_002,admin,update_schedule,ea7deb48-7fa5-3406-28b9-051b0c18d363,2026-04-13 08:32:54,schedule,SCHEDULE_7109,7,6,0,0.03,1.53,0,0,23.93,0
1383,ADM_001,admin,view_report,4bab2d0f-4783-619c-46b2-f656667ffb67,2026-05-23 10:58:35,report,REPORT_4496,13,5,0,0.05,1.922,0,0,63.3,0
1384,PATUSER_023,patient,view_own_record,0369610a-4641-e2d5-80b2-844b2bd99f16,2026-04-10 10:52:20,medical_record,MEDICAL_RECORD_1683,3,2,0,0.0,1.79,1,0,6.28,0
1385,PATUSER_009,patient,view_own_record,4ca3be26-4f97-27f0-32fa-6ea155eba23a,2026-04-23 07:27:41,medical_record,MEDICAL_RECORD_1577,3,2,0,0.0,1.157,0,0,33.17,0
1386,ADM_003,admin,view_report,e1571870-cf37-1c6b-c97f-c4ab9a32b172,2026-04-14 11:09:35,report,REPORT_7583,6,0,0,0.05,1.918,0,0,46.82,0
1387,PATUSER_019,patient,cancel_appointment,c95c96d5-ac6e-6ab6-143b-6da3e3923f39,2026-05-09 04:00:07,appointment,APPOINTMENT_3098,4,2,1,0.0,1.5,0,0,30.76,0
1388,DOC_009,doctor,view_record,b23941a4-269e-2ac4-8ced-75d1ac8b1b1d,2026-05-12 03:39:08,medical_record,MEDICAL_RECORD_6077,13,5,1,0.21,1.922,0,0,29.18,0
1389,DOC_011,doctor,update_diagnosis,d1838618-2a96-9761-0b8d-89a92a022bcc,2026-04-24 05:12:18,condition,CONDITION_6967,24,10,1,0.1,1.922,0,0,69.6,0
1390,PATUSER_025,patient,book_appointment,7bbc22dd-2b36-8b49-3bcc-14c25dafd13e,2026-05-18 05:47:40,appointment,APPOINTMENT_3068,5,1,1,0.0,1.895,0,0,6.76,0
1391,PATUSER_019,patient,cancel_appointment,a992fe7d-cd9b-0ace-6e0b-f6f0b5f01fc3,2026-05-19 03:37:20,appointment,APPOINTMENT_6015,2,1,1,0.0,1.922,0,0,51.04,0
1392,PATUSER_001,patient,cancel_appointment,57b901cb-d3d2-258c-2773-57008eb32345,2026-05-08 05:39:40,appointment,APPOINTMENT_7259,4,2,1,0.0,1.392,0,0,24.1,0
1393,PATUSER_004,patient,view_own_record,11b2d013-d581-7187-e88b-7a04781d307b,2026-05-08 01:03:42,medical_record,MEDICAL_RECORD_1457,6,2,1,0.0,1.971,0,0,19.43,0
1394,DOC_005,doctor,view_record,dd55f477-af88-4543-f8c0-dca25a96c4cb,2026-04-01 08:37:57,medical_record,MEDICAL_RECORD_1173,12,9,0,0.05,1.784,0,0,9.18,0
1395,PATUSER_002,patient,view_queue,4ca3be26-4f97-27f0-32fa-6ea155eba23a,2026-04-18 07:36:16,queue,QUEUE_9175,4,1,0,0.0,1.352,0,0,21.61,0
1396,DOC_010,doctor,update_diagnosis,d1838618-2a96-9761-0b8d-89a92a022bcc,2026-03-30 20:58:53,condition,CONDITION_7563,68,74,0,0.82,1.842,1,0,134.8,1
1397,NUR_002,nurse,update_queue,f8540aed-49fc-9dd6-b195-288635b1d17a,2026-05-02 08:09:30,appointment,APPOINTMENT_2875,17,9,0,0.07,1.906,0,0,7.59,0
1398,PATUSER_021,patient,cancel_appointment,e7fccc97-5df9-b27f-8322-44fd5b624936,2026-04-29 08:02:35,appointment,APPOINTMENT_5040,6,1,0,0.0,1.971,0,0,9.84,0
1399,DOC_005,doctor,view_record,4bab2d0f-4783-619c-46b2-f656667ffb67,2026-04-02 10:37:36,medical_record,MEDICAL_RECORD_2354,17,7,0,0.17,1.826,0,0,17.03,0
1400,DOC_001,doctor,update_diagnosis,10751dec-9152-b658-beeb-ba433fbb9213,2026-04-18 08:02:42,condition,CONDITION_1771,12,13,0,0.19,1.522,0,0,28.67,0
1401,PATUSER_027,patient,cancel_appointment,79402472-6884-1aca-759a-a23f36ee8dca,2026-04-26 03:07:06,appointment,APPOINTMENT_4149,5,1,1,0.0,1.823,0,0,44.99,0
1402,DOC_003,doctor,view_observation,f8540aed-49fc-9dd6-b195-288635b1d17a,2026-03-25 08:47:34,observation,OBSERVATION_2889,19,4,0,0.2,1.561,0,0,14.07,0
1403,PATUSER_024,patient,view_own_record,3eee4689-2d02-6ec9-c257-42b3adfdcd70,2026-03-25 06:50:46,medical_record,MEDICAL_RECORD_4729,4,2,0,0.0,1.906,0,0,35.49,0
1404,DOC_015,doctor,update_diagnosis,6383af50-c8f6-0c22-1dd4-6ee2be572cb1,2026-05-19 09:47:36,condition,CONDITION_6643,18,17,0,0.07,1.811,0,0,39.99,0
1405,ADM_003,admin,view_report,073b376b-9659-3e78-c6a6-a08b74d710da,2026-05-15 19:04:14,report,REPORT_6931,89,38,0,0.7,1.495,0,0,256.5,1
1406,NUR_004,nurse,update_queue,d1838618-2a96-9761-0b8d-89a92a022bcc,2026-04-04 05:51:12,appointment,APPOINTMENT_9314,21,16,1,0.06,1.557,0,0,60.32,0
1407,NUR_002,nurse,update_queue,d9044272-63af-eca3-2a0c-ec9f9c10a98f,2026-05-23 07:22:10,appointment,APPOINTMENT_1553,24,17,0,0.09,0.971,1,0,35.37,0
1408,PATUSER_015,patient,view_own_record,10751dec-9152-b658-beeb-ba433fbb9213,2026-05-12 08:07:42,medical_record,MEDICAL_RECORD_4905,4,2,0,0.0,1.526,0,0,31.22,0
1409,ADM_001,admin,manage_user,9cefc3e8-33f8-beac-d280-fb10e474151c,2026-04-12 08:38:39,user,USER_5586,11,6,0,0.02,1.149,0,0,7.27,0
1410,ADM_003,admin,view_report,6383af50-c8f6-0c22-1dd4-6ee2be572cb1,2026-05-08 19:41:12,report,REPORT_2480,87,65,0,0.94,1.485,1,0,289.8,1
1411,DOC_009,doctor,update_diagnosis,d1838618-2a96-9761-0b8d-89a92a022bcc,2026-04-27 04:23:21,condition,CONDITION_3731,20,4,1,0.01,1.753,0,0,70.81,0
1412,ADM_002,admin,update_schedule,19e9c5a5-4114-0f95-e5e8-29cd6749d4e1,2026-05-12 04:45:37,schedule,SCHEDULE_4746,4,8,1,0.08,1.352,0,0,73.21,0
1413,PATUSER_022,patient,view_queue,df4576f2-f38f-02c0-b20f-6153754c41a6,2026-03-27 03:24:26,queue,QUEUE_3580,2,1,1,0.0,1.738,0,0,10.26,0
1414,PATUSER_027,patient,view_queue,4f74c441-7628-4f98-82a7-f4c99d926736,2026-04-13 05:45:36,queue,QUEUE_9878,4,1,1,0.0,0.811,0,0,12.92,0
1415,PATUSER_011,patient,book_appointment,4f0c6acb-066b-1f8d-228d-5e5a973d1fef,2026-04-27 07:57:48,appointment,APPOINTMENT_1059,1,1,0,0.0,0.722,0,0,54.11,0
1416,DOC_006,doctor,view_observation,3c6d02df-84f2-f9e2-8e09-852349757293,2026-05-03 07:35:11,observation,OBSERVATION_3156,16,12,0,0.08,0.811,0,0,32.88,0
1417,PATUSER_005,patient,view_queue,d1838618-2a96-9761-0b8d-89a92a022bcc,2026-04-10 11:43:39,queue,QUEUE_8885,1,1,0,0.0,1.5,0,0,33.4,0
1418,PATUSER_010,patient,book_appointment,57b901cb-d3d2-258c-2773-57008eb32345,2026-04-06 05:27:05,appointment,APPOINTMENT_8297,3,3,1,0.0,1.959,0,0,70.72,0
1419,PATUSER_014,patient,cancel_appointment,1c39de5b-289a-3a1a-669b-2f756efb8bcb,2026-04-26 03:11:35,appointment,APPOINTMENT_3115,4,2,1,0.0,1.79,0,0,56.91,0
1420,ADM_001,admin,view_report,79402472-6884-1aca-759a-a23f36ee8dca,2026-04-01 17:41:43,report,REPORT_6578,37,27,0,0.93,1.918,0,0,284.91,1
1421,PATUSER_008,patient,cancel_appointment,3c6d02df-84f2-f9e2-8e09-852349757293,2026-05-22 01:47:20,appointment,APPOINTMENT_5627,3,3,1,0.0,1.922,0,0,49.21,0
1422,PATUSER_014,patient,view_own_record,b09b332a-a8b1-5541-6855-d6420f922505,2026-05-14 00:46:27,medical_record,MEDICAL_RECORD_2306,4,2,1,0.0,1.811,0,0,37.16,0
1423,PATUSER_009,patient,view_queue,917ffe5d-46b2-36f1-0de8-35e5ed017fa7,2026-05-10 03:54:44,queue,QUEUE_5985,6,1,1,0.0,1.571,0,0,50.72,0
1424,PATUSER_015,patient,cancel_appointment,668a10b4-c005-0df3-522e-b068e0d29ea9,2026-04-24 08:33:50,appointment,APPOINTMENT_5863,4,1,0,0.0,1.561,0,0,65.69,0
1425,DOC_009,doctor,view_record,054e161c-d33f-0970-2018-1f19582e0813,2026-05-02 09:30:55,medical_record,MEDICAL_RECORD_6996,18,4,0,0.14,1.677,0,0,44.73,0
1426,NUR_002,nurse,register_walkin,5dd32bff-9eaf-50ef-db4f-c6065be13792,2026-05-09 00:44:28,appointment,APPOINTMENT_2781,15,19,1,0.09,1.922,0,0,46.68,0
1427,PATUSER_021,patient,cancel_appointment,671064b5-039b-51a8-7e40-8e6baa0a7e35,2026-04-25 08:21:50,appointment,APPOINTMENT_3587,2,1,0,0.0,1.826,0,0,68.8,0
1428,PATUSER_012,patient,view_queue,bfb0d055-557b-4579-1a3b-78cc2ead82c9,2026-05-14 03:57:20,queue,QUEUE_4871,6,2,1,0.0,1.753,0,0,52.91,0
1429,PATUSER_001,patient,view_own_record,12a088f3-264b-6a9f-9a57-678747110969,2026-05-09 01:06:32,medical_record,MEDICAL_RECORD_9245,6,1,1,0.0,1.906,0,0,44.39,0
1430,PATUSER_007,patient,view_own_record,9b5ce034-80bf-4c6b-f400-3a89fc0d135b,2026-05-09 12:24:47,medical_record,MEDICAL_RECORD_8256,6,2,0,0.0,1.449,0,0,51.11,0
1431,ADM_002,admin,update_schedule,bee08b10-0c18-396e-9f8a-03e41691509b,2026-05-01 04:27:46,schedule,SCHEDULE_8482,11,3,1,0.06,1.557,0,0,21.18,0
1432,DOC_013,doctor,update_diagnosis,01974f36-ced2-c38e-32c5-1b09e1fe1638,2026-04-09 09:07:26,condition,CONDITION_6082,8,10,0,0.05,1.5,0,0,21.27,0
1433,DOC_007,doctor,update_diagnosis,a8bef5c2-6743-79e8-8477-bc3b6244c334,2026-04-06 03:12:21,condition,CONDITION_6311,14,18,1,0.21,1.585,1,0,44.9,0
1434,DOC_005,doctor,view_record,2d457e3d-90cb-357e-f7e0-3014068d2f29,2026-04-17 02:48:49,medical_record,MEDICAL_RECORD_2166,12,7,1,0.07,1.79,0,0,39.12,0
1435,DOC_006,doctor,view_record,155649eb-5d3e-41ca-5a2c-78972a1721f4,2026-04-25 03:16:02,medical_record,MEDICAL_RECORD_9146,16,14,1,0.19,1.76,0,0,21.28,0
1436,PATUSER_030,patient,book_appointment,4bab2d0f-4783-619c-46b2-f656667ffb67,2026-04-05 05:59:09,appointment,APPOINTMENT_2971,4,1,1,0.0,1.918,0,0,32.46,0
1437,PATUSER_023,patient,view_queue,b23941a4-269e-2ac4-8ced-75d1ac8b1b1d,2026-04-09 01:46:37,queue,QUEUE_6122,6,3,1,0.0,0.811,0,0,51.0,0
1438,DOC_003,doctor,view_observation,f5de0af7-bfb4-270e-8175-e12515583ea8,2026-04-23 01:22:33,observation,OBSERVATION_1723,15,15,1,0.11,1.379,0,0,50.65,0
1439,DOC_006,doctor,view_record,d5d8b210-bca5-a9ce-0711-3d09468bfe47,2026-04-28 07:04:42,medical_record,MEDICAL_RECORD_9776,8,4,0,0.16,1.406,0,0,38.99,0
1440,PATUSER_022,patient,view_own_record,e94fc8e2-b867-5164-0607-5e5eb581b150,2026-04-16 09:06:31,medical_record,MEDICAL_RECORD_3565,6,2,0,0.0,1.776,0,0,70.17,0
1441,PATUSER_028,patient,update_diagnosis,d7b30817-a7e4-d7c5-8582-63d251b6f98c,2026-04-06 15:55:42,condition,CONDITION_9526,70,27,0,0.87,2.171,1,1,254.23,1
1442,PATUSER_024,patient,cancel_appointment,c95c96d5-ac6e-6ab6-143b-6da3e3923f39,2026-05-02 11:01:42,appointment,APPOINTMENT_7104,5,2,0,0.0,1.435,0,0,22.87,0
1443,DOC_005,doctor,update_diagnosis,fb36d3d9-666c-c4c2-bb96-c9195538d4df,2026-05-06 06:05:19,condition,CONDITION_1530,20,6,0,0.02,1.846,0,0,35.18,0
1444,DOC_009,doctor,view_observation,6367a5b3-1689-57b4-634f-693bb600e552,2026-04-24 06:16:44,observation,OBSERVATION_7810,18,13,0,0.17,1.379,0,0,58.94,0
1445,DOC_007,doctor,view_record,88f931d5-4cfa-4be9-c6be-738d5fc8c215,2026-04-02 08:50:21,medical_record,MEDICAL_RECORD_9126,20,7,0,0.0,1.352,0,0,23.38,0
1446,PATUSER_001,patient,view_own_record,1f534514-2f45-191e-04b4-ad9e93bdf422,2026-04-19 03:39:29,medical_record,MEDICAL_RECORD_4660,5,3,1,0.0,1.299,0,0,26.69,0
1447,NUR_006,nurse,view_appointment,d1838618-2a96-9761-0b8d-89a92a022bcc,2026-03-31 04:55:05,appointment,APPOINTMENT_9550,27,13,1,0.12,1.846,0,0,73.16,0
1448,PATUSER_014,patient,view_queue,0e697a7b-149b-602d-af6f-7e76ca18c5d7,2026-03-28 02:26:39,queue,QUEUE_7262,2,2,1,0.0,1.95,0,0,59.46,0
1449,PATUSER_023,patient,view_own_record,a82f0145-e797-d65d-bebf-e49dd38bac1e,2026-05-16 01:42:35,medical_record,MEDICAL_RECORD_8067,2,2,1,0.0,1.459,0,0,30.83,0
1450,DOC_003,doctor,update_diagnosis,d5d8b210-bca5-a9ce-0711-3d09468bfe47,2026-04-25 02:07:08,condition,CONDITION_3544,10,9,1,0.13,1.738,0,0,43.73,0
1451,DOC_001,doctor,view_record,e1571870-cf37-1c6b-c97f-c4ab9a32b172,2026-04-09 05:21:58,medical_record,MEDICAL_RECORD_7236,22,7,1,0.06,1.686,0,0,32.5,0
1452,PATUSER_016,patient,view_queue,1290bba5-c164-4273-9694-c3ce92270ef2,2026-03-25 01:50:34,queue,QUEUE_3343,3,1,1,0.0,1.811,0,0,22.4,0
1453,NUR_005,nurse,register_walkin,20f1f5b5-38be-6554-7a24-9fcc8d4bd6c4,2026-04-08 06:42:34,appointment,APPOINTMENT_2696,25,23,0,0.08,0.722,0,0,9.44,0
1454,NUR_005,nurse,create_prescription,5e236a28-42bb-348c-3267-03ed1a052b40,2026-04-21 19:22:06,prescription,PRESCRIPTION_1782,40,64,0,0.88,1.906,0,1,214.46,1
1455,PATUSER_027,patient,view_queue,5e236a28-42bb-348c-3267-03ed1a052b40,2026-04-27 06:39:33,queue,QUEUE_8762,4,1,0,0.0,1.379,0,0,62.23,0
1456,DOC_009,doctor,view_record,a2ff83e0-2cc0-50a4-b008-52a1add72ced,2026-04-23 03:12:46,medical_record,MEDICAL_RECORD_4762,19,13,1,0.15,1.95,0,0,23.82,0
1457,NUR_001,nurse,update_queue,e300c149-9eaa-3d5a-57d9-ea8d4c996597,2026-05-16 12:06:54,appointment,APPOINTMENT_3749,15,18,0,0.09,1.522,0,0,25.23,0
1458,PATUSER_003,patient,view_own_record,e1571870-cf37-1c6b-c97f-c4ab9a32b172,2026-04-16 07:58:28,medical_record,MEDICAL_RECORD_5838,3,1,0,0.0,1.149,0,0,54.2,0
1459,PATUSER_002,patient,cancel_appointment,11b2d013-d581-7187-e88b-7a04781d307b,2026-03-26 02:29:46,appointment,APPOINTMENT_8656,3,1,1,0.0,1.406,0,0,32.19,0
1460,DOC_001,doctor,view_observation,a8bef5c2-6743-79e8-8477-bc3b6244c334,2026-03-25 04:14:33,observation,OBSERVATION_2210,17,6,1,0.01,1.981,0,0,67.44,0
1461,PATUSER_004,patient,view_own_record,dd55f477-af88-4543-f8c0-dca25a96c4cb,2026-04-04 12:25:34,medical_record,MEDICAL_RECORD_4726,4,1,0,0.0,1.5,0,0,24.46,0
1462,DOC_015,doctor,update_diagnosis,d1838618-2a96-9761-0b8d-89a92a022bcc,2026-04-17 10:36:43,condition,CONDITION_6901,21,12,0,0.15,1.922,0,0,73.94,0
1463,NUR_001,nurse,update_vitals,f8540aed-49fc-9dd6-b195-288635b1d17a,2026-04-16 00:40:15,observation,OBSERVATION_8445,17,25,1,0.08,1.371,0,0,17.61,0
1464,DOC_014,doctor,create_prescription,d1838618-2a96-9761-0b8d-89a92a022bcc,2026-05-14 05:14:20,prescription,PRESCRIPTION_5272,18,7,1,0.06,1.753,0,0,55.59,0
1465,PATUSER_020,patient,view_audit,11b2d013-d581-7187-e88b-7a04781d307b,2026-05-21 18:04:53,audit,AUDIT_6961,52,56,0,0.72,2.0,0,1,388.36,1
1466,PATUSER_011,patient,view_own_record,1290bba5-c164-4273-9694-c3ce92270ef2,2026-04-18 07:34:50,medical_record,MEDICAL_RECORD_2665,2,2,0,0.0,1.971,0,0,13.77,0
1467,NUR_004,nurse,update_queue,79402472-6884-1aca-759a-a23f36ee8dca,2026-04-10 11:08:37,appointment,APPOINTMENT_6278,28,16,0,0.04,1.522,1,0,66.18,0
1468,DOC_009,doctor,view_record,8c562216-cb73-0829-2fa4-123468939df6,2026-03-25 10:30:11,medical_record,MEDICAL_RECORD_2209,6,13,0,0.01,1.371,0,0,32.26,0
1469,PATUSER_002,patient,update_diagnosis,bfb0d055-557b-4579-1a3b-78cc2ead82c9,2026-05-02 21:07:01,condition,CONDITION_4165,64,32,0,0.84,1.459,1,1,410.38,1
1470,PATUSER_009,patient,view_queue,a8bef5c2-6743-79e8-8477-bc3b6244c334,2026-04-24 10:34:41,queue,QUEUE_8638,4,3,0,0.0,1.557,0,0,58.49,0
1471,PATUSER_016,patient,book_appointment,07052ffe-5096-f813-923b-f3a32be34399,2026-04-02 06:31:18,appointment,APPOINTMENT_2034,3,2,0,0.0,1.855,0,0,9.91,0
1472,PATUSER_016,patient,view_own_record,4ca3be26-4f97-27f0-32fa-6ea155eba23a,2026-05-08 12:06:56,medical_record,MEDICAL_RECORD_8119,2,1,0,0.0,1.842,0,0,33.94,0
1473,NUR_003,nurse,view_audit,073b376b-9659-3e78-c6a6-a08b74d710da,2026-05-09 17:41:11,audit,AUDIT_8554,44,34,0,0.91,1.753,1,1,140.32,1
1474,PATUSER_013,patient,book_appointment,f8540aed-49fc-9dd6-b195-288635b1d17a,2026-04-14 09:38:27,appointment,APPOINTMENT_2218,5,2,0,0.0,1.922,0,0,16.58,0
1475,NUR_005,nurse,register_walkin,79402472-6884-1aca-759a-a23f36ee8dca,2026-04-14 04:02:00,appointment,APPOINTMENT_7367,15,7,1,0.05,0.971,1,0,54.53,0
1476,PATUSER_020,patient,cancel_appointment,a24f1dcf-ef87-f609-183a-d00bcc9b7292,2026-04-30 07:33:13,appointment,APPOINTMENT_8667,5,2,0,0.0,1.5,0,0,8.65,0
1477,DOC_011,doctor,update_diagnosis,b23941a4-269e-2ac4-8ced-75d1ac8b1b1d,2026-03-29 03:01:19,condition,CONDITION_8460,17,15,1,0.16,1.459,0,0,18.32,0
1478,PATUSER_026,patient,cancel_appointment,2d457e3d-90cb-357e-f7e0-3014068d2f29,2026-03-29 10:03:10,appointment,APPOINTMENT_2054,3,2,0,0.0,1.459,0,0,27.11,0
1479,PATUSER_006,patient,book_appointment,88f931d5-4cfa-4be9-c6be-738d5fc8c215,2026-04-16 06:52:10,appointment,APPOINTMENT_1236,4,1,0,0.0,1.485,0,0,41.94,0
1480,PATUSER_010,patient,update_diagnosis,d9044272-63af-eca3-2a0c-ec9f9c10a98f,2026-04-03 20:06:45,condition,CONDITION_4760,50,22,0,0.9,1.825,1,1,329.83,1
1481,PATUSER_021,patient,view_queue,f8540aed-49fc-9dd6-b195-288635b1d17a,2026-04-02 05:26:33,queue,QUEUE_4429,3,3,1,0.0,1.859,0,0,17.87,0
1482,PATUSER_016,patient,cancel_appointment,5e236a28-42bb-348c-3267-03ed1a052b40,2026-03-30 02:10:14,appointment,APPOINTMENT_9409,2,3,1,0.0,1.0,0,0,27.91,0
1483,DOC_008,doctor,create_prescription,d7b30817-a7e4-d7c5-8582-63d251b6f98c,2026-05-08 11:29:29,prescription,PRESCRIPTION_1046,22,11,0,0.16,1.571,0,0,66.4,0
1484,PATUSER_021,patient,cancel_appointment,21adc8c0-7e1e-5167-1ac1-5449a6a2c73f,2026-04-06 10:55:50,appointment,APPOINTMENT_7494,3,3,0,0.0,1.842,0,0,62.35,0
1485,DOC_015,doctor,view_record,6383af50-c8f6-0c22-1dd4-6ee2be572cb1,2026-04-09 06:40:23,medical_record,MEDICAL_RECORD_8141,24,15,0,0.18,1.406,0,0,52.32,0
1486,PATUSER_001,patient,cancel_appointment,820d39a0-d304-2b9d-25a8-d705deede745,2026-04-29 07:27:35,appointment,APPOINTMENT_7764,1,1,0,0.0,1.522,0,0,25.12,0
1487,PATUSER_029,patient,cancel_appointment,5e236a28-42bb-348c-3267-03ed1a052b40,2026-03-25 08:47:21,appointment,APPOINTMENT_3181,1,3,0,0.0,1.884,0,0,11.71,0
1488,PATUSER_018,patient,view_queue,073b376b-9659-3e78-c6a6-a08b74d710da,2026-05-05 08:55:09,queue,QUEUE_3856,1,2,0,0.0,1.449,0,0,43.38,0
1489,NUR_007,nurse,view_appointment,07052ffe-5096-f813-923b-f3a32be34399,2026-05-13 10:37:21,appointment,APPOINTMENT_2350,14,25,0,0.04,1.753,0,0,11.09,0
1490,PATUSER_004,patient,cancel_appointment,42c1eb05-09a9-eeda-a957-d822de66c536,2026-05-15 10:24:03,appointment,APPOINTMENT_5833,1,1,0,0.0,1.959,1,0,68.59,0
1491,PATUSER_018,patient,view_queue,f5de0af7-bfb4-270e-8175-e12515583ea8,2026-04-22 09:46:57,queue,QUEUE_5097,2,1,0,0.0,1.922,0,0,60.54,0
1492,NUR_006,nurse,view_appointment,bfb0d055-557b-4579-1a3b-78cc2ead82c9,2026-04-27 11:02:58,appointment,APPOINTMENT_4360,11,8,0,0.12,1.522,1,0,44.9,0
1493,DOC_013,doctor,view_observation,3c6d02df-84f2-f9e2-8e09-852349757293,2026-04-21 09:10:16,observation,OBSERVATION_2733,24,15,0,0.01,1.792,0,0,18.7,0
1494,PATUSER_023,patient,book_appointment,820d39a0-d304-2b9d-25a8-d705deede745,2026-04-23 03:33:09,appointment,APPOINTMENT_9947,6,3,1,0.0,1.922,0,0,49.73,0
1495,PATUSER_025,patient,view_own_record,cc4e166f-53eb-f57b-fb9c-72dddeeb448f,2026-05-05 03:26:59,medical_record,MEDICAL_RECORD_8403,5,2,1,0.0,1.241,0,0,21.99,0
1496,PATUSER_001,patient,cancel_appointment,073b376b-9659-3e78-c6a6-a08b74d710da,2026-04-12 03:07:43,appointment,APPOINTMENT_8570,6,2,1,0.0,1.79,0,0,49.82,0
1497,PATUSER_027,patient,book_appointment,820d39a0-d304-2b9d-25a8-d705deede745,2026-05-23 10:10:00,appointment,APPOINTMENT_1930,4,2,0,0.0,1.971,0,0,27.0,0
1498,PATUSER_004,patient,book_appointment,2b31de7e-3596-37c7-1d46-db12d82e73ef,2026-04-14 02:08:30,appointment,APPOINTMENT_3567,6,2,1,0.0,1.0,0,0,32.16,0
1499,DOC_010,doctor,update_diagnosis,bfb0d055-557b-4579-1a3b-78cc2ead82c9,2026-04-02 12:01:50,condition,CONDITION_4204,21,13,0,0.06,1.918,0,0,18.24,0
1500,DOC_011,doctor,view_record,c95c96d5-ac6e-6ab6-143b-6da3e3923f39,2026-04-06 05:34:37,medical_record,MEDICAL_RECORD_4981,15,6,1,0.06,1.561,0,0,23.37,0
1501,PATUSER_021,patient,book_appointment,5dd32bff-9eaf-50ef-db4f-c6065be13792,2026-03-27 05:28:55,appointment,APPOINTMENT_2821,3,3,1,0.0,1.79,0,0,74.2,0
1502,PATUSER_025,patient,book_appointment,45f758c8-34c3-3fa5-41f9-5906127ba1bd,2026-04-24 09:10:15,appointment,APPOINTMENT_8169,5,1,0,0.0,2.0,0,0,46.79,0
1503,PATUSER_023,patient,book_appointment,1290bba5-c164-4273-9694-c3ce92270ef2,2026-05-05 03:12:09,appointment,APPOINTMENT_7078,2,1,1,0.0,1.837,0,0,42.87,0
1504,ADM_002,admin,view_report,f5de0af7-bfb4-270e-8175-e12515583ea8,2026-04-21 05:27:00,report,REPORT_1579,11,5,1,0.01,1.868,0,0,19.86,0
1505,DOC_002,doctor,create_prescription,d1838618-2a96-9761-0b8d-89a92a022bcc,2026-04-21 12:23:28,prescription,PRESCRIPTION_2016,12,15,0,0.12,-0.0,0,0,73.81,0
1506,PATUSER_012,patient,view_own_record,88f931d5-4cfa-4be9-c6be-738d5fc8c215,2026-04-21 06:08:27,medical_record,MEDICAL_RECORD_3828,6,1,0,0.0,0.811,0,0,37.05,0
1507,DOC_003,doctor,view_observation,d1e9c67e-e701-dbf5-aa21-bb9ae3751b97,2026-05-01 20:57:26,observation,OBSERVATION_4893,89,33,0,0.73,1.522,1,0,129.95,1
1508,PATUSER_024,patient,book_appointment,8db9c819-1c0b-c9a9-3e31-4b85f52201d2,2026-04-30 04:24:53,appointment,APPOINTMENT_1911,5,3,1,0.0,1.76,0,0,63.74,0
1509,PATUSER_011,patient,cancel_appointment,6367a5b3-1689-57b4-634f-693bb600e552,2026-04-05 02:56:18,appointment,APPOINTMENT_4170,5,1,1,0.0,1.891,0,0,36.11,0
1510,DOC_010,doctor,view_record,2b31de7e-3596-37c7-1d46-db12d82e73ef,2026-05-21 10:44:45,medical_record,MEDICAL_RECORD_7989,21,3,0,0.21,1.895,0,0,16.72,0
1511,PATUSER_029,patient,cancel_appointment,219c0f88-2190-9af2-4122-bcf1c4f4a0bf,2026-04-05 07:49:58,appointment,APPOINTMENT_6211,2,3,0,0.0,1.495,0,0,69.18,0
1512,PATUSER_006,patient,view_queue,e8b56457-438e-7a2e-04ee-e0b2ec149f61,2026-05-22 00:36:03,queue,QUEUE_2166,4,1,1,0.0,1.459,0,0,48.04,0
1513,PATUSER_021,patient,book_appointment,2b31de7e-3596-37c7-1d46-db12d82e73ef,2026-05-19 06:57:33,appointment,APPOINTMENT_8732,3,1,0,0.0,1.888,0,0,5.09,0
1514,PATUSER_012,patient,view_own_record,917ffe5d-46b2-36f1-0de8-35e5ed017fa7,2026-05-20 10:38:17,medical_record,MEDICAL_RECORD_1295,1,1,0,0.0,1.906,0,0,41.66,0
1515,DOC_006,doctor,view_record,8db9c819-1c0b-c9a9-3e31-4b85f52201d2,2026-04-24 01:27:13,medical_record,MEDICAL_RECORD_8721,24,11,1,0.12,1.685,0,0,5.19,0
1516,PATUSER_028,patient,cancel_appointment,a992fe7d-cd9b-0ace-6e0b-f6f0b5f01fc3,2026-05-10 04:55:07,appointment,APPOINTMENT_1839,2,1,1,0.0,1.617,0,0,43.36,0
1517,PATUSER_019,patient,book_appointment,a24f1dcf-ef87-f609-183a-d00bcc9b7292,2026-03-25 01:49:32,appointment,APPOINTMENT_3820,4,3,1,0.0,1.753,0,0,6.97,0
1518,PATUSER_015,patient,view_queue,e94fc8e2-b867-5164-0607-5e5eb581b150,2026-05-07 08:11:10,queue,QUEUE_3479,3,3,0,0.0,1.53,0,0,38.14,0
1519,ADM_003,admin,update_schedule,4642b627-0caa-32c4-a7cd-87689252d332,2026-04-12 10:33:51,schedule,SCHEDULE_4905,11,4,0,0.07,1.95,0,0,24.69,0
1520,PATUSER_005,patient,view_queue,8db9c819-1c0b-c9a9-3e31-4b85f52201d2,2026-05-11 10:03:18,queue,QUEUE_6950,2,2,0,0.0,1.526,0,0,60.74,0
1521,PATUSER_009,patient,view_own_record,2d457e3d-90cb-357e-f7e0-3014068d2f29,2026-04-26 11:29:42,medical_record,MEDICAL_RECORD_6418,4,3,0,0.0,1.837,0,0,24.25,0
1522,DOC_002,doctor,update_diagnosis,d1838618-2a96-9761-0b8d-89a92a022bcc,2026-04-03 09:55:16,condition,CONDITION_9488,22,16,0,0.05,0.722,0,0,58.54,0
1523,ADM_002,admin,view_report,ad37dc95-561f-9348-6577-eff9b22d47c2,2026-05-02 01:41:21,report,REPORT_9193,10,4,1,0.04,1.922,0,0,40.82,0
1524,PATUSER_018,patient,view_own_record,a24f1dcf-ef87-f609-183a-d00bcc9b7292,2026-05-20 11:14:31,medical_record,MEDICAL_RECORD_3199,4,3,0,0.0,1.918,0,0,50.56,0
1525,DOC_001,doctor,view_observation,9b5ce034-80bf-4c6b-f400-3a89fc0d135b,2026-05-22 06:17:04,observation,OBSERVATION_5061,14,8,0,0.18,1.884,0,0,66.91,0
1526,PATUSER_005,patient,book_appointment,bfb0d055-557b-4579-1a3b-78cc2ead82c9,2026-03-30 07:42:56,appointment,APPOINTMENT_8010,6,3,0,0.0,1.868,0,0,52.75,0
1527,PATUSER_015,patient,view_queue,f2df6bf3-460e-f410-cac9-472739e5df85,2026-04-24 08:47:47,queue,QUEUE_3231,6,3,0,0.0,1.891,0,0,74.52,0
1528,PATUSER_022,patient,cancel_appointment,744a7169-4e89-61ff-27f2-3c736abf4368,2026-05-02 11:53:40,appointment,APPOINTMENT_9650,2,2,0,0.0,1.868,0,0,69.19,0
1529,NUR_004,nurse,register_walkin,054e161c-d33f-0970-2018-1f19582e0813,2026-05-22 08:22:33,appointment,APPOINTMENT_5134,27,13,0,0.05,1.895,0,0,29.46,0
1530,PATUSER_009,patient,view_audit,cc4e166f-53eb-f57b-fb9c-72dddeeb448f,2026-05-03 19:25:48,audit,AUDIT_9796,49,26,0,0.77,1.95,0,1,331.97,1
1531,PATUSER_002,patient,view_queue,42c1eb05-09a9-eeda-a957-d822de66c536,2026-04-06 03:21:33,queue,QUEUE_9053,3,2,1,0.0,1.522,0,0,66.2,0
1532,PATUSER_010,patient,view_queue,744a7169-4e89-61ff-27f2-3c736abf4368,2026-04-20 08:30:49,queue,QUEUE_6342,4,3,0,0.0,1.406,0,0,8.32,0
1533,PATUSER_021,patient,book_appointment,ad37dc95-561f-9348-6577-eff9b22d47c2,2026-04-15 01:34:33,appointment,APPOINTMENT_1589,5,1,1,0.0,1.855,0,0,64.82,0
1534,NUR_007,nurse,update_vitals,dd55f477-af88-4543-f8c0-dca25a96c4cb,2026-03-30 04:17:15,observation,OBSERVATION_5800,10,13,1,0.1,1.379,0,0,48.18,0
1535,DOC_009,doctor,update_diagnosis,2d457e3d-90cb-357e-f7e0-3014068d2f29,2026-04-05 11:56:38,condition,CONDITION_2310,20,15,0,0.03,1.936,0,0,54.17,0
1536,PATUSER_023,patient,update_diagnosis,45f758c8-34c3-3fa5-41f9-5906127ba1bd,2026-04-15 18:19:24,condition,CONDITION_9187,77,54,0,0.73,1.753,0,1,199.79,1
1537,PATUSER_017,patient,cancel_appointment,219c0f88-2190-9af2-4122-bcf1c4f4a0bf,2026-05-09 01:03:59,appointment,APPOINTMENT_3073,1,2,1,0.0,1.5,0,0,28.78,0
1538,DOC_011,doctor,create_prescription,88f931d5-4cfa-4be9-c6be-738d5fc8c215,2026-04-15 07:47:50,prescription,PRESCRIPTION_9805,5,12,0,0.16,1.846,0,0,7.92,0
1539,PATUSER_030,patient,view_queue,9cefc3e8-33f8-beac-d280-fb10e474151c,2026-05-19 06:07:58,queue,QUEUE_4070,5,2,0,0.0,1.784,0,0,65.5,0
1540,PATUSER_021,patient,cancel_appointment,e60a6ecc-5639-5800-4bf2-8e8a2865e55c,2026-04-28 01:56:27,appointment,APPOINTMENT_5498,6,1,1,0.0,1.936,0,0,47.16,0
1541,DOC_003,doctor,view_record,d1838618-2a96-9761-0b8d-89a92a022bcc,2026-04-08 01:21:44,medical_record,MEDICAL_RECORD_1873,22,13,1,0.05,1.855,0,0,71.08,0
1542,NUR_006,nurse,update_queue,820d39a0-d304-2b9d-25a8-d705deede745,2026-04-07 08:55:46,appointment,APPOINTMENT_2161,10,7,0,0.06,1.352,1,0,13.19,0
1543,NUR_006,nurse,view_appointment,d1838618-2a96-9761-0b8d-89a92a022bcc,2026-04-16 05:57:50,appointment,APPOINTMENT_2359,27,19,1,0.08,1.658,0,0,53.78,0
1544,PATUSER_004,patient,cancel_appointment,0e697a7b-149b-602d-af6f-7e76ca18c5d7,2026-04-04 09:10:49,appointment,APPOINTMENT_2099,3,2,0,0.0,1.975,0,0,44.14,0
1545,PATUSER_015,patient,cancel_appointment,a24f1dcf-ef87-f609-183a-d00bcc9b7292,2026-05-09 02:44:49,appointment,APPOINTMENT_8759,1,2,1,0.0,1.5,0,0,31.2,0
1546,PATUSER_016,patient,book_appointment,d1838618-2a96-9761-0b8d-89a92a022bcc,2026-04-13 09:29:41,appointment,APPOINTMENT_4281,3,2,0,0.0,1.436,0,0,40.9,0
1547,PATUSER_025,patient,view_own_record,3bc81e09-7091-bc59-a58a-39b485d9e48b,2026-05-16 05:02:26,medical_record,MEDICAL_RECORD_5143,6,1,1,0.0,1.891,0,0,11.32,0
1548,DOC_006,doctor,view_record,f5de0af7-bfb4-270e-8175-e12515583ea8,2026-05-14 10:33:42,medical_record,MEDICAL_RECORD_8084,12,7,0,0.07,1.95,0,0,11.04,0
1549,PATUSER_020,patient,book_appointment,5dd32bff-9eaf-50ef-db4f-c6065be13792,2026-04-12 08:18:37,appointment,APPOINTMENT_4339,4,3,0,0.0,0.971,0,0,17.99,0
1550,PATUSER_008,patient,view_own_record,4ca3be26-4f97-27f0-32fa-6ea155eba23a,2026-04-04 04:06:02,medical_record,MEDICAL_RECORD_5948,1,1,1,0.0,1.0,0,0,65.15,0
1551,PATUSER_027,patient,view_own_record,7bbc22dd-2b36-8b49-3bcc-14c25dafd13e,2026-04-26 03:35:33,medical_record,MEDICAL_RECORD_3483,1,3,1,0.0,1.95,0,0,45.3,0
1552,DOC_015,doctor,view_record,1290bba5-c164-4273-9694-c3ce92270ef2,2026-05-22 10:56:34,medical_record,MEDICAL_RECORD_1494,17,18,0,0.01,1.379,0,0,69.8,0
1553,DOC_008,doctor,update_diagnosis,a2ff83e0-2cc0-50a4-b008-52a1add72ced,2026-05-01 03:49:56,condition,CONDITION_6867,10,3,1,0.17,1.823,0,0,24.07,0
1554,PATUSER_021,patient,book_appointment,1f534514-2f45-191e-04b4-ad9e93bdf422,2026-04-01 07:51:30,appointment,APPOINTMENT_7955,2,1,0,0.0,1.79,0,0,31.41,0
1555,PATUSER_001,patient,view_queue,dda456b9-cd60-e91b-8a88-fd381a9e4611,2026-04-19 01:10:07,queue,QUEUE_9079,1,2,1,0.0,1.585,0,0,24.67,0
1556,DOC_007,doctor,view_record,d1838618-2a96-9761-0b8d-89a92a022bcc,2026-04-11 06:07:32,medical_record,MEDICAL_RECORD_9757,21,3,0,0.17,1.761,0,0,65.67,0
1557,PATUSER_025,patient,book_appointment,717861a2-ab2b-2d2a-6a8f-6388dbff69d2,2026-04-09 04:55:50,appointment,APPOINTMENT_9595,6,3,1,0.0,0.811,0,0,43.64,0
1558,PATUSER_030,patient,cancel_appointment,bee08b10-0c18-396e-9f8a-03e41691509b,2026-05-11 08:43:51,appointment,APPOINTMENT_4518,6,1,0,0.0,1.922,0,0,43.53,0
1559,NUR_005,nurse,update_vitals,d1838618-2a96-9761-0b8d-89a92a022bcc,2026-04-06 02:52:25,observation,OBSERVATION_7737,15,19,1,0.06,1.842,0,0,19.43,0
1560,NUR_002,nurse,update_vitals,f8540aed-49fc-9dd6-b195-288635b1d17a,2026-05-09 08:43:35,observation,OBSERVATION_2730,17,19,0,0.05,1.557,0,0,41.21,0
1561,PATUSER_005,patient,cancel_appointment,6383af50-c8f6-0c22-1dd4-6ee2be572cb1,2026-04-16 02:58:48,appointment,APPOINTMENT_7213,5,2,1,0.0,1.784,0,0,7.61,0
1562,DOC_005,doctor,create_prescription,155649eb-5d3e-41ca-5a2c-78972a1721f4,2026-05-19 20:50:33,prescription,PRESCRIPTION_7524,59,27,0,0.68,1.73,1,0,395.23,1
1563,PATUSER_008,patient,book_appointment,dd55f477-af88-4543-f8c0-dca25a96c4cb,2026-04-25 06:54:34,appointment,APPOINTMENT_6157,5,2,0,0.0,1.0,0,0,71.02,0
1564,NUR_003,nurse,register_walkin,d1838618-2a96-9761-0b8d-89a92a022bcc,2026-05-18 09:31:34,appointment,APPOINTMENT_2621,19,19,0,0.09,1.685,1,0,21.16,0
1565,PATUSER_017,patient,cancel_appointment,21b4ddc5-081e-1ecd-3573-f2ea42677b66,2026-05-06 08:17:24,appointment,APPOINTMENT_4096,6,1,0,0.0,1.738,0,0,42.13,0
1566,PATUSER_002,patient,cancel_appointment,3844e0c5-14c7-8f87-19b0-8f769b3bdd70,2026-04-29 04:43:41,appointment,APPOINTMENT_3969,1,1,1,0.0,1.868,0,0,41.94,0
1567,PATUSER_014,patient,cancel_appointment,bfb0d055-557b-4579-1a3b-78cc2ead82c9,2026-04-12 04:35:22,appointment,APPOINTMENT_2095,3,3,1,0.0,1.981,0,0,34.94,0
1568,PATUSER_017,patient,cancel_appointment,fb36d3d9-666c-c4c2-bb96-c9195538d4df,2026-05-08 04:14:49,appointment,APPOINTMENT_4734,3,2,1,0.0,1.918,0,0,51.36,0
1569,PATUSER_028,patient,view_own_record,b23941a4-269e-2ac4-8ced-75d1ac8b1b1d,2026-03-28 04:31:57,medical_record,MEDICAL_RECORD_5943,6,3,1,0.0,1.936,0,0,55.29,0
1570,PATUSER_011,patient,book_appointment,4642b627-0caa-32c4-a7cd-87689252d332,2026-04-14 12:11:51,appointment,APPOINTMENT_6885,3,1,0,0.0,0.918,0,0,67.37,0
1571,PATUSER_001,patient,book_appointment,a992fe7d-cd9b-0ace-6e0b-f6f0b5f01fc3,2026-04-20 10:22:49,appointment,APPOINTMENT_9596,5,1,0,0.0,1.906,0,0,8.38,0
1572,PATUSER_005,patient,view_own_record,3c6d02df-84f2-f9e2-8e09-852349757293,2026-04-25 11:13:05,medical_record,MEDICAL_RECORD_7575,5,3,0,0.0,1.371,0,0,70.27,0
1573,NUR_002,nurse,update_queue,a8bef5c2-6743-79e8-8477-bc3b6244c334,2026-03-28 12:15:05,appointment,APPOINTMENT_9143,28,8,0,0.12,1.352,0,0,64.94,0
1574,PATUSER_022,patient,view_queue,754c6983-a899-1c3c-f51d-2af172b88b91,2026-03-25 04:29:59,queue,QUEUE_3719,5,3,1,0.0,1.784,0,0,55.96,0
1575,PATUSER_001,patient,view_own_record,19e9c5a5-4114-0f95-e5e8-29cd6749d4e1,2026-04-03 10:00:56,medical_record,MEDICAL_RECORD_7594,1,3,0,0.0,1.95,0,0,33.41,0
1576,PATUSER_024,patient,view_own_record,8e21cb1f-b016-dda9-1d06-c920c24a0b37,2026-04-06 09:10:16,medical_record,MEDICAL_RECORD_5029,2,1,0,0.0,0.811,0,0,5.08,0
1577,PATUSER_007,patient,view_queue,3eee4689-2d02-6ec9-c257-42b3adfdcd70,2026-05-12 01:18:06,queue,QUEUE_9267,5,3,1,0.0,1.918,0,0,56.32,0
1578,NUR_003,nurse,update_vitals,d9044272-63af-eca3-2a0c-ec9f9c10a98f,2026-05-23 11:09:40,observation,OBSERVATION_3182,30,19,0,0.06,1.392,0,0,35.82,0
1579,PATUSER_003,patient,book_appointment,0369610a-4641-e2d5-80b2-844b2bd99f16,2026-04-26 05:32:57,appointment,APPOINTMENT_6469,6,2,1,0.0,2.0,0,0,46.87,0
1580,PATUSER_024,patient,book_appointment,3844e0c5-14c7-8f87-19b0-8f769b3bdd70,2026-03-28 02:39:37,appointment,APPOINTMENT_8560,1,1,1,0.0,1.846,0,0,17.57,0
1581,PATUSER_024,patient,view_queue,2b31de7e-3596-37c7-1d46-db12d82e73ef,2026-04-26 04:47:38,queue,QUEUE_3001,1,3,1,0.0,0.918,0,0,28.45,0
1582,DOC_009,doctor,view_record,d7b30817-a7e4-d7c5-8582-63d251b6f98c,2026-05-10 09:17:51,medical_record,MEDICAL_RECORD_3122,11,18,0,0.17,1.685,0,0,73.84,0
1583,DOC_010,doctor,create_prescription,a992fe7d-cd9b-0ace-6e0b-f6f0b5f01fc3,2026-05-21 06:17:22,prescription,PRESCRIPTION_1113,17,8,0,0.17,1.617,0,0,21.16,0
1584,PATUSER_010,patient,view_own_record,b23941a4-269e-2ac4-8ced-75d1ac8b1b1d,2026-04-07 05:13:57,medical_record,MEDICAL_RECORD_7015,2,3,1,0.0,1.299,0,0,70.49,0
1585,PATUSER_001,patient,view_own_record,11b2d013-d581-7187-e88b-7a04781d307b,2026-04-11 01:55:43,medical_record,MEDICAL_RECORD_7318,2,2,1,0.0,1.522,0,0,67.36,0
1586,PATUSER_010,patient,view_audit,8c562216-cb73-0829-2fa4-123468939df6,2026-05-10 16:20:13,audit,AUDIT_3577,75,44,0,0.75,1.922,1,1,226.96,1
1587,PATUSER_003,patient,book_appointment,a82f0145-e797-d65d-bebf-e49dd38bac1e,2026-05-05 06:04:56,appointment,APPOINTMENT_2315,2,3,0,0.0,1.614,0,0,62.67,0
1588,PATUSER_020,patient,view_queue,4642b627-0caa-32c4-a7cd-87689252d332,2026-04-16 04:17:52,queue,QUEUE_7490,2,1,1,0.0,1.922,0,0,31.19,0
1589,PATUSER_003,patient,view_own_record,3eee4689-2d02-6ec9-c257-42b3adfdcd70,2026-04-19 12:07:58,medical_record,MEDICAL_RECORD_3331,6,3,0,0.0,1.75,0,0,51.98,0
1590,PATUSER_011,patient,cancel_appointment,8e21cb1f-b016-dda9-1d06-c920c24a0b37,2026-04-05 11:45:38,appointment,APPOINTMENT_4373,5,1,0,0.0,1.846,0,0,5.07,0
1591,PATUSER_012,patient,cancel_appointment,10751dec-9152-b658-beeb-ba433fbb9213,2026-03-25 06:39:04,appointment,APPOINTMENT_8699,2,3,0,0.0,1.658,0,0,48.06,0
1592,DOC_004,doctor,create_prescription,4f0c6acb-066b-1f8d-228d-5e5a973d1fef,2026-05-11 04:17:58,prescription,PRESCRIPTION_4350,6,4,1,0.03,1.295,0,0,6.1,0
1593,NUR_004,nurse,update_vitals,d1838618-2a96-9761-0b8d-89a92a022bcc,2026-03-25 08:17:35,observation,OBSERVATION_7493,16,24,0,0.03,1.522,0,0,34.83,0
1594,PATUSER_022,patient,book_appointment,45f758c8-34c3-3fa5-41f9-5906127ba1bd,2026-04-20 00:45:48,appointment,APPOINTMENT_4241,6,2,1,0.0,1.981,0,0,65.12,0
1595,PATUSER_007,patient,view_own_record,45f758c8-34c3-3fa5-41f9-5906127ba1bd,2026-03-25 06:44:51,medical_record,MEDICAL_RECORD_9996,3,3,0,0.0,1.868,0,0,30.6,0
1596,DOC_004,doctor,view_observation,155649eb-5d3e-41ca-5a2c-78972a1721f4,2026-04-21 11:49:27,observation,OBSERVATION_6812,15,7,0,0.11,1.825,0,0,51.14,0
1597,DOC_003,doctor,update_diagnosis,235bd53d-07f7-5874-c952-5126acfab01e,2026-03-28 06:35:44,condition,CONDITION_6406,21,13,0,0.14,1.5,0,0,32.65,0
1598,DOC_012,doctor,view_record,235bd53d-07f7-5874-c952-5126acfab01e,2026-03-25 03:00:03,medical_record,MEDICAL_RECORD_1011,8,14,1,0.09,1.449,0,0,40.31,0
1599,NUR_005,nurse,register_walkin,155649eb-5d3e-41ca-5a2c-78972a1721f4,2026-05-06 01:14:25,appointment,APPOINTMENT_6753,14,21,1,0.05,1.846,0,0,37.17,0
1600,PATUSER_011,patient,view_own_record,073b376b-9659-3e78-c6a6-a08b74d710da,2026-03-27 12:17:22,medical_record,MEDICAL_RECORD_7108,5,3,0,0.0,1.371,0,0,9.91,0
1601,DOC_009,doctor,view_record,047f3ed4-bdea-7cd6-6e80-8537a3979cc6,2026-05-13 07:21:30,medical_record,MEDICAL_RECORD_9879,17,3,0,0.02,1.834,0,0,26.97,0
1602,DOC_006,doctor,update_diagnosis,d1838618-2a96-9761-0b8d-89a92a022bcc,2026-05-02 09:03:18,condition,CONDITION_6836,6,15,0,0.16,1.922,0,0,11.34,0
1603,NUR_007,nurse,update_vitals,7f857501-0257-2c7f-2e8f-9886705681f3,2026-03-30 01:58:56,observation,OBSERVATION_3418,29,24,1,0.03,1.522,0,0,33.82,0
1604,PATUSER_014,patient,cancel_appointment,744a7169-4e89-61ff-27f2-3c736abf4368,2026-03-26 11:58:27,appointment,APPOINTMENT_4400,2,3,0,0.0,1.922,0,0,71.8,0
1605,PATUSER_028,patient,view_own_record,83948281-33ad-4a11-0a3d-04484caf2ab9,2026-04-30 04:22:24,medical_record,MEDICAL_RECORD_6950,3,3,1,0.0,1.406,0,0,72.32,0
1606,PATUSER_009,patient,view_queue,e60a6ecc-5639-5800-4bf2-8e8a2865e55c,2026-04-19 06:32:33,queue,QUEUE_7362,2,3,0,0.0,1.585,0,0,42.86,0
1607,PATUSER_013,patient,book_appointment,12a088f3-264b-6a9f-9a57-678747110969,2026-04-01 05:34:04,appointment,APPOINTMENT_3158,1,2,1,0.0,0.811,0,0,52.16,0
1608,PATUSER_018,patient,book_appointment,d7b30817-a7e4-d7c5-8582-63d251b6f98c,2026-03-28 03:37:49,appointment,APPOINTMENT_7339,6,3,1,0.0,1.95,0,0,69.83,0
1609,PATUSER_016,patient,cancel_appointment,8c562216-cb73-0829-2fa4-123468939df6,2026-04-04 06:31:33,appointment,APPOINTMENT_9501,5,1,0,0.0,2.0,0,0,30.15,0
1610,DOC_008,doctor,view_record,155649eb-5d3e-41ca-5a2c-78972a1721f4,2026-05-20 05:01:13,medical_record,MEDICAL_RECORD_7618,8,3,1,0.06,1.738,0,0,61.51,0
1611,DOC_001,doctor,update_diagnosis,d1838618-2a96-9761-0b8d-89a92a022bcc,2026-04-15 11:51:56,condition,CONDITION_5757,15,4,0,0.09,1.825,0,0,71.13,0
1612,PATUSER_015,patient,cancel_appointment,ed1c3b46-34b9-221b-cb10-682e9ed9ddbd,2026-04-23 10:52:17,appointment,APPOINTMENT_5808,4,2,0,0.0,1.95,0,0,64.36,0
1613,PATUSER_019,patient,view_queue,e126e379-083f-ea08-0358-303361acf072,2026-04-02 09:05:20,queue,QUEUE_6053,3,3,0,0.0,1.485,0,0,14.43,0
1614,PATUSER_014,patient,view_queue,3c6d02df-84f2-f9e2-8e09-852349757293,2026-04-24 05:07:31,queue,QUEUE_6962,4,3,1,0.0,1.922,0,0,49.19,0
1615,PATUSER_028,patient,book_appointment,4f0c6acb-066b-1f8d-228d-5e5a973d1fef,2026-04-11 02:37:41,appointment,APPOINTMENT_9560,2,1,1,0.0,1.918,0,0,15.33,0
1616,PATUSER_029,patient,view_own_record,b23941a4-269e-2ac4-8ced-75d1ac8b1b1d,2026-04-15 10:15:38,medical_record,MEDICAL_RECORD_7778,4,1,0,0.0,1.585,0,0,12.56,0
1617,DOC_002,doctor,view_record,cc4e166f-53eb-f57b-fb9c-72dddeeb448f,2026-03-25 10:04:34,medical_record,MEDICAL_RECORD_8628,12,12,0,0.15,1.826,0,0,13.88,0
1618,PATUSER_029,patient,book_appointment,4f74c441-7628-4f98-82a7-f4c99d926736,2026-03-31 09:25:36,appointment,APPOINTMENT_6091,2,3,0,0.0,1.483,0,0,8.16,0
1619,DOC_011,doctor,view_observation,10751dec-9152-b658-beeb-ba433fbb9213,2026-04-22 05:45:18,observation,OBSERVATION_9093,19,16,1,0.18,1.459,0,0,30.31,0
1620,PATUSER_028,patient,cancel_appointment,a2ff83e0-2cc0-50a4-b008-52a1add72ced,2026-04-06 05:46:36,appointment,APPOINTMENT_9368,3,2,1,0.0,1.495,0,0,13.98,0
1621,PATUSER_006,patient,view_queue,0e697a7b-149b-602d-af6f-7e76ca18c5d7,2026-05-09 04:29:03,queue,QUEUE_4524,4,2,1,0.0,1.959,0,0,31.58,0
1622,PATUSER_021,patient,book_appointment,e94fc8e2-b867-5164-0607-5e5eb581b150,2026-04-19 08:34:35,appointment,APPOINTMENT_5209,3,3,0,0.0,2.0,0,0,31.0,0
1623,PATUSER_026,patient,view_queue,910f9d72-b5f2-60bf-8302-274ac5d74635,2026-03-30 03:44:28,queue,QUEUE_4498,1,3,1,0.0,1.53,0,0,6.07,0
1624,DOC_005,doctor,create_prescription,e126e379-083f-ea08-0358-303361acf072,2026-05-16 09:42:25,prescription,PRESCRIPTION_5940,20,6,0,0.18,1.95,0,0,30.37,0
1625,PATUSER_014,patient,view_queue,07052ffe-5096-f813-923b-f3a32be34399,2026-05-04 05:31:15,queue,QUEUE_8476,6,3,1,0.0,1.959,0,0,29.92,0
1626,PATUSER_003,patient,view_own_record,3c6d02df-84f2-f9e2-8e09-852349757293,2026-05-22 03:39:42,medical_record,MEDICAL_RECORD_1671,5,1,1,0.0,1.459,0,0,25.19,0
1627,PATUSER_004,patient,update_diagnosis,219c0f88-2190-9af2-4122-bcf1c4f4a0bf,2026-05-19 20:24:02,condition,CONDITION_4623,48,63,0,0.69,1.761,1,1,339.55,1
1628,PATUSER_001,patient,view_queue,392c8ae6-3c3b-1ff7-c35c-4e64946db9b6,2026-05-09 05:34:39,queue,QUEUE_9248,4,1,1,0.0,1.459,1,0,72.69,0
1629,PATUSER_002,patient,view_queue,79402472-6884-1aca-759a-a23f36ee8dca,2026-04-02 08:53:45,queue,QUEUE_3721,2,2,0,0.0,1.95,0,0,23.31,0
1630,PATUSER_018,patient,cancel_appointment,235bd53d-07f7-5874-c952-5126acfab01e,2026-04-28 06:48:43,appointment,APPOINTMENT_9536,4,3,0,0.0,0.918,0,0,7.27,0
1631,PATUSER_027,patient,cancel_appointment,01974f36-ced2-c38e-32c5-1b09e1fe1638,2026-05-19 10:17:56,appointment,APPOINTMENT_1476,5,1,0,0.0,1.522,0,0,41.46,0
1632,ADM_003,admin,manage_user,2faf5170-7c17-9c76-c091-5349b5ecad23,2026-05-14 07:50:45,user,USER_9186,10,1,0,0.05,1.825,0,0,26.49,0
1633,PATUSER_012,patient,cancel_appointment,e300c149-9eaa-3d5a-57d9-ea8d4c996597,2026-04-30 01:57:40,appointment,APPOINTMENT_2178,2,2,1,0.0,1.295,0,0,53.25,0
1634,DOC_014,doctor,create_prescription,a2ff83e0-2cc0-50a4-b008-52a1add72ced,2026-05-13 05:19:04,prescription,PRESCRIPTION_6952,7,18,1,0.06,1.784,0,0,45.94,0
1635,DOC_002,doctor,view_record,820d39a0-d304-2b9d-25a8-d705deede745,2026-04-12 16:44:40,medical_record,MEDICAL_RECORD_2593,40,34,0,0.85,1.761,1,0,212.38,1
1636,PATUSER_027,patient,view_own_record,3eee4689-2d02-6ec9-c257-42b3adfdcd70,2026-04-15 05:23:59,medical_record,MEDICAL_RECORD_2936,4,3,1,0.0,1.384,0,0,26.83,0
1637,DOC_003,doctor,update_diagnosis,d1838618-2a96-9761-0b8d-89a92a022bcc,2026-04-26 04:17:53,condition,CONDITION_8649,19,8,1,0.1,1.826,0,0,17.14,0
1638,DOC_001,doctor,view_observation,e8b56457-438e-7a2e-04ee-e0b2ec149f61,2026-04-07 11:07:20,observation,OBSERVATION_4284,15,12,0,0.15,1.485,0,0,72.55,0
1639,ADM_001,admin,update_schedule,f5de0af7-bfb4-270e-8175-e12515583ea8,2026-04-11 07:44:25,schedule,SCHEDULE_3463,15,4,0,0.08,1.0,0,0,69.11,0
1640,PATUSER_007,patient,cancel_appointment,42c1eb05-09a9-eeda-a957-d822de66c536,2026-05-02 07:52:20,appointment,APPOINTMENT_2282,6,2,0,0.0,1.0,0,0,58.57,0
1641,ADM_001,admin,view_report,d9044272-63af-eca3-2a0c-ec9f9c10a98f,2026-05-05 10:29:14,report,REPORT_9112,14,3,0,0.03,1.792,0,0,22.69,0
1642,DOC_011,doctor,update_diagnosis,12a088f3-264b-6a9f-9a57-678747110969,2026-05-20 00:41:10,condition,CONDITION_7137,22,11,1,0.15,1.891,0,0,47.78,0
1643,DOC_015,doctor,view_record,4ca3be26-4f97-27f0-32fa-6ea155eba23a,2026-04-09 03:53:07,medical_record,MEDICAL_RECORD_1907,22,14,1,0.2,1.906,0,0,18.06,0
1644,PATUSER_027,patient,book_appointment,1290bba5-c164-4273-9694-c3ce92270ef2,2026-05-15 02:11:45,appointment,APPOINTMENT_4374,3,1,1,0.0,1.891,0,0,32.04,0
1645,DOC_013,doctor,view_observation,d5d8b210-bca5-a9ce-0711-3d09468bfe47,2026-05-19 06:54:16,observation,OBSERVATION_2826,19,11,0,0.14,1.449,0,0,73.84,0
1646,NUR_007,nurse,register_walkin,7f857501-0257-2c7f-2e8f-9886705681f3,2026-03-26 00:38:09,appointment,APPOINTMENT_8795,30,24,1,0.03,1.571,0,0,8.74,0
1647,PATUSER_012,patient,view_own_record,d1e9c67e-e701-dbf5-aa21-bb9ae3751b97,2026-04-21 03:31:45,medical_record,MEDICAL_RECORD_6593,5,1,1,0.0,1.842,0,0,65.41,0
1648,DOC_002,doctor,view_observation,754c6983-a899-1c3c-f51d-2af172b88b91,2026-05-19 05:59:59,observation,OBSERVATION_2554,10,16,1,0.01,1.571,0,0,7.03,0
1649,DOC_014,doctor,update_diagnosis,01974f36-ced2-c38e-32c5-1b09e1fe1638,2026-05-07 02:33:13,condition,CONDITION_9016,11,18,1,0.1,1.557,0,0,50.12,0
1650,PATUSER_013,patient,view_record,d998bd61-bed8-3eb5-dcb5-297579cf936f,2026-05-15 16:53:46,medical_record,MEDICAL_RECORD_9479,75,71,0,0.9,2.231,1,1,229.01,1
1651,PATUSER_029,patient,cancel_appointment,9e25d332-9229-0803-ad9f-ca235142458e,2026-05-08 08:09:29,appointment,APPOINTMENT_8400,2,2,0,0.0,1.811,0,0,28.0,0
1652,PATUSER_011,patient,cancel_appointment,4f74c441-7628-4f98-82a7-f4c99d926736,2026-04-09 09:13:34,appointment,APPOINTMENT_1551,2,3,0,0.0,1.435,0,0,61.25,0
1653,PATUSER_005,patient,book_appointment,4642b627-0caa-32c4-a7cd-87689252d332,2026-04-21 06:06:08,appointment,APPOINTMENT_4386,4,1,0,0.0,1.5,0,0,62.74,0
1654,PATUSER_029,patient,view_queue,5e236a28-42bb-348c-3267-03ed1a052b40,2026-04-18 00:38:43,queue,QUEUE_5508,2,3,1,0.0,1.988,0,0,51.09,0
1655,PATUSER_027,patient,view_own_record,2faf5170-7c17-9c76-c091-5349b5ecad23,2026-04-01 00:36:24,medical_record,MEDICAL_RECORD_7299,2,3,1,0.0,1.526,0,0,69.71,0
1656,PATUSER_009,patient,view_own_record,21b4ddc5-081e-1ecd-3573-f2ea42677b66,2026-04-30 00:42:27,medical_record,MEDICAL_RECORD_4351,3,3,1,0.0,1.753,0,0,59.72,0
1657,PATUSER_013,patient,cancel_appointment,f84719a0-d28d-ec20-64a8-a17992dcd9ac,2026-04-09 12:00:22,appointment,APPOINTMENT_3154,2,2,0,0.0,1.837,0,0,28.07,0
1658,PATUSER_013,patient,view_queue,07052ffe-5096-f813-923b-f3a32be34399,2026-05-07 01:53:18,queue,QUEUE_9221,5,2,1,0.0,1.784,0,0,30.36,0
1659,PATUSER_005,patient,cancel_appointment,b3c9a883-40ea-1452-7b76-62e552e033d2,2026-05-01 11:13:36,appointment,APPOINTMENT_6446,3,1,0,0.0,1.837,0,0,58.35,0
1660,DOC_002,doctor,create_prescription,83948281-33ad-4a11-0a3d-04484caf2ab9,2026-04-17 07:21:50,prescription,PRESCRIPTION_9079,24,14,0,0.08,1.888,0,0,53.84,0
1661,NUR_003,nurse,update_vitals,d1838618-2a96-9761-0b8d-89a92a022bcc,2026-04-03 03:20:47,observation,OBSERVATION_5669,19,15,1,0.11,0.985,0,0,20.18,0
1662,NUR_007,nurse,update_vitals,9b5ce034-80bf-4c6b-f400-3a89fc0d135b,2026-05-21 09:43:28,observation,OBSERVATION_6964,17,23,0,0.1,1.846,0,0,56.6,0
1663,PATUSER_013,patient,view_own_record,8db9c819-1c0b-c9a9-3e31-4b85f52201d2,2026-04-18 00:45:36,medical_record,MEDICAL_RECORD_6905,2,2,1,0.0,1.459,0,0,23.45,0
1664,DOC_013,doctor,view_record,fb36d3d9-666c-c4c2-bb96-c9195538d4df,2026-03-28 04:47:47,medical_record,MEDICAL_RECORD_3015,16,6,1,0.15,1.658,0,0,12.23,0
1665,PATUSER_003,patient,view_queue,671064b5-039b-51a8-7e40-8e6baa0a7e35,2026-05-08 11:22:17,queue,QUEUE_4291,2,1,0,0.0,1.485,0,0,72.91,0
1666,DOC_006,doctor,view_observation,f8540aed-49fc-9dd6-b195-288635b1d17a,2026-05-01 05:40:43,observation,OBSERVATION_7091,15,18,1,0.12,1.73,0,0,11.54,0
1667,PATUSER_026,patient,book_appointment,668a10b4-c005-0df3-522e-b068e0d29ea9,2026-04-05 03:28:39,appointment,APPOINTMENT_9188,5,1,1,0.0,1.299,0,0,30.86,0
1668,PATUSER_013,patient,view_audit,a2ff83e0-2cc0-50a4-b008-52a1add72ced,2026-04-26 16:37:10,audit,AUDIT_3213,77,62,0,0.94,2.055,1,1,288.15,1
1669,PATUSER_023,patient,update_diagnosis,9e25d332-9229-0803-ad9f-ca235142458e,2026-05-12 17:51:56,condition,CONDITION_9108,54,52,0,0.88,2.118,0,1,208.18,1
1670,PATUSER_014,patient,view_own_record,8e21cb1f-b016-dda9-1d06-c920c24a0b37,2026-05-07 07:11:04,medical_record,MEDICAL_RECORD_4559,2,2,0,0.0,1.79,0,0,50.58,0
1671,PATUSER_026,patient,view_queue,8c562216-cb73-0829-2fa4-123468939df6,2026-04-19 11:46:10,queue,QUEUE_5395,3,1,0,0.0,1.842,0,0,27.89,0
1672,PATUSER_025,patient,view_own_record,ea7deb48-7fa5-3406-28b9-051b0c18d363,2026-05-21 06:34:11,medical_record,MEDICAL_RECORD_7286,4,2,0,0.0,1.252,0,0,61.55,0
1673,PATUSER_011,patient,cancel_appointment,b3c9a883-40ea-1452-7b76-62e552e033d2,2026-03-28 02:51:12,appointment,APPOINTMENT_9533,1,1,1,0.0,1.522,0,0,21.13,0
1674,NUR_006,nurse,view_appointment,1c39de5b-289a-3a1a-669b-2f756efb8bcb,2026-05-07 04:15:57,appointment,APPOINTMENT_7481,9,14,1,0.09,1.891,0,0,31.95,0
1675,PATUSER_016,patient,cancel_appointment,3eee4689-2d02-6ec9-c257-42b3adfdcd70,2026-04-07 10:53:27,appointment,APPOINTMENT_5183,4,2,0,0.0,1.585,0,0,70.84,0
1676,PATUSER_003,patient,view_own_record,11b2d013-d581-7187-e88b-7a04781d307b,2026-05-07 04:58:56,medical_record,MEDICAL_RECORD_2356,3,1,1,0.0,1.906,0,0,25.43,0
1677,PATUSER_016,patient,cancel_appointment,235bd53d-07f7-5874-c952-5126acfab01e,2026-04-20 09:50:09,appointment,APPOINTMENT_4072,5,2,0,0.0,1.379,0,0,51.02,0
1678,DOC_012,doctor,create_prescription,d1838618-2a96-9761-0b8d-89a92a022bcc,2026-05-18 11:58:11,prescription,PRESCRIPTION_4349,23,18,0,0.2,0.811,0,0,74.66,0
1679,PATUSER_011,patient,view_own_record,d998bd61-bed8-3eb5-dcb5-297579cf936f,2026-05-11 07:19:00,medical_record,MEDICAL_RECORD_2335,1,3,0,0.0,1.5,0,0,48.09,0
1680,PATUSER_009,patient,cancel_appointment,820d39a0-d304-2b9d-25a8-d705deede745,2026-05-03 08:04:30,appointment,APPOINTMENT_2567,6,2,0,0.0,1.918,0,0,58.66,0
1681,DOC_008,doctor,view_observation,fb36d3d9-666c-c4c2-bb96-c9195538d4df,2026-04-24 04:13:26,observation,OBSERVATION_1177,15,9,1,0.01,1.522,0,0,5.44,0
1682,PATUSER_014,patient,cancel_appointment,d1838618-2a96-9761-0b8d-89a92a022bcc,2026-05-15 03:25:41,appointment,APPOINTMENT_8265,1,2,1,0.0,1.868,0,0,36.9,0
1683,NUR_004,nurse,update_queue,155649eb-5d3e-41ca-5a2c-78972a1721f4,2026-04-08 01:38:54,appointment,APPOINTMENT_6543,13,19,1,0.05,1.761,0,0,64.91,0
1684,DOC_010,doctor,create_prescription,b09b332a-a8b1-5541-6855-d6420f922505,2026-04-23 03:12:49,prescription,PRESCRIPTION_8986,6,10,1,0.09,2.0,0,0,57.32,0
1685,DOC_003,doctor,view_record,4ca3be26-4f97-27f0-32fa-6ea155eba23a,2026-05-08 00:59:34,medical_record,MEDICAL_RECORD_9679,15,17,1,0.21,1.435,0,0,73.0,0
1686,NUR_004,nurse,register_walkin,8e21cb1f-b016-dda9-1d06-c920c24a0b37,2026-05-21 11:55:06,appointment,APPOINTMENT_3894,18,8,0,0.1,1.449,0,0,38.12,0
1687,PATUSER_001,patient,cancel_appointment,1290bba5-c164-4273-9694-c3ce92270ef2,2026-05-11 06:34:05,appointment,APPOINTMENT_5993,6,3,0,0.0,1.0,0,0,48.97,0
1688,PATUSER_010,patient,view_queue,dda456b9-cd60-e91b-8a88-fd381a9e4611,2026-05-13 05:50:15,queue,QUEUE_7034,1,1,1,0.0,1.842,0,0,18.33,0
1689,PATUSER_020,patient,cancel_appointment,047f3ed4-bdea-7cd6-6e80-8537a3979cc6,2026-04-01 07:52:18,appointment,APPOINTMENT_1175,6,1,0,0.0,1.842,1,0,62.37,0
1690,PATUSER_029,patient,book_appointment,21adc8c0-7e1e-5167-1ac1-5449a6a2c73f,2026-04-29 05:24:12,appointment,APPOINTMENT_9670,4,1,1,0.0,1.842,0,0,17.88,0
1691,DOC_007,doctor,create_prescription,668a10b4-c005-0df3-522e-b068e0d29ea9,2026-05-08 10:16:05,prescription,PRESCRIPTION_6948,19,14,0,0.01,1.5,0,0,39.55,0
1692,PATUSER_028,patient,view_own_record,a992fe7d-cd9b-0ace-6e0b-f6f0b5f01fc3,2026-04-25 07:03:42,medical_record,MEDICAL_RECORD_5849,5,3,0,0.0,1.561,0,0,55.22,0
1693,ADM_001,admin,update_schedule,57b901cb-d3d2-258c-2773-57008eb32345,2026-05-18 11:51:24,schedule,SCHEDULE_1202,7,3,0,0.09,1.5,0,0,6.5,0
1694,PATUSER_006,patient,book_appointment,e94fc8e2-b867-5164-0607-5e5eb581b150,2026-04-22 10:34:06,appointment,APPOINTMENT_2987,3,2,0,0.0,1.585,0,0,70.93,0
1695,PATUSER_011,patient,book_appointment,0369610a-4641-e2d5-80b2-844b2bd99f16,2026-04-21 01:19:29,appointment,APPOINTMENT_1802,6,1,1,0.0,1.922,1,0,47.45,0
1696,DOC_004,doctor,view_observation,7f857501-0257-2c7f-2e8f-9886705681f3,2026-04-23 03:19:00,observation,OBSERVATION_3197,20,15,1,0.15,1.5,0,0,29.13,0
1697,PATUSER_020,patient,view_queue,e300c149-9eaa-3d5a-57d9-ea8d4c996597,2026-04-13 02:53:30,queue,QUEUE_4353,1,1,1,0.0,1.981,0,0,34.88,0
1698,ADM_002,admin,manage_user,f5de0af7-bfb4-270e-8175-e12515583ea8,2026-04-16 11:28:32,user,USER_9869,15,7,0,0.08,1.837,0,0,59.77,0
1699,DOC_008,doctor,update_diagnosis,668a10b4-c005-0df3-522e-b068e0d29ea9,2026-04-25 11:55:07,condition,CONDITION_3907,8,18,0,0.16,1.837,0,0,36.45,0
1700,ADM_001,admin,view_report,3c6d02df-84f2-f9e2-8e09-852349757293,2026-04-21 01:07:05,report,REPORT_4099,15,1,1,0.06,1.459,0,0,31.6,0
1701,DOC_014,doctor,create_prescription,f8540aed-49fc-9dd6-b195-288635b1d17a,2026-03-27 10:47:10,prescription,PRESCRIPTION_3224,6,9,0,0.14,1.73,0,0,43.86,0
1702,PATUSER_014,patient,book_appointment,0369610a-4641-e2d5-80b2-844b2bd99f16,2026-04-29 08:36:54,appointment,APPOINTMENT_8538,4,2,0,0.0,1.727,0,0,13.67,0
1703,PATUSER_008,patient,view_queue,2b31de7e-3596-37c7-1d46-db12d82e73ef,2026-04-17 01:20:17,queue,QUEUE_9109,2,3,1,0.0,1.0,0,0,53.0,0
1704,PATUSER_022,patient,book_appointment,073b376b-9659-3e78-c6a6-a08b74d710da,2026-05-06 09:45:42,appointment,APPOINTMENT_1518,1,2,0,0.0,1.891,0,0,10.19,0
1705,PATUSER_030,patient,book_appointment,57b901cb-d3d2-258c-2773-57008eb32345,2026-04-18 08:04:13,appointment,APPOINTMENT_1078,2,1,0,0.0,1.823,0,0,41.09,0
1706,PATUSER_027,patient,book_appointment,2b31de7e-3596-37c7-1d46-db12d82e73ef,2026-05-13 06:26:06,appointment,APPOINTMENT_8975,3,1,0,0.0,1.5,0,0,58.13,0
1707,PATUSER_025,patient,book_appointment,f84719a0-d28d-ec20-64a8-a17992dcd9ac,2026-04-01 08:24:29,appointment,APPOINTMENT_9237,3,3,0,0.0,1.888,0,0,24.49,0
1708,PATUSER_016,patient,view_audit,df4576f2-f38f-02c0-b20f-6153754c41a6,2026-04-18 16:30:10,audit,AUDIT_3665,55,65,0,0.81,1.761,0,1,209.87,1
1709,DOC_001,doctor,create_prescription,d1838618-2a96-9761-0b8d-89a92a022bcc,2026-04-03 02:08:44,prescription,PRESCRIPTION_5525,12,13,1,0.16,1.906,0,0,48.61,0
1710,ADM_003,admin,view_audit,c5d42b3b-72de-b953-545d-1de4cf59d279,2026-04-20 00:30:19,audit,AUDIT_4111,14,5,1,0.08,1.379,0,0,52.96,0
1711,NUR_007,nurse,view_appointment,754c6983-a899-1c3c-f51d-2af172b88b91,2026-05-04 04:33:00,appointment,APPOINTMENT_2996,28,8,1,0.09,1.485,1,0,16.93,0
1712,DOC_013,doctor,update_diagnosis,3c6d02df-84f2-f9e2-8e09-852349757293,2026-05-02 04:18:27,condition,CONDITION_1975,18,15,1,0.08,1.891,0,0,14.83,0
1713,PATUSER_021,patient,view_own_record,4bab2d0f-4783-619c-46b2-f656667ffb67,2026-05-05 12:09:35,medical_record,MEDICAL_RECORD_2377,3,3,0,0.0,1.406,0,0,11.0,0
1714,DOC_014,doctor,update_diagnosis,1f534514-2f45-191e-04b4-ad9e93bdf422,2026-04-03 05:27:26,condition,CONDITION_3492,17,9,1,0.13,1.459,0,0,16.79,0
1715,DOC_004,doctor,view_observation,8e21cb1f-b016-dda9-1d06-c920c24a0b37,2026-04-19 08:50:08,observation,OBSERVATION_6114,14,12,0,0.1,1.825,0,0,40.94,0
1716,NUR_003,nurse,register_walkin,8fcbd58f-7e61-d74d-9b35-46d267ecbbd3,2026-05-21 09:32:35,appointment,APPOINTMENT_2676,11,16,0,0.02,1.5,0,0,12.96,0
1717,ADM_001,admin,view_report,465dd060-e77a-9924-0d7a-75d52d39a714,2026-05-23 09:11:29,report,REPORT_8808,14,2,0,0.09,1.585,0,0,17.81,0
1718,PATUSER_029,patient,cancel_appointment,4f74c441-7628-4f98-82a7-f4c99d926736,2026-04-04 03:42:03,appointment,APPOINTMENT_7473,2,1,1,0.0,1.859,0,0,26.92,0
1719,PATUSER_006,patient,view_own_record,9b5ce034-80bf-4c6b-f400-3a89fc0d135b,2026-04-22 09:07:50,medical_record,MEDICAL_RECORD_1305,6,2,0,0.0,1.299,0,0,14.39,0
1720,PATUSER_020,patient,view_queue,f2df6bf3-460e-f410-cac9-472739e5df85,2026-05-15 09:34:51,queue,QUEUE_9713,6,2,0,0.0,1.459,0,0,15.12,0
1721,PATUSER_013,patient,book_appointment,744a7169-4e89-61ff-27f2-3c736abf4368,2026-05-01 10:01:49,appointment,APPOINTMENT_4140,2,2,0,0.0,1.252,0,0,35.41,0
1722,PATUSER_018,patient,view_own_record,9cefc3e8-33f8-beac-d280-fb10e474151c,2026-04-11 07:38:10,medical_record,MEDICAL_RECORD_4065,5,3,0,0.0,1.837,0,0,6.49,0
1723,PATUSER_019,patient,view_own_record,8e21cb1f-b016-dda9-1d06-c920c24a0b37,2026-04-16 03:27:21,medical_record,MEDICAL_RECORD_1100,3,1,1,0.0,1.5,0,0,37.73,0
1724,PATUSER_022,patient,view_queue,20f1f5b5-38be-6554-7a24-9fcc8d4bd6c4,2026-04-06 05:16:51,queue,QUEUE_5214,5,2,1,0.0,1.971,0,0,47.66,0
1725,PATUSER_011,patient,cancel_appointment,2d457e3d-90cb-357e-f7e0-3014068d2f29,2026-04-15 05:32:41,appointment,APPOINTMENT_7774,3,3,1,0.0,0.985,0,0,68.02,0
1726,DOC_014,doctor,view_record,7bbc22dd-2b36-8b49-3bcc-14c25dafd13e,2026-05-07 05:41:24,medical_record,MEDICAL_RECORD_2063,8,6,1,0.01,1.449,0,0,26.6,0
1727,PATUSER_007,patient,view_queue,21adc8c0-7e1e-5167-1ac1-5449a6a2c73f,2026-05-17 02:59:19,queue,QUEUE_6788,2,1,1,0.0,1.495,0,0,34.39,0
1728,NUR_005,nurse,update_queue,d1838618-2a96-9761-0b8d-89a92a022bcc,2026-04-22 12:13:49,appointment,APPOINTMENT_1264,29,16,0,0.11,1.685,0,0,13.4,0
1729,PATUSER_010,patient,cancel_appointment,047f3ed4-bdea-7cd6-6e80-8537a3979cc6,2026-05-14 03:04:25,appointment,APPOINTMENT_9346,2,1,1,0.0,1.5,0,0,56.24,0
1730,PATUSER_027,patient,update_diagnosis,0e697a7b-149b-602d-af6f-7e76ca18c5d7,2026-03-27 16:24:31,condition,CONDITION_1388,61,39,0,0.83,1.922,1,1,334.58,1
1731,PATUSER_010,patient,view_queue,ea7deb48-7fa5-3406-28b9-051b0c18d363,2026-05-04 01:01:59,queue,QUEUE_4075,2,3,1,0.0,1.936,0,0,34.59,0
1732,PATUSER_017,patient,book_appointment,19e9c5a5-4114-0f95-e5e8-29cd6749d4e1,2026-03-31 07:28:55,appointment,APPOINTMENT_1031,3,1,0,0.0,1.922,0,0,26.48,0
1733,DOC_005,doctor,view_observation,f84719a0-d28d-ec20-64a8-a17992dcd9ac,2026-04-29 18:45:37,observation,OBSERVATION_2257,42,32,0,0.69,1.677,1,0,229.92,1
1734,PATUSER_021,patient,view_queue,7f857501-0257-2c7f-2e8f-9886705681f3,2026-04-25 09:53:59,queue,QUEUE_8478,5,3,0,0.0,1.868,0,0,55.07,0
1735,PATUSER_017,patient,cancel_appointment,d1e9c67e-e701-dbf5-aa21-bb9ae3751b97,2026-04-17 02:34:06,appointment,APPOINTMENT_9169,1,2,1,0.0,1.891,0,0,20.74,0
1736,PATUSER_013,patient,view_own_record,21adc8c0-7e1e-5167-1ac1-5449a6a2c73f,2026-04-16 05:23:00,medical_record,MEDICAL_RECORD_6926,6,3,1,0.0,1.891,0,0,48.85,0
1737,NUR_003,nurse,view_appointment,e1571870-cf37-1c6b-c97f-c4ab9a32b172,2026-04-10 09:27:55,appointment,APPOINTMENT_5572,14,13,0,0.07,1.959,0,0,52.2,0
1738,DOC_012,doctor,create_prescription,20f1f5b5-38be-6554-7a24-9fcc8d4bd6c4,2026-05-06 18:46:46,prescription,PRESCRIPTION_8667,57,63,0,0.86,0.811,1,0,220.97,1
1739,PATUSER_020,patient,book_appointment,3bc81e09-7091-bc59-a58a-39b485d9e48b,2026-05-15 08:33:17,appointment,APPOINTMENT_5542,5,3,0,0.0,1.5,0,0,16.53,0
1740,DOC_002,doctor,create_prescription,a8bef5c2-6743-79e8-8477-bc3b6244c334,2026-04-12 09:51:35,prescription,PRESCRIPTION_8921,14,18,0,0.17,1.891,0,0,13.74,0
1741,DOC_006,doctor,view_observation,d1838618-2a96-9761-0b8d-89a92a022bcc,2026-03-28 05:10:45,observation,OBSERVATION_3572,13,7,1,0.21,1.483,0,0,25.46,0
1742,NUR_006,nurse,update_vitals,4ca3be26-4f97-27f0-32fa-6ea155eba23a,2026-04-09 00:34:48,observation,OBSERVATION_8246,30,15,1,0.08,1.971,0,0,57.83,0
1743,PATUSER_015,patient,book_appointment,910f9d72-b5f2-60bf-8302-274ac5d74635,2026-04-12 11:55:30,appointment,APPOINTMENT_5330,5,3,0,0.0,1.65,0,0,23.28,0
1744,ADM_001,admin,view_audit,21b4ddc5-081e-1ecd-3573-f2ea42677b66,2026-05-21 06:18:59,audit,AUDIT_8541,3,8,0,0.08,1.5,0,0,30.7,0
1745,NUR_003,nurse,view_appointment,b4679b26-64ac-c348-6667-1e9093ae866f,2026-04-07 02:50:37,appointment,APPOINTMENT_6514,19,18,1,0.1,1.522,0,0,6.98,0
1746,NUR_002,nurse,register_walkin,9b5ce034-80bf-4c6b-f400-3a89fc0d135b,2026-04-18 01:27:00,appointment,APPOINTMENT_3892,11,24,1,0.1,1.842,0,0,49.81,0
1747,DOC_005,doctor,create_prescription,4f0c6acb-066b-1f8d-228d-5e5a973d1fef,2026-05-11 05:14:52,prescription,PRESCRIPTION_3321,13,8,1,0.14,1.888,0,0,69.92,0
1748,PATUSER_002,patient,book_appointment,bee08b10-0c18-396e-9f8a-03e41691509b,2026-04-22 02:15:18,appointment,APPOINTMENT_3188,5,2,1,0.0,1.825,0,0,28.06,0
1749,DOC_013,doctor,update_diagnosis,83948281-33ad-4a11-0a3d-04484caf2ab9,2026-05-20 06:07:39,condition,CONDITION_5247,23,10,0,0.18,1.855,0,0,53.56,0
1750,PATUSER_026,patient,view_queue,d1e9c67e-e701-dbf5-aa21-bb9ae3751b97,2026-04-25 04:57:59,queue,QUEUE_5625,2,2,1,0.0,1.811,0,0,54.26,0
1751,PATUSER_027,patient,view_audit,0e697a7b-149b-602d-af6f-7e76ca18c5d7,2026-04-12 20:00:56,audit,AUDIT_2649,35,44,0,0.84,2.118,1,1,397.18,1
1752,DOC_009,doctor,update_diagnosis,7bbc22dd-2b36-8b49-3bcc-14c25dafd13e,2026-05-10 04:39:07,condition,CONDITION_4646,5,17,1,0.03,1.5,0,0,61.69,0
1753,DOC_010,doctor,create_prescription,9b5ce034-80bf-4c6b-f400-3a89fc0d135b,2026-04-17 12:09:26,prescription,PRESCRIPTION_5868,13,17,0,0.01,1.79,0,0,32.8,0
1754,NUR_001,nurse,view_appointment,668a10b4-c005-0df3-522e-b068e0d29ea9,2026-04-03 10:10:28,appointment,APPOINTMENT_8477,24,22,0,0.03,1.157,0,0,15.82,0
1755,PATUSER_022,patient,view_queue,d20dc49f-5674-961e-a123-6e3000654b95,2026-05-09 02:21:47,queue,QUEUE_5585,2,2,1,0.0,1.459,0,0,55.8,0
1756,DOC_002,doctor,view_record,11b2d013-d581-7187-e88b-7a04781d307b,2026-04-23 09:53:27,medical_record,MEDICAL_RECORD_7380,11,15,0,0.19,1.0,0,0,38.31,0
1757,NUR_007,nurse,register_walkin,3eee4689-2d02-6ec9-c257-42b3adfdcd70,2026-03-26 01:48:29,appointment,APPOINTMENT_6841,10,11,1,0.07,1.918,0,0,10.56,0
1758,DOC_011,doctor,update_diagnosis,d7b30817-a7e4-d7c5-8582-63d251b6f98c,2026-04-05 08:40:08,condition,CONDITION_7852,9,17,0,0.17,1.436,0,0,39.33,0
1759,PATUSER_025,patient,view_queue,45f758c8-34c3-3fa5-41f9-5906127ba1bd,2026-03-25 02:57:57,queue,QUEUE_7269,1,2,1,0.0,1.918,0,0,5.83,0
1760,PATUSER_026,patient,view_queue,d7b30817-a7e4-d7c5-8582-63d251b6f98c,2026-04-09 05:33:30,queue,QUEUE_1496,2,2,1,0.0,1.585,0,0,68.18,0
1761,PATUSER_018,patient,view_queue,9cefc3e8-33f8-beac-d280-fb10e474151c,2026-04-22 06:21:22,queue,QUEUE_2403,1,2,0,0.0,1.522,0,0,63.89,0
1762,PATUSER_023,patient,cancel_appointment,744a7169-4e89-61ff-27f2-3c736abf4368,2026-05-02 06:07:22,appointment,APPOINTMENT_1004,1,1,0,0.0,2.0,0,0,36.77,0
1763,PATUSER_014,patient,view_record,fb36d3d9-666c-c4c2-bb96-c9195538d4df,2026-05-11 17:34:02,medical_record,MEDICAL_RECORD_4843,46,21,0,0.84,2.156,1,1,263.28,1
1764,DOC_014,doctor,view_observation,054e161c-d33f-0970-2018-1f19582e0813,2026-04-15 18:33:58,observation,OBSERVATION_8616,86,59,0,0.95,1.79,1,0,274.83,1
1765,NUR_007,nurse,view_audit,465dd060-e77a-9924-0d7a-75d52d39a714,2026-05-04 16:00:56,audit,AUDIT_6492,52,27,0,0.96,1.658,0,1,134.12,1
1766,DOC_003,doctor,create_prescription,7bbc22dd-2b36-8b49-3bcc-14c25dafd13e,2026-04-22 07:38:01,prescription,PRESCRIPTION_6307,10,10,0,0.09,1.585,0,0,52.4,0
1767,DOC_003,doctor,create_prescription,4f0c6acb-066b-1f8d-228d-5e5a973d1fef,2026-05-23 11:45:07,prescription,PRESCRIPTION_5435,13,15,0,0.03,1.738,0,0,32.02,0
1768,PATUSER_015,patient,view_record,c72a8c6e-1dfd-0a8b-20e7-066eadd4931c,2026-04-20 16:44:34,medical_record,MEDICAL_RECORD_4485,38,45,0,0.86,2.231,1,1,257.32,1
1769,PATUSER_029,patient,book_appointment,dda456b9-cd60-e91b-8a88-fd381a9e4611,2026-05-23 12:23:45,appointment,APPOINTMENT_2118,3,2,0,0.0,1.981,0,0,46.83,0
1770,PATUSER_027,patient,view_queue,0369610a-4641-e2d5-80b2-844b2bd99f16,2026-05-21 08:11:26,queue,QUEUE_6608,3,2,0,0.0,1.459,0,0,17.49,0
1771,PATUSER_025,patient,view_own_record,6383af50-c8f6-0c22-1dd4-6ee2be572cb1,2026-04-03 03:20:44,medical_record,MEDICAL_RECORD_2886,3,2,1,0.0,1.5,0,0,74.32,0
1772,ADM_002,admin,view_audit,e300c149-9eaa-3d5a-57d9-ea8d4c996597,2026-05-20 12:21:50,audit,AUDIT_4097,6,2,0,0.03,1.918,0,0,6.38,0
1773,DOC_009,doctor,view_observation,a8bef5c2-6743-79e8-8477-bc3b6244c334,2026-05-19 06:13:20,observation,OBSERVATION_1720,18,11,0,0.14,0.811,0,0,74.86,0
1774,DOC_002,doctor,view_record,d1838618-2a96-9761-0b8d-89a92a022bcc,2026-05-14 06:44:15,medical_record,MEDICAL_RECORD_7349,8,11,0,0.17,1.922,0,0,36.16,0
1775,PATUSER_011,patient,book_appointment,20f1f5b5-38be-6554-7a24-9fcc8d4bd6c4,2026-04-26 11:25:13,appointment,APPOINTMENT_7138,6,3,0,0.0,1.922,0,0,68.23,0
1776,PATUSER_029,patient,view_queue,ad37dc95-561f-9348-6577-eff9b22d47c2,2026-04-13 06:30:46,queue,QUEUE_3818,1,3,0,0.0,1.981,0,0,58.22,0
1777,DOC_006,doctor,create_prescription,a2ff83e0-2cc0-50a4-b008-52a1add72ced,2026-04-01 02:47:05,prescription,PRESCRIPTION_3271,11,10,1,0.13,1.5,0,0,61.07,0
1778,PATUSER_018,patient,cancel_appointment,c5d42b3b-72de-b953-545d-1de4cf59d279,2026-04-20 04:56:28,appointment,APPOINTMENT_7843,6,2,1,0.0,1.539,0,0,23.1,0
1779,PATUSER_011,patient,cancel_appointment,668a10b4-c005-0df3-522e-b068e0d29ea9,2026-04-17 03:55:10,appointment,APPOINTMENT_1767,5,1,1,0.0,0.845,0,0,33.13,0
1780,PATUSER_011,patient,book_appointment,820d39a0-d304-2b9d-25a8-d705deede745,2026-05-01 00:53:48,appointment,APPOINTMENT_9212,5,3,1,0.0,1.975,0,0,28.94,0
1781,PATUSER_007,patient,view_own_record,744a7169-4e89-61ff-27f2-3c736abf4368,2026-04-21 07:31:12,medical_record,MEDICAL_RECORD_8847,3,2,0,0.0,1.918,0,0,14.92,0
1782,DOC_009,doctor,create_prescription,2d457e3d-90cb-357e-f7e0-3014068d2f29,2026-03-28 06:38:34,prescription,PRESCRIPTION_9328,11,4,0,0.05,0.985,0,0,11.14,0
1783,NUR_002,nurse,view_appointment,88f931d5-4cfa-4be9-c6be-738d5fc8c215,2026-04-17 06:35:13,appointment,APPOINTMENT_8495,19,14,0,0.06,1.975,0,0,41.61,0
1784,NUR_002,nurse,update_queue,155649eb-5d3e-41ca-5a2c-78972a1721f4,2026-05-05 11:58:58,appointment,APPOINTMENT_4331,24,12,0,0.04,1.557,0,0,72.04,0
1785,PATUSER_027,patient,view_queue,88f931d5-4cfa-4be9-c6be-738d5fc8c215,2026-05-06 11:42:33,queue,QUEUE_8709,5,2,0,0.0,1.959,0,0,57.12,0
1786,PATUSER_002,patient,cancel_appointment,19e9c5a5-4114-0f95-e5e8-29cd6749d4e1,2026-04-02 02:54:02,appointment,APPOINTMENT_8887,5,1,1,0.0,1.371,0,0,66.97,0
1787,PATUSER_012,patient,view_queue,917ffe5d-46b2-36f1-0de8-35e5ed017fa7,2026-05-16 09:31:07,queue,QUEUE_4078,1,1,0,0.0,2.0,0,0,5.27,0
1788,PATUSER_010,patient,cancel_appointment,d998bd61-bed8-3eb5-dcb5-297579cf936f,2026-05-04 07:31:05,appointment,APPOINTMENT_3465,2,1,0,0.0,1.5,0,0,13.69,0
1789,DOC_003,doctor,update_diagnosis,88f931d5-4cfa-4be9-c6be-738d5fc8c215,2026-03-27 05:59:38,condition,CONDITION_5530,18,16,1,0.05,1.842,0,0,47.11,0
1790,DOC_001,doctor,update_diagnosis,dda456b9-cd60-e91b-8a88-fd381a9e4611,2026-03-29 11:09:46,condition,CONDITION_4106,20,13,0,0.07,0.811,0,0,57.97,0
1791,PATUSER_024,patient,book_appointment,b09b332a-a8b1-5541-6855-d6420f922505,2026-05-11 01:21:44,appointment,APPOINTMENT_1197,4,2,1,0.0,1.825,0,0,58.2,0
1792,PATUSER_005,patient,book_appointment,e300c149-9eaa-3d5a-57d9-ea8d4c996597,2026-05-23 10:35:17,appointment,APPOINTMENT_3085,5,1,0,0.0,1.79,0,0,28.0,0
1793,PATUSER_004,patient,cancel_appointment,ed1c3b46-34b9-221b-cb10-682e9ed9ddbd,2026-04-23 03:32:40,appointment,APPOINTMENT_1835,3,2,1,0.0,1.846,0,0,69.87,0
1794,PATUSER_029,patient,cancel_appointment,d9044272-63af-eca3-2a0c-ec9f9c10a98f,2026-05-17 02:20:43,appointment,APPOINTMENT_5718,3,1,1,0.0,1.95,0,0,11.88,0
1795,PATUSER_027,patient,book_appointment,d998bd61-bed8-3eb5-dcb5-297579cf936f,2026-05-02 04:22:07,appointment,APPOINTMENT_4971,2,3,1,0.0,1.95,0,0,44.55,0
1796,PATUSER_012,patient,cancel_appointment,c5d42b3b-72de-b953-545d-1de4cf59d279,2026-05-15 05:37:34,appointment,APPOINTMENT_7415,3,2,1,0.0,1.922,0,0,11.13,0
1797,PATUSER_030,patient,cancel_appointment,e1571870-cf37-1c6b-c97f-c4ab9a32b172,2026-05-17 10:42:41,appointment,APPOINTMENT_7855,3,3,0,0.0,1.406,0,0,5.27,0
1798,PATUSER_013,patient,view_own_record,2faf5170-7c17-9c76-c091-5349b5ecad23,2026-05-04 02:29:58,medical_record,MEDICAL_RECORD_3575,2,3,1,0.0,1.918,0,0,69.63,0
1799,PATUSER_005,patient,view_queue,219c0f88-2190-9af2-4122-bcf1c4f4a0bf,2026-03-31 10:30:07,queue,QUEUE_1982,5,2,0,0.0,1.664,0,0,27.37,0
1800,PATUSER_018,patient,view_queue,820d39a0-d304-2b9d-25a8-d705deede745,2026-05-23 10:55:25,queue,QUEUE_8577,2,2,0,0.0,1.75,0,0,65.23,0
1801,PATUSER_017,patient,update_diagnosis,d7b30817-a7e4-d7c5-8582-63d251b6f98c,2026-04-11 19:18:53,condition,CONDITION_6121,52,71,0,0.79,2.122,0,1,186.07,1
1802,PATUSER_007,patient,view_queue,ed1c3b46-34b9-221b-cb10-682e9ed9ddbd,2026-04-19 02:03:12,queue,QUEUE_8335,5,2,1,0.0,1.975,0,0,56.04,0
1803,PATUSER_023,patient,book_appointment,7225d50f-9363-214e-02d6-3fdc2a246bdc,2026-03-30 02:27:05,appointment,APPOINTMENT_6785,5,2,1,0.0,1.459,0,0,41.11,0
1804,PATUSER_006,patient,book_appointment,d998bd61-bed8-3eb5-dcb5-297579cf936f,2026-04-25 10:51:55,appointment,APPOINTMENT_4029,3,3,0,0.0,1.906,0,0,49.88,0
1805,PATUSER_015,patient,book_appointment,3c6d02df-84f2-f9e2-8e09-852349757293,2026-05-01 01:01:38,appointment,APPOINTMENT_6101,5,1,1,0.0,0.811,0,0,39.07,0
1806,PATUSER_018,patient,cancel_appointment,155649eb-5d3e-41ca-5a2c-78972a1721f4,2026-04-30 02:52:26,appointment,APPOINTMENT_7600,2,3,1,0.0,1.918,0,0,7.31,0
1807,PATUSER_005,patient,view_queue,4ca3be26-4f97-27f0-32fa-6ea155eba23a,2026-04-21 00:51:53,queue,QUEUE_6832,1,2,1,0.0,1.811,0,0,26.75,0
1808,PATUSER_022,patient,update_diagnosis,a992fe7d-cd9b-0ace-6e0b-f6f0b5f01fc3,2026-04-23 19:16:40,condition,CONDITION_7764,56,57,0,0.71,1.761,1,1,248.15,1
1809,PATUSER_010,patient,cancel_appointment,4642b627-0caa-32c4-a7cd-87689252d332,2026-04-23 09:37:41,appointment,APPOINTMENT_1753,6,1,0,0.0,1.449,0,0,8.84,0
1810,ADM_001,admin,update_schedule,392c8ae6-3c3b-1ff7-c35c-4e64946db9b6,2026-04-04 04:59:21,schedule,SCHEDULE_9521,11,6,1,0.01,1.922,0,0,31.49,0
1811,PATUSER_003,patient,view_own_record,9cefc3e8-33f8-beac-d280-fb10e474151c,2026-05-18 06:02:03,medical_record,MEDICAL_RECORD_5388,4,1,0,0.0,1.379,0,0,25.98,0
1812,PATUSER_006,patient,view_queue,dda456b9-cd60-e91b-8a88-fd381a9e4611,2026-04-25 02:05:19,queue,QUEUE_1096,2,3,1,0.0,1.738,0,0,69.29,0
1813,PATUSER_016,patient,book_appointment,e1571870-cf37-1c6b-c97f-c4ab9a32b172,2026-04-09 10:19:21,appointment,APPOINTMENT_8946,1,2,0,0.0,1.449,0,0,10.12,0
1814,DOC_003,doctor,update_diagnosis,c95c96d5-ac6e-6ab6-143b-6da3e3923f39,2026-05-02 01:28:26,condition,CONDITION_1225,22,16,1,0.11,0.971,0,0,12.87,0
1815,DOC_001,doctor,create_prescription,8e21cb1f-b016-dda9-1d06-c920c24a0b37,2026-05-16 12:14:40,prescription,PRESCRIPTION_6121,8,5,0,0.21,1.906,0,0,28.99,0
1816,NUR_004,nurse,update_vitals,9cefc3e8-33f8-beac-d280-fb10e474151c,2026-03-25 04:34:59,observation,OBSERVATION_4357,21,25,1,0.01,1.784,0,0,48.84,0
1817,DOC_011,doctor,create_prescription,2d457e3d-90cb-357e-f7e0-3014068d2f29,2026-04-10 11:10:33,prescription,PRESCRIPTION_6913,5,3,0,0.08,1.379,0,0,54.71,0
1818,DOC_010,doctor,update_diagnosis,2d457e3d-90cb-357e-f7e0-3014068d2f29,2026-05-10 00:44:39,condition,CONDITION_7568,10,5,1,0.05,1.842,0,0,37.71,0
1819,PATUSER_004,patient,view_queue,6383af50-c8f6-0c22-1dd4-6ee2be572cb1,2026-05-11 01:35:07,queue,QUEUE_5203,4,2,1,0.0,1.918,0,0,56.94,0
1820,PATUSER_024,patient,cancel_appointment,21adc8c0-7e1e-5167-1ac1-5449a6a2c73f,2026-03-30 07:57:12,appointment,APPOINTMENT_2216,2,1,0,0.0,1.53,0,0,7.86,0
1821,DOC_004,doctor,update_diagnosis,2b31de7e-3596-37c7-1d46-db12d82e73ef,2026-04-04 01:01:47,condition,CONDITION_4722,19,13,1,0.17,1.79,1,0,23.16,0
1822,DOC_002,doctor,update_diagnosis,b23941a4-269e-2ac4-8ced-75d1ac8b1b1d,2026-04-14 07:12:26,condition,CONDITION_8447,13,12,0,0.18,1.522,0,0,40.7,0
1823,PATUSER_017,patient,view_own_record,392c8ae6-3c3b-1ff7-c35c-4e64946db9b6,2026-04-01 08:21:13,medical_record,MEDICAL_RECORD_2035,2,3,0,0.0,1.379,0,0,18.12,0
1824,PATUSER_028,patient,view_own_record,d998bd61-bed8-3eb5-dcb5-297579cf936f,2026-05-20 01:06:07,medical_record,MEDICAL_RECORD_8685,4,1,1,0.0,1.658,0,0,42.39,0
1825,PATUSER_016,patient,view_queue,21adc8c0-7e1e-5167-1ac1-5449a6a2c73f,2026-04-11 05:00:51,queue,QUEUE_5878,4,1,1,0.0,1.936,0,0,37.26,0
1826,PATUSER_010,patient,view_own_record,f2df6bf3-460e-f410-cac9-472739e5df85,2026-03-31 04:15:23,medical_record,MEDICAL_RECORD_3117,5,3,1,0.0,1.224,0,0,45.43,0
1827,NUR_003,nurse,update_vitals,155649eb-5d3e-41ca-5a2c-78972a1721f4,2026-04-21 11:45:50,observation,OBSERVATION_8407,8,9,0,0.06,1.936,0,0,60.31,0
1828,PATUSER_008,patient,book_appointment,d7b30817-a7e4-d7c5-8582-63d251b6f98c,2026-03-28 08:06:27,appointment,APPOINTMENT_8743,4,3,0,0.0,1.457,0,0,65.34,0
1829,PATUSER_019,patient,book_appointment,7bbc22dd-2b36-8b49-3bcc-14c25dafd13e,2026-04-30 02:58:54,appointment,APPOINTMENT_4809,6,2,1,0.0,1.522,0,0,62.09,0
1830,NUR_006,nurse,update_vitals,047f3ed4-bdea-7cd6-6e80-8537a3979cc6,2026-05-06 06:55:54,observation,OBSERVATION_6107,29,17,0,0.02,1.459,0,0,10.42,0
1831,DOC_001,doctor,update_diagnosis,12a088f3-264b-6a9f-9a57-678747110969,2026-05-13 10:29:36,condition,CONDITION_6625,10,4,0,0.19,1.792,0,0,18.61,0
1832,DOC_012,doctor,create_prescription,fb36d3d9-666c-c4c2-bb96-c9195538d4df,2026-05-20 06:39:41,prescription,PRESCRIPTION_5759,11,15,0,0.04,1.309,0,0,43.96,0
1833,DOC_010,doctor,update_diagnosis,047f3ed4-bdea-7cd6-6e80-8537a3979cc6,2026-04-24 02:07:47,condition,CONDITION_4893,19,13,1,0.06,1.371,0,0,25.51,0
1834,PATUSER_008,patient,view_queue,2b31de7e-3596-37c7-1d46-db12d82e73ef,2026-04-11 06:15:00,queue,QUEUE_9655,1,1,0,0.0,1.577,0,0,13.61,0
1835,PATUSER_007,patient,view_own_record,3c6d02df-84f2-f9e2-8e09-852349757293,2026-04-23 10:47:20,medical_record,MEDICAL_RECORD_1798,5,1,0,0.0,1.906,0,0,64.78,0
1836,NUR_007,nurse,register_walkin,e300c149-9eaa-3d5a-57d9-ea8d4c996597,2026-04-02 08:42:54,appointment,APPOINTMENT_2163,13,14,0,0.04,1.95,0,0,10.34,0
1837,NUR_003,nurse,register_walkin,d1838618-2a96-9761-0b8d-89a92a022bcc,2026-04-18 01:18:24,appointment,APPOINTMENT_6540,21,19,1,0.09,1.846,0,0,13.0,0
1838,DOC_001,doctor,create_prescription,8fcbd58f-7e61-d74d-9b35-46d267ecbbd3,2026-04-14 04:26:37,prescription,PRESCRIPTION_1863,19,5,1,0.08,1.922,1,0,12.52,0
1839,DOC_012,doctor,create_prescription,9e25d332-9229-0803-ad9f-ca235142458e,2026-05-04 07:34:36,prescription,PRESCRIPTION_9978,10,16,0,0.17,2.0,0,0,40.8,0
1840,NUR_004,nurse,update_vitals,d1e9c67e-e701-dbf5-aa21-bb9ae3751b97,2026-04-26 01:22:45,observation,OBSERVATION_2388,22,25,1,0.05,1.5,0,0,47.32,0
1841,NUR_003,nurse,update_queue,2d457e3d-90cb-357e-f7e0-3014068d2f29,2026-04-09 03:12:23,appointment,APPOINTMENT_8156,16,18,1,0.0,1.761,0,0,63.95,0
1842,DOC_014,doctor,view_observation,d1838618-2a96-9761-0b8d-89a92a022bcc,2026-04-30 07:57:11,observation,OBSERVATION_5466,24,8,0,0.13,1.888,1,0,27.01,0
1843,PATUSER_022,patient,book_appointment,4f0c6acb-066b-1f8d-228d-5e5a973d1fef,2026-04-30 01:29:44,appointment,APPOINTMENT_6852,3,1,1,0.0,1.846,0,0,62.21,0
1844,NUR_005,nurse,register_walkin,dd0de87d-2596-9c38-a834-6f5246a48a51,2026-03-30 06:58:47,appointment,APPOINTMENT_6656,8,21,0,0.04,1.895,0,0,17.0,0
1845,PATUSER_013,patient,cancel_appointment,42c1eb05-09a9-eeda-a957-d822de66c536,2026-04-09 08:47:39,appointment,APPOINTMENT_6939,3,3,0,0.0,1.75,0,0,27.52,0
1846,PATUSER_025,patient,cancel_appointment,a24f1dcf-ef87-f609-183a-d00bcc9b7292,2026-05-10 08:25:16,appointment,APPOINTMENT_2348,2,2,0,0.0,1.975,0,0,22.64,0
1847,PATUSER_018,patient,book_appointment,d20dc49f-5674-961e-a123-6e3000654b95,2026-05-03 05:44:05,appointment,APPOINTMENT_4671,2,1,1,0.0,1.922,0,0,46.23,0
1848,PATUSER_018,patient,view_own_record,bfb0d055-557b-4579-1a3b-78cc2ead82c9,2026-04-15 05:03:14,medical_record,MEDICAL_RECORD_6245,1,2,1,0.0,1.918,1,0,44.22,0
1849,DOC_015,doctor,view_observation,392c8ae6-3c3b-1ff7-c35c-4e64946db9b6,2026-04-18 09:11:44,observation,OBSERVATION_8116,15,5,0,0.16,1.918,0,0,70.91,0
1850,PATUSER_023,patient,book_appointment,c95c96d5-ac6e-6ab6-143b-6da3e3923f39,2026-04-07 04:43:25,appointment,APPOINTMENT_8353,1,3,1,0.0,1.522,0,0,6.57,0
1851,DOC_010,doctor,create_prescription,20f1f5b5-38be-6554-7a24-9fcc8d4bd6c4,2026-05-08 10:58:31,prescription,PRESCRIPTION_1790,17,14,0,0.22,1.522,0,0,18.2,0
1852,NUR_001,nurse,register_walkin,671064b5-039b-51a8-7e40-8e6baa0a7e35,2026-04-27 12:07:48,appointment,APPOINTMENT_3594,29,13,0,0.01,1.485,0,0,25.43,0
1853,PATUSER_019,patient,view_queue,88f931d5-4cfa-4be9-c6be-738d5fc8c215,2026-04-25 00:56:19,queue,QUEUE_1953,5,1,1,0.0,1.322,0,0,38.99,0
1854,DOC_014,doctor,view_record,9cefc3e8-33f8-beac-d280-fb10e474151c,2026-03-31 09:23:32,medical_record,MEDICAL_RECORD_4089,8,13,0,0.18,1.371,0,0,19.14,0
1855,PATUSER_017,patient,cancel_appointment,4f0c6acb-066b-1f8d-228d-5e5a973d1fef,2026-05-05 01:59:49,appointment,APPOINTMENT_7168,2,2,1,0.0,2.0,0,0,73.84,0
1856,NUR_002,nurse,view_audit,dd0de87d-2596-9c38-a834-6f5246a48a51,2026-03-30 17:47:09,audit,AUDIT_5008,86,70,0,0.79,2.156,1,1,252.0,1
1857,PATUSER_023,patient,view_queue,fb36d3d9-666c-c4c2-bb96-c9195538d4df,2026-04-09 10:29:40,queue,QUEUE_1550,2,2,0,0.0,1.906,0,0,63.47,0
1858,DOC_011,doctor,create_prescription,d1838618-2a96-9761-0b8d-89a92a022bcc,2026-04-28 05:43:02,prescription,PRESCRIPTION_8087,21,9,1,0.1,1.669,0,0,16.26,0
1859,NUR_002,nurse,update_queue,2d457e3d-90cb-357e-f7e0-3014068d2f29,2026-04-13 03:21:38,appointment,APPOINTMENT_6679,15,24,1,0.0,1.846,0,0,72.8,0
1860,PATUSER_024,patient,update_diagnosis,4f74c441-7628-4f98-82a7-f4c99d926736,2026-05-07 16:14:43,condition,CONDITION_1531,54,44,0,0.8,2.187,0,1,344.58,1
1861,PATUSER_029,patient,book_appointment,3eee4689-2d02-6ec9-c257-42b3adfdcd70,2026-03-31 03:52:35,appointment,APPOINTMENT_8887,3,3,1,0.0,2.0,0,0,8.0,0
1862,NUR_006,nurse,update_queue,d1838618-2a96-9761-0b8d-89a92a022bcc,2026-05-19 07:35:17,appointment,APPOINTMENT_6874,19,15,0,0.08,1.895,0,0,54.81,0
1863,PATUSER_023,patient,view_own_record,754c6983-a899-1c3c-f51d-2af172b88b91,2026-05-19 11:52:55,medical_record,MEDICAL_RECORD_2956,3,2,0,0.0,1.922,0,0,52.41,0
1864,PATUSER_020,patient,book_appointment,57b901cb-d3d2-258c-2773-57008eb32345,2026-04-05 01:34:45,appointment,APPOINTMENT_2103,2,1,1,0.0,1.522,0,0,34.07,0
1865,PATUSER_013,patient,cancel_appointment,744a7169-4e89-61ff-27f2-3c736abf4368,2026-04-29 03:20:17,appointment,APPOINTMENT_6693,6,3,1,0.0,1.922,0,0,44.73,0
1866,DOC_011,doctor,create_prescription,d1838618-2a96-9761-0b8d-89a92a022bcc,2026-05-12 00:49:21,prescription,PRESCRIPTION_1070,13,9,1,0.09,1.371,0,0,74.25,0
1867,DOC_008,doctor,view_record,e94fc8e2-b867-5164-0607-5e5eb581b150,2026-04-30 05:19:01,medical_record,MEDICAL_RECORD_1072,17,3,1,0.02,1.95,0,0,73.11,0
1868,PATUSER_002,patient,view_queue,d7b30817-a7e4-d7c5-8582-63d251b6f98c,2026-04-07 03:08:16,queue,QUEUE_1578,2,1,1,0.0,1.868,0,0,29.38,0
1869,DOC_014,doctor,create_prescription,4ca3be26-4f97-27f0-32fa-6ea155eba23a,2026-05-09 02:54:48,prescription,PRESCRIPTION_2899,20,9,1,0.0,1.842,0,0,26.6,0
1870,PATUSER_011,patient,view_queue,79402472-6884-1aca-759a-a23f36ee8dca,2026-05-18 03:19:12,queue,QUEUE_8936,1,1,1,0.0,1.922,0,0,42.8,0
1871,PATUSER_026,patient,view_queue,073b376b-9659-3e78-c6a6-a08b74d710da,2026-05-05 04:13:08,queue,QUEUE_4294,6,2,1,0.0,1.936,0,0,32.53,0
1872,PATUSER_019,patient,view_own_record,19e9c5a5-4114-0f95-e5e8-29cd6749d4e1,2026-05-17 00:41:00,medical_record,MEDICAL_RECORD_6618,6,1,1,0.0,1.557,0,0,47.09,0
1873,DOC_009,doctor,view_record,671064b5-039b-51a8-7e40-8e6baa0a7e35,2026-05-16 08:18:22,medical_record,MEDICAL_RECORD_2009,15,16,0,0.1,1.5,0,0,49.2,0
1874,PATUSER_005,patient,cancel_appointment,d5d8b210-bca5-a9ce-0711-3d09468bfe47,2026-05-14 03:01:07,appointment,APPOINTMENT_9137,6,2,1,0.0,1.959,0,0,24.88,0
1875,PATUSER_002,patient,cancel_appointment,01974f36-ced2-c38e-32c5-1b09e1fe1638,2026-04-22 01:53:22,appointment,APPOINTMENT_5405,2,2,1,0.0,1.918,0,0,33.57,0
1876,PATUSER_021,patient,cancel_appointment,e7fccc97-5df9-b27f-8322-44fd5b624936,2026-05-01 11:15:47,appointment,APPOINTMENT_9885,1,1,0,0.0,1.75,0,0,44.33,0
1877,PATUSER_010,patient,view_own_record,df4576f2-f38f-02c0-b20f-6153754c41a6,2026-05-09 06:24:06,medical_record,MEDICAL_RECORD_7285,6,2,0,0.0,1.837,1,0,56.58,0
1878,PATUSER_027,patient,view_record,754c6983-a899-1c3c-f51d-2af172b88b91,2026-04-19 16:50:35,medical_record,MEDICAL_RECORD_3291,72,69,0,0.74,1.891,0,1,311.14,1
1879,DOC_002,doctor,view_observation,7bbc22dd-2b36-8b49-3bcc-14c25dafd13e,2026-04-19 04:20:59,observation,OBSERVATION_5837,11,6,1,0.21,1.449,0,0,58.08,0
1880,PATUSER_025,patient,view_own_record,6383af50-c8f6-0c22-1dd4-6ee2be572cb1,2026-05-01 04:07:13,medical_record,MEDICAL_RECORD_1556,4,2,1,0.0,1.658,0,0,5.07,0
1881,NUR_006,nurse,register_walkin,11b2d013-d581-7187-e88b-7a04781d307b,2026-05-01 08:13:50,appointment,APPOINTMENT_4479,14,25,0,0.03,1.922,0,0,55.81,0
1882,DOC_007,doctor,view_observation,f84719a0-d28d-ec20-64a8-a17992dcd9ac,2026-05-13 09:59:26,observation,OBSERVATION_1231,10,16,0,0.18,1.5,0,0,27.14,0
1883,PATUSER_030,patient,view_queue,d998bd61-bed8-3eb5-dcb5-297579cf936f,2026-05-13 05:12:29,queue,QUEUE_8385,4,1,1,0.0,0.811,0,0,47.59,0
1884,DOC_014,doctor,update_diagnosis,668a10b4-c005-0df3-522e-b068e0d29ea9,2026-05-10 05:57:47,condition,CONDITION_2108,13,15,1,0.1,1.971,0,0,21.23,0
1885,PATUSER_009,patient,cancel_appointment,9b5ce034-80bf-4c6b-f400-3a89fc0d135b,2026-05-05 02:17:14,appointment,APPOINTMENT_5813,2,1,1,0.0,1.352,0,0,13.81,0
1886,DOC_011,doctor,view_record,9cefc3e8-33f8-beac-d280-fb10e474151c,2026-05-10 05:09:43,medical_record,MEDICAL_RECORD_7344,7,8,1,0.07,0.863,0,0,48.74,0
1887,PATUSER_029,patient,view_own_record,e8b56457-438e-7a2e-04ee-e0b2ec149f61,2026-05-21 11:39:18,medical_record,MEDICAL_RECORD_9745,5,3,0,0.0,1.5,0,0,67.74,0
1888,PATUSER_005,patient,book_appointment,e60a6ecc-5639-5800-4bf2-8e8a2865e55c,2026-04-20 10:41:39,appointment,APPOINTMENT_6061,6,3,0,0.0,1.826,0,0,41.96,0
1889,PATUSER_011,patient,view_audit,4f0c6acb-066b-1f8d-228d-5e5a973d1fef,2026-04-25 18:52:32,audit,AUDIT_3557,42,34,0,0.72,1.868,0,1,143.3,1
1890,PATUSER_009,patient,book_appointment,b23941a4-269e-2ac4-8ced-75d1ac8b1b1d,2026-04-09 08:10:22,appointment,APPOINTMENT_2814,3,2,0,0.0,1.149,0,0,30.03,0
1891,PATUSER_014,patient,view_queue,88f931d5-4cfa-4be9-c6be-738d5fc8c215,2026-04-14 02:48:17,queue,QUEUE_8809,3,3,1,0.0,1.371,0,0,70.02,0
1892,NUR_002,nurse,view_appointment,8e21cb1f-b016-dda9-1d06-c920c24a0b37,2026-04-22 02:12:48,appointment,APPOINTMENT_8090,30,15,1,0.04,1.784,0,0,58.59,0
1893,PATUSER_006,patient,cancel_appointment,3bc81e09-7091-bc59-a58a-39b485d9e48b,2026-05-11 03:53:00,appointment,APPOINTMENT_8109,5,2,1,0.0,1.891,0,0,37.2,0
1894,NUR_006,nurse,view_appointment,10751dec-9152-b658-beeb-ba433fbb9213,2026-05-11 03:14:26,appointment,APPOINTMENT_6259,23,16,1,0.06,0.971,0,0,22.4,0
1895,PATUSER_004,patient,update_diagnosis,e7fccc97-5df9-b27f-8322-44fd5b624936,2026-05-03 16:34:54,condition,CONDITION_9376,55,75,0,0.94,2.126,1,1,336.74,1
1896,PATUSER_016,patient,book_appointment,8e21cb1f-b016-dda9-1d06-c920c24a0b37,2026-05-21 07:40:09,appointment,APPOINTMENT_8693,6,2,0,0.0,1.0,0,0,55.63,0
1897,PATUSER_011,patient,book_appointment,f8540aed-49fc-9dd6-b195-288635b1d17a,2026-05-22 11:34:19,appointment,APPOINTMENT_3285,2,2,0,0.0,1.252,0,0,44.96,0
1898,PATUSER_008,patient,cancel_appointment,c72a8c6e-1dfd-0a8b-20e7-066eadd4931c,2026-05-19 01:12:35,appointment,APPOINTMENT_2401,4,1,1,0.0,1.224,0,0,52.96,0
1899,NUR_002,nurse,update_queue,744a7169-4e89-61ff-27f2-3c736abf4368,2026-04-26 00:35:56,appointment,APPOINTMENT_6902,15,17,1,0.05,1.842,1,0,68.32,0
1900,PATUSER_004,patient,book_appointment,c5d42b3b-72de-b953-545d-1de4cf59d279,2026-04-03 09:16:16,appointment,APPOINTMENT_5883,5,3,0,0.0,1.891,0,0,14.75,0
1901,PATUSER_004,patient,book_appointment,ad37dc95-561f-9348-6577-eff9b22d47c2,2026-04-07 10:28:05,appointment,APPOINTMENT_2278,6,3,0,0.0,1.392,0,0,71.02,0
1902,PATUSER_001,patient,book_appointment,a24f1dcf-ef87-f609-183a-d00bcc9b7292,2026-05-11 00:52:26,appointment,APPOINTMENT_8096,5,2,1,0.0,1.959,0,0,12.22,0
1903,PATUSER_027,patient,view_own_record,b3c9a883-40ea-1452-7b76-62e552e033d2,2026-04-08 04:32:32,medical_record,MEDICAL_RECORD_8070,6,3,1,0.0,1.371,0,0,74.81,0
1904,DOC_012,doctor,view_record,a8bef5c2-6743-79e8-8477-bc3b6244c334,2026-04-28 03:06:50,medical_record,MEDICAL_RECORD_7792,21,11,1,0.08,1.834,0,0,10.07,0
1905,PATUSER_023,patient,view_audit,d9044272-63af-eca3-2a0c-ec9f9c10a98f,2026-04-20 16:03:30,audit,AUDIT_9374,85,23,0,0.71,1.922,1,1,387.3,1
1906,PATUSER_029,patient,cancel_appointment,671064b5-039b-51a8-7e40-8e6baa0a7e35,2026-04-11 01:30:30,appointment,APPOINTMENT_1917,6,2,1,0.0,1.846,0,0,14.39,0
1907,DOC_012,doctor,update_diagnosis,a8bef5c2-6743-79e8-8477-bc3b6244c334,2026-05-18 05:19:29,condition,CONDITION_9451,9,9,1,0.17,1.922,0,0,29.26,0
1908,ADM_002,admin,view_audit,11b2d013-d581-7187-e88b-7a04781d307b,2026-05-16 17:53:56,audit,AUDIT_4263,77,62,0,0.66,1.522,1,0,311.61,1
1909,PATUSER_025,patient,cancel_appointment,ad37dc95-561f-9348-6577-eff9b22d47c2,2026-05-11 02:17:33,appointment,APPOINTMENT_2813,3,2,1,0.0,1.526,0,0,27.18,0
1910,PATUSER_030,patient,view_queue,820d39a0-d304-2b9d-25a8-d705deede745,2026-05-02 06:53:39,queue,QUEUE_4735,5,1,0,0.0,1.5,0,0,62.07,0
1911,PATUSER_021,patient,book_appointment,e60a6ecc-5639-5800-4bf2-8e8a2865e55c,2026-03-28 11:42:21,appointment,APPOINTMENT_7511,5,1,0,0.0,1.918,0,0,47.05,0
1912,PATUSER_028,patient,view_own_record,a8bef5c2-6743-79e8-8477-bc3b6244c334,2026-05-12 04:25:28,medical_record,MEDICAL_RECORD_3529,5,1,1,0.0,1.842,0,0,24.72,0
1913,PATUSER_029,patient,view_own_record,d1e9c67e-e701-dbf5-aa21-bb9ae3751b97,2026-04-27 05:53:09,medical_record,MEDICAL_RECORD_1766,6,3,1,0.0,1.922,1,0,20.73,0
1914,PATUSER_008,patient,view_queue,fb36d3d9-666c-c4c2-bb96-c9195538d4df,2026-05-06 00:32:50,queue,QUEUE_4463,3,1,1,0.0,2.0,0,0,24.07,0
1915,PATUSER_005,patient,cancel_appointment,9cefc3e8-33f8-beac-d280-fb10e474151c,2026-04-24 02:03:13,appointment,APPOINTMENT_9648,1,3,1,0.0,1.826,0,0,22.72,0
1916,PATUSER_019,patient,view_queue,9e25d332-9229-0803-ad9f-ca235142458e,2026-05-12 11:39:59,queue,QUEUE_7451,3,3,0,0.0,1.299,0,0,52.19,0
1917,ADM_003,admin,view_audit,717861a2-ab2b-2d2a-6a8f-6388dbff69d2,2026-04-06 04:54:02,audit,AUDIT_4538,15,7,1,0.03,1.557,0,0,44.08,0
1918,PATUSER_013,patient,cancel_appointment,0e697a7b-149b-602d-af6f-7e76ca18c5d7,2026-04-24 05:54:52,appointment,APPOINTMENT_9572,1,2,1,0.0,1.922,1,0,32.71,0
1919,DOC_005,doctor,update_diagnosis,8db9c819-1c0b-c9a9-3e31-4b85f52201d2,2026-04-04 03:06:22,condition,CONDITION_3222,13,5,1,0.05,1.449,0,0,31.98,0
1920,PATUSER_023,patient,book_appointment,754c6983-a899-1c3c-f51d-2af172b88b91,2026-04-05 07:05:20,appointment,APPOINTMENT_5461,1,3,0,0.0,1.936,0,0,73.72,0
1921,PATUSER_022,patient,view_own_record,ea7deb48-7fa5-3406-28b9-051b0c18d363,2026-04-30 10:52:58,medical_record,MEDICAL_RECORD_8852,6,2,0,0.0,1.371,0,0,7.59,0
1922,PATUSER_004,patient,cancel_appointment,dd0de87d-2596-9c38-a834-6f5246a48a51,2026-03-26 06:47:59,appointment,APPOINTMENT_4515,1,1,0,0.0,1.522,0,0,59.13,0
1923,DOC_003,doctor,view_observation,3c6d02df-84f2-f9e2-8e09-852349757293,2026-05-06 11:56:20,observation,OBSERVATION_2149,10,6,0,0.2,1.846,0,0,60.51,0
1924,DOC_008,doctor,view_observation,9b5ce034-80bf-4c6b-f400-3a89fc0d135b,2026-04-21 21:26:27,observation,OBSERVATION_3352,89,41,0,0.8,1.792,1,0,395.16,1
1925,PATUSER_029,patient,cancel_appointment,047f3ed4-bdea-7cd6-6e80-8537a3979cc6,2026-05-22 02:07:39,appointment,APPOINTMENT_5556,2,2,1,0.0,1.884,0,0,48.67,0
1926,DOC_014,doctor,view_observation,dd0de87d-2596-9c38-a834-6f5246a48a51,2026-03-26 06:58:21,observation,OBSERVATION_1593,11,6,0,0.12,1.361,0,0,33.25,0
1927,PATUSER_026,patient,view_own_record,e8b56457-438e-7a2e-04ee-e0b2ec149f61,2026-03-28 07:12:56,medical_record,MEDICAL_RECORD_7735,1,1,0,0.0,1.5,0,0,65.3,0
1928,PATUSER_009,patient,cancel_appointment,dd0de87d-2596-9c38-a834-6f5246a48a51,2026-04-03 02:56:28,appointment,APPOINTMENT_7734,6,3,1,0.0,1.906,0,0,67.89,0
1929,PATUSER_002,patient,view_queue,7bbc22dd-2b36-8b49-3bcc-14c25dafd13e,2026-05-17 06:02:13,queue,QUEUE_6809,3,2,0,0.0,1.95,0,0,30.64,0
1930,PATUSER_017,patient,cancel_appointment,6383af50-c8f6-0c22-1dd4-6ee2be572cb1,2026-04-06 01:11:54,appointment,APPOINTMENT_5213,4,3,1,0.0,1.922,0,0,37.17,0
1931,DOC_004,doctor,create_prescription,1c39de5b-289a-3a1a-669b-2f756efb8bcb,2026-05-21 02:32:55,prescription,PRESCRIPTION_2680,16,15,1,0.21,1.79,0,0,25.55,0
1932,PATUSER_004,patient,cancel_appointment,7225d50f-9363-214e-02d6-3fdc2a246bdc,2026-04-05 12:10:58,appointment,APPOINTMENT_3356,3,1,0,0.0,1.922,0,0,60.77,0
1933,PATUSER_023,patient,view_own_record,671064b5-039b-51a8-7e40-8e6baa0a7e35,2026-04-14 03:58:48,medical_record,MEDICAL_RECORD_8657,1,2,1,0.0,1.906,0,0,74.39,0
1934,PATUSER_008,patient,view_queue,bee08b10-0c18-396e-9f8a-03e41691509b,2026-05-08 11:24:35,queue,QUEUE_4709,1,3,0,0.0,1.891,0,0,48.42,0
1935,DOC_006,doctor,update_diagnosis,e1571870-cf37-1c6b-c97f-c4ab9a32b172,2026-05-05 02:26:49,condition,CONDITION_4625,6,16,1,0.08,1.792,0,0,72.91,0
1936,NUR_007,nurse,view_appointment,668a10b4-c005-0df3-522e-b068e0d29ea9,2026-04-29 03:22:33,appointment,APPOINTMENT_6847,24,19,1,0.11,1.959,0,0,51.59,0
1937,NUR_007,nurse,view_appointment,1290bba5-c164-4273-9694-c3ce92270ef2,2026-05-06 02:50:00,appointment,APPOINTMENT_3075,21,9,1,0.04,1.837,0,0,5.78,0
1938,PATUSER_025,patient,view_queue,bee08b10-0c18-396e-9f8a-03e41691509b,2026-05-05 10:38:28,queue,QUEUE_6666,5,3,0,0.0,1.888,0,0,72.71,0
1939,DOC_005,doctor,create_prescription,671064b5-039b-51a8-7e40-8e6baa0a7e35,2026-04-24 08:23:02,prescription,PRESCRIPTION_7932,23,17,0,0.15,1.95,0,0,65.62,0
1940,PATUSER_020,patient,view_queue,744a7169-4e89-61ff-27f2-3c736abf4368,2026-03-29 03:46:38,queue,QUEUE_1039,3,2,1,0.0,1.922,0,0,32.77,0
1941,DOC_007,doctor,update_diagnosis,d1838618-2a96-9761-0b8d-89a92a022bcc,2026-03-27 12:16:22,condition,CONDITION_9539,8,8,0,0.13,1.988,0,0,48.08,0
1942,PATUSER_030,patient,update_diagnosis,843d8b33-f833-1324-2aa6-e07c91e49204,2026-05-21 20:58:31,condition,CONDITION_5630,69,71,0,0.85,1.922,0,1,218.91,1
1943,PATUSER_021,patient,view_own_record,3eee4689-2d02-6ec9-c257-42b3adfdcd70,2026-04-15 05:51:14,medical_record,MEDICAL_RECORD_7796,1,3,1,0.0,1.436,0,0,12.86,0
1944,PATUSER_012,patient,cancel_appointment,4f74c441-7628-4f98-82a7-f4c99d926736,2026-05-21 00:53:57,appointment,APPOINTMENT_1844,2,3,1,0.0,1.75,0,0,68.88,0
1945,PATUSER_005,patient,cancel_appointment,2925a752-da6a-ef1f-31aa-68b0c2ff5027,2026-05-01 05:24:13,appointment,APPOINTMENT_2294,5,3,1,0.0,1.753,0,0,59.84,0
1946,PATUSER_022,patient,view_queue,3c6d02df-84f2-f9e2-8e09-852349757293,2026-05-09 12:24:24,queue,QUEUE_5967,4,2,0,0.0,1.895,0,0,53.08,0
1947,NUR_001,nurse,register_walkin,d1838618-2a96-9761-0b8d-89a92a022bcc,2026-04-27 09:50:38,appointment,APPOINTMENT_9015,29,18,0,0.03,1.658,0,0,23.95,0
1948,ADM_003,admin,view_report,843d8b33-f833-1324-2aa6-e07c91e49204,2026-04-25 02:42:49,report,REPORT_5444,8,1,1,0.09,1.571,0,0,44.8,0
1949,PATUSER_016,patient,cancel_appointment,b4679b26-64ac-c348-6667-1e9093ae866f,2026-04-30 05:01:28,appointment,APPOINTMENT_7109,2,3,1,0.0,1.922,0,0,41.05,0
1950,ADM_003,admin,manage_user,ea7deb48-7fa5-3406-28b9-051b0c18d363,2026-04-02 02:41:55,user,USER_3011,7,6,1,0.08,1.842,0,0,35.49,0
1951,PATUSER_010,patient,cancel_appointment,754c6983-a899-1c3c-f51d-2af172b88b91,2026-05-04 11:57:22,appointment,APPOINTMENT_2440,5,3,0,0.0,1.5,0,0,29.11,0
1952,PATUSER_005,patient,view_own_record,e94fc8e2-b867-5164-0607-5e5eb581b150,2026-04-02 11:13:53,medical_record,MEDICAL_RECORD_4554,1,2,0,0.0,1.826,0,0,25.73,0
1953,DOC_012,doctor,view_record,465dd060-e77a-9924-0d7a-75d52d39a714,2026-05-20 11:53:56,medical_record,MEDICAL_RECORD_5837,8,16,0,0.18,1.299,0,0,72.64,0
1954,DOC_001,doctor,view_record,2d457e3d-90cb-357e-f7e0-3014068d2f29,2026-05-14 08:32:10,medical_record,MEDICAL_RECORD_4702,13,10,0,0.16,1.79,0,0,17.14,0
1955,PATUSER_015,patient,view_queue,20f1f5b5-38be-6554-7a24-9fcc8d4bd6c4,2026-05-13 04:37:58,queue,QUEUE_4058,2,2,1,0.0,1.906,0,0,39.48,0
1956,DOC_006,doctor,create_prescription,1c39de5b-289a-3a1a-669b-2f756efb8bcb,2026-04-27 04:41:06,prescription,PRESCRIPTION_8779,21,12,1,0.1,1.825,0,0,54.77,0
1957,DOC_004,doctor,view_record,c72a8c6e-1dfd-0a8b-20e7-066eadd4931c,2026-04-03 10:25:49,medical_record,MEDICAL_RECORD_4526,12,8,0,0.12,1.295,0,0,50.16,0
1958,PATUSER_021,patient,cancel_appointment,79402472-6884-1aca-759a-a23f36ee8dca,2026-05-14 02:03:37,appointment,APPOINTMENT_4762,2,3,1,0.0,1.922,0,0,55.31,0
1959,PATUSER_016,patient,view_queue,155649eb-5d3e-41ca-5a2c-78972a1721f4,2026-04-25 11:02:56,queue,QUEUE_3214,1,1,0,0.0,1.761,0,0,37.24,0
1960,DOC_002,doctor,update_diagnosis,d9044272-63af-eca3-2a0c-ec9f9c10a98f,2026-04-05 15:59:21,condition,CONDITION_2764,76,27,0,0.66,1.761,0,0,149.23,1
1961,NUR_002,nurse,register_walkin,6383af50-c8f6-0c22-1dd4-6ee2be572cb1,2026-05-06 00:58:29,appointment,APPOINTMENT_5800,26,18,1,0.05,1.906,0,0,59.92,0
1962,PATUSER_022,patient,cancel_appointment,d998bd61-bed8-3eb5-dcb5-297579cf936f,2026-05-16 06:59:41,appointment,APPOINTMENT_4557,4,2,0,0.0,1.975,0,0,14.0,0
1963,NUR_002,nurse,update_vitals,671064b5-039b-51a8-7e40-8e6baa0a7e35,2026-04-25 03:54:42,observation,OBSERVATION_4388,18,13,1,0.11,1.459,0,0,52.29,0
1964,PATUSER_018,patient,view_record,d5d8b210-bca5-a9ce-0711-3d09468bfe47,2026-04-23 19:24:59,medical_record,MEDICAL_RECORD_5328,80,61,0,0.84,1.459,1,1,147.65,1
1965,PATUSER_001,patient,cancel_appointment,3844e0c5-14c7-8f87-19b0-8f769b3bdd70,2026-04-24 11:36:19,appointment,APPOINTMENT_4772,4,3,0,0.0,1.922,0,0,63.28,0
1966,ADM_002,admin,view_report,054e161c-d33f-0970-2018-1f19582e0813,2026-05-12 08:38:53,report,REPORT_1172,12,3,0,0.08,1.53,0,0,20.26,0
1967,PATUSER_006,patient,book_appointment,21adc8c0-7e1e-5167-1ac1-5449a6a2c73f,2026-05-05 02:04:48,appointment,APPOINTMENT_4875,6,1,1,0.0,1.936,0,0,17.31,0
1968,DOC_007,doctor,view_record,754c6983-a899-1c3c-f51d-2af172b88b91,2026-05-01 06:46:33,medical_record,MEDICAL_RECORD_1881,10,17,0,0.07,1.571,0,0,22.9,0
1969,ADM_001,admin,view_audit,c72a8c6e-1dfd-0a8b-20e7-066eadd4931c,2026-05-19 06:46:22,audit,AUDIT_8805,6,0,0,0.04,1.522,0,0,56.87,0
1970,PATUSER_023,patient,book_appointment,7225d50f-9363-214e-02d6-3fdc2a246bdc,2026-04-24 11:26:09,appointment,APPOINTMENT_3984,6,1,0,0.0,1.826,0,0,30.54,0
1971,PATUSER_020,patient,cancel_appointment,b09b332a-a8b1-5541-6855-d6420f922505,2026-04-12 10:12:04,appointment,APPOINTMENT_8716,4,3,0,0.0,1.617,0,0,70.13,0
1972,PATUSER_028,patient,cancel_appointment,3408cffd-cbea-0de1-e3a8-8b0b86bb5637,2026-03-29 00:50:00,appointment,APPOINTMENT_7134,2,1,1,0.0,1.522,0,0,58.05,0
1973,DOC_005,doctor,update_diagnosis,cc4e166f-53eb-f57b-fb9c-72dddeeb448f,2026-04-29 06:04:39,condition,CONDITION_8162,18,5,0,0.1,1.664,0,0,68.5,0
1974,DOC_013,doctor,create_prescription,9cefc3e8-33f8-beac-d280-fb10e474151c,2026-05-15 15:41:51,prescription,PRESCRIPTION_9622,44,69,0,0.7,1.825,1,0,173.2,1
1975,PATUSER_018,patient,cancel_appointment,a24f1dcf-ef87-f609-183a-d00bcc9b7292,2026-03-27 11:56:12,appointment,APPOINTMENT_6744,4,2,0,0.0,1.784,0,0,52.31,0
1976,PATUSER_024,patient,view_record,2b31de7e-3596-37c7-1d46-db12d82e73ef,2026-03-31 15:27:04,medical_record,MEDICAL_RECORD_7175,56,54,0,0.69,1.781,0,1,216.02,1
1977,DOC_013,doctor,update_diagnosis,e126e379-083f-ea08-0358-303361acf072,2026-05-16 10:54:57,condition,CONDITION_3970,14,15,0,0.17,1.922,0,0,20.35,0
1978,DOC_014,doctor,create_prescription,1290bba5-c164-4273-9694-c3ce92270ef2,2026-04-01 04:04:47,prescription,PRESCRIPTION_3684,22,18,1,0.05,1.837,0,0,8.52,0
1979,PATUSER_014,patient,update_diagnosis,bee08b10-0c18-396e-9f8a-03e41691509b,2026-04-27 19:15:16,condition,CONDITION_9584,72,51,0,0.8,2.134,1,1,233.29,1
1980,PATUSER_004,patient,cancel_appointment,5dd32bff-9eaf-50ef-db4f-c6065be13792,2026-04-22 08:33:44,appointment,APPOINTMENT_8822,6,3,0,0.0,1.669,0,0,29.24,0
1981,PATUSER_006,patient,cancel_appointment,57b901cb-d3d2-258c-2773-57008eb32345,2026-04-26 03:55:57,appointment,APPOINTMENT_1663,4,3,1,0.0,1.971,0,0,14.91,0
1982,PATUSER_016,patient,view_own_record,8fcbd58f-7e61-d74d-9b35-46d267ecbbd3,2026-04-22 00:40:53,medical_record,MEDICAL_RECORD_3059,3,3,1,0.0,1.73,1,0,25.07,0
1983,PATUSER_018,patient,view_own_record,4f0c6acb-066b-1f8d-228d-5e5a973d1fef,2026-05-13 08:14:55,medical_record,MEDICAL_RECORD_9875,1,1,0,0.0,1.842,0,0,21.4,0
1984,DOC_002,doctor,view_record,465dd060-e77a-9924-0d7a-75d52d39a714,2026-04-27 02:58:04,medical_record,MEDICAL_RECORD_8681,21,8,1,0.16,1.53,0,0,33.23,0
1985,PATUSER_005,patient,view_queue,f5de0af7-bfb4-270e-8175-e12515583ea8,2026-04-20 10:28:05,queue,QUEUE_3573,5,3,0,0.0,1.826,0,0,35.61,0
1986,PATUSER_015,patient,view_queue,b09b332a-a8b1-5541-6855-d6420f922505,2026-05-03 11:41:14,queue,QUEUE_6662,6,1,0,0.0,1.459,0,0,6.21,0
1987,NUR_004,nurse,update_vitals,a8bef5c2-6743-79e8-8477-bc3b6244c334,2026-04-01 00:30:58,observation,OBSERVATION_9290,18,25,1,0.04,1.975,0,0,29.59,0
1988,PATUSER_018,patient,view_own_record,e1571870-cf37-1c6b-c97f-c4ab9a32b172,2026-04-17 00:39:16,medical_record,MEDICAL_RECORD_6721,4,2,1,0.0,1.891,0,0,58.54,0
1989,DOC_006,doctor,view_record,668a10b4-c005-0df3-522e-b068e0d29ea9,2026-04-14 00:51:04,medical_record,MEDICAL_RECORD_6081,18,16,1,0.1,1.959,0,0,13.99,0
1990,DOC_006,doctor,view_record,2d457e3d-90cb-357e-f7e0-3014068d2f29,2026-05-17 01:59:52,medical_record,MEDICAL_RECORD_7936,20,10,1,0.0,1.842,0,0,53.19,0
1991,PATUSER_004,patient,view_queue,01974f36-ced2-c38e-32c5-1b09e1fe1638,2026-04-24 08:56:52,queue,QUEUE_1195,4,2,0,0.0,1.884,0,0,33.96,0
1992,NUR_004,nurse,view_audit,a2ff83e0-2cc0-50a4-b008-52a1add72ced,2026-04-25 19:01:33,audit,AUDIT_1761,79,72,0,0.92,1.825,1,1,315.3,1
1993,PATUSER_009,patient,view_audit,073b376b-9659-3e78-c6a6-a08b74d710da,2026-05-10 19:26:17,audit,AUDIT_8155,42,21,0,0.91,2.038,0,1,230.95,1
1994,DOC_006,doctor,view_record,754c6983-a899-1c3c-f51d-2af172b88b91,2026-05-19 05:19:48,medical_record,MEDICAL_RECORD_4964,5,11,1,0.1,1.959,0,0,8.15,0
1995,NUR_007,nurse,update_vitals,2faf5170-7c17-9c76-c091-5349b5ecad23,2026-04-07 06:01:42,observation,OBSERVATION_8938,30,22,0,0.11,1.906,0,0,20.77,0
1996,DOC_003,doctor,create_prescription,d9044272-63af-eca3-2a0c-ec9f9c10a98f,2026-04-10 03:44:10,prescription,PRESCRIPTION_9908,12,14,1,0.01,1.571,0,0,25.78,0
1997,PATUSER_027,patient,view_own_record,5dd32bff-9eaf-50ef-db4f-c6065be13792,2026-05-07 08:02:53,medical_record,MEDICAL_RECORD_4651,6,1,0,0.0,1.322,0,0,12.31,0
1998,DOC_002,doctor,view_record,4ca3be26-4f97-27f0-32fa-6ea155eba23a,2026-04-17 10:29:35,medical_record,MEDICAL_RECORD_4795,22,12,0,0.08,1.811,0,0,17.64,0
1999,DOC_008,doctor,view_observation,dda456b9-cd60-e91b-8a88-fd381a9e4611,2026-04-19 05:38:18,observation,OBSERVATION_4612,12,16,1,0.02,1.826,0,0,46.55,0
2000,DOC_006,doctor,view_record,671064b5-039b-51a8-7e40-8e6baa0a7e35,2026-04-10 08:20:27,medical_record,MEDICAL_RECORD_5280,8,16,0,0.01,1.823,0,0,31.79,0
2001,NUR_004,nurse,update_vitals,0369610a-4641-e2d5-80b2-844b2bd99f16,2026-05-11 11:04:47,observation,OBSERVATION_8021,29,22,0,0.09,1.811,0,0,68.2,0
2002,DOC_009,doctor,view_observation,047f3ed4-bdea-7cd6-6e80-8537a3979cc6,2026-05-22 17:47:16,observation,OBSERVATION_6095,86,55,0,0.92,1.75,1,0,193.96,1
2003,PATUSER_003,patient,cancel_appointment,8fcbd58f-7e61-d74d-9b35-46d267ecbbd3,2026-04-06 04:44:38,appointment,APPOINTMENT_4404,1,1,1,0.0,1.975,0,0,13.68,0
2004,PATUSER_010,patient,cancel_appointment,2faf5170-7c17-9c76-c091-5349b5ecad23,2026-04-11 02:25:37,appointment,APPOINTMENT_9611,6,2,1,0.0,1.837,0,0,63.97,0
2005,DOC_012,doctor,view_record,19e9c5a5-4114-0f95-e5e8-29cd6749d4e1,2026-05-08 08:08:40,medical_record,MEDICAL_RECORD_7708,10,18,0,0.02,1.435,0,0,19.39,0
2006,DOC_009,doctor,view_record,8e21cb1f-b016-dda9-1d06-c920c24a0b37,2026-05-01 12:07:23,medical_record,MEDICAL_RECORD_7833,18,17,0,0.06,1.971,0,0,28.5,0
2007,PATUSER_007,patient,cancel_appointment,6383af50-c8f6-0c22-1dd4-6ee2be572cb1,2026-05-09 08:19:07,appointment,APPOINTMENT_2239,2,3,0,0.0,1.753,0,0,33.23,0
2008,PATUSER_001,patient,view_own_record,d998bd61-bed8-3eb5-dcb5-297579cf936f,2026-04-15 11:41:48,medical_record,MEDICAL_RECORD_9390,6,1,0,0.0,1.449,0,0,38.86,0
2009,DOC_002,doctor,view_record,3844e0c5-14c7-8f87-19b0-8f769b3bdd70,2026-05-19 07:04:43,medical_record,MEDICAL_RECORD_5031,13,3,0,0.03,1.918,0,0,42.64,0
2010,NUR_002,nurse,update_vitals,4ca3be26-4f97-27f0-32fa-6ea155eba23a,2026-05-18 05:37:44,observation,OBSERVATION_6094,26,8,1,0.0,1.891,0,0,34.84,0
2011,PATUSER_007,patient,view_own_record,744a7169-4e89-61ff-27f2-3c736abf4368,2026-05-04 10:17:04,medical_record,MEDICAL_RECORD_7812,2,1,0,0.0,1.792,0,0,72.14,0
2012,DOC_009,doctor,view_observation,1c39de5b-289a-3a1a-669b-2f756efb8bcb,2026-05-22 21:07:30,observation,OBSERVATION_7924,53,22,0,0.68,1.918,1,0,373.31,1
2013,PATUSER_009,patient,view_queue,a8bef5c2-6743-79e8-8477-bc3b6244c334,2026-04-29 06:26:20,queue,QUEUE_8717,1,3,0,0.0,1.918,0,0,43.66,0
2014,DOC_013,doctor,create_prescription,cc4e166f-53eb-f57b-fb9c-72dddeeb448f,2026-05-03 15:27:07,prescription,PRESCRIPTION_3901,64,25,0,0.95,2.0,0,0,293.57,1
2015,PATUSER_001,patient,cancel_appointment,d1838618-2a96-9761-0b8d-89a92a022bcc,2026-04-25 07:45:01,appointment,APPOINTMENT_6409,1,3,0,0.0,1.837,0,0,50.64,0
2016,DOC_012,doctor,update_diagnosis,8e21cb1f-b016-dda9-1d06-c920c24a0b37,2026-04-10 03:28:36,condition,CONDITION_9946,10,7,1,0.13,1.669,0,0,17.23,0
2017,DOC_004,doctor,view_observation,d1838618-2a96-9761-0b8d-89a92a022bcc,2026-04-07 15:51:55,observation,OBSERVATION_1633,88,73,0,0.84,1.73,1,0,414.7,1
2018,DOC_001,doctor,view_observation,155649eb-5d3e-41ca-5a2c-78972a1721f4,2026-05-14 07:35:35,observation,OBSERVATION_2802,19,4,0,0.14,1.842,0,0,18.18,0
2019,PATUSER_027,patient,view_own_record,1290bba5-c164-4273-9694-c3ce92270ef2,2026-03-30 10:45:54,medical_record,MEDICAL_RECORD_1116,4,3,0,0.0,1.371,0,0,6.29,0
2020,PATUSER_030,patient,view_own_record,0e697a7b-149b-602d-af6f-7e76ca18c5d7,2026-04-18 03:13:46,medical_record,MEDICAL_RECORD_4117,2,2,1,0.0,1.846,0,0,44.69,0
2021,DOC_007,doctor,update_diagnosis,671064b5-039b-51a8-7e40-8e6baa0a7e35,2026-04-13 19:56:27,condition,CONDITION_1472,40,64,0,0.8,0.811,1,0,358.19,1
2022,PATUSER_011,patient,view_audit,d9044272-63af-eca3-2a0c-ec9f9c10a98f,2026-05-15 16:17:43,audit,AUDIT_4909,35,20,0,0.93,2.197,1,1,243.92,1
2023,ADM_002,admin,update_schedule,e1571870-cf37-1c6b-c97f-c4ab9a32b172,2026-04-24 01:32:32,schedule,SCHEDULE_8213,5,0,1,0.02,1.895,0,0,69.99,0
2024,PATUSER_004,patient,view_queue,0e697a7b-149b-602d-af6f-7e76ca18c5d7,2026-04-15 10:38:38,queue,QUEUE_2616,3,3,0,0.0,1.859,0,0,37.96,0
2025,PATUSER_006,patient,cancel_appointment,744a7169-4e89-61ff-27f2-3c736abf4368,2026-04-01 05:36:47,appointment,APPOINTMENT_5320,1,1,1,0.0,1.918,0,0,16.37,0
2026,DOC_006,doctor,view_record,5e236a28-42bb-348c-3267-03ed1a052b40,2026-04-28 00:48:59,medical_record,MEDICAL_RECORD_2463,18,15,1,0.13,1.379,0,0,71.08,0
2027,PATUSER_005,patient,view_record,3eee4689-2d02-6ec9-c257-42b3adfdcd70,2026-04-21 16:40:03,medical_record,MEDICAL_RECORD_5004,48,61,0,0.94,1.922,0,1,151.06,1
2028,NUR_006,nurse,view_appointment,1c39de5b-289a-3a1a-669b-2f756efb8bcb,2026-04-12 07:20:37,appointment,APPOINTMENT_2230,19,19,0,0.03,1.5,0,0,44.88,0
2029,DOC_008,doctor,view_record,744a7169-4e89-61ff-27f2-3c736abf4368,2026-05-17 04:33:45,medical_record,MEDICAL_RECORD_2023,11,11,1,0.17,1.837,0,0,72.23,0
2030,PATUSER_017,patient,cancel_appointment,a82f0145-e797-d65d-bebf-e49dd38bac1e,2026-04-19 04:29:43,appointment,APPOINTMENT_5696,2,3,1,0.0,1.922,0,0,10.55,0
2031,PATUSER_003,patient,cancel_appointment,b23941a4-269e-2ac4-8ced-75d1ac8b1b1d,2026-05-01 04:16:49,appointment,APPOINTMENT_5761,2,1,1,0.0,1.846,0,0,57.64,0
2032,PATUSER_017,patient,view_queue,d20dc49f-5674-961e-a123-6e3000654b95,2026-04-28 04:05:23,queue,QUEUE_8419,6,1,1,0.0,0.811,0,0,5.83,0
2033,PATUSER_023,patient,view_own_record,d9044272-63af-eca3-2a0c-ec9f9c10a98f,2026-05-08 02:09:49,medical_record,MEDICAL_RECORD_4651,5,3,1,0.0,1.906,0,0,5.96,0
2034,ADM_002,admin,view_audit,83948281-33ad-4a11-0a3d-04484caf2ab9,2026-05-06 10:54:01,audit,AUDIT_1067,15,7,0,0.02,1.891,0,0,38.45,0
2035,PATUSER_026,patient,cancel_appointment,054e161c-d33f-0970-2018-1f19582e0813,2026-05-03 07:52:04,appointment,APPOINTMENT_3509,1,1,0,0.0,1.617,0,0,13.09,0
2036,PATUSER_008,patient,view_audit,4ca3be26-4f97-27f0-32fa-6ea155eba23a,2026-04-06 19:14:25,audit,AUDIT_9401,63,66,0,0.7,2.2,1,1,271.6,1
2037,PATUSER_017,patient,view_own_record,1f534514-2f45-191e-04b4-ad9e93bdf422,2026-04-19 09:59:20,medical_record,MEDICAL_RECORD_6443,1,3,0,0.0,1.371,0,0,74.78,0
2038,PATUSER_014,patient,book_appointment,f5de0af7-bfb4-270e-8175-e12515583ea8,2026-04-15 08:51:00,appointment,APPOINTMENT_3019,2,1,0,0.0,1.918,0,0,71.89,0
2039,PATUSER_003,patient,book_appointment,f5de0af7-bfb4-270e-8175-e12515583ea8,2026-04-11 08:16:40,appointment,APPOINTMENT_6071,6,1,0,0.0,1.686,0,0,23.28,0
2040,PATUSER_022,patient,view_queue,4bab2d0f-4783-619c-46b2-f656667ffb67,2026-04-10 09:33:52,queue,QUEUE_6966,3,1,0,0.0,1.959,0,0,46.57,0
2041,ADM_001,admin,manage_user,8db9c819-1c0b-c9a9-3e31-4b85f52201d2,2026-04-19 11:45:11,user,USER_3440,12,8,0,0.05,1.459,0,0,72.74,0
2042,DOC_015,doctor,create_prescription,9b5ce034-80bf-4c6b-f400-3a89fc0d135b,2026-03-30 10:41:49,prescription,PRESCRIPTION_2751,8,16,0,0.21,0.971,0,0,10.0,0
2043,DOC_002,doctor,update_diagnosis,20f1f5b5-38be-6554-7a24-9fcc8d4bd6c4,2026-04-27 04:20:18,condition,CONDITION_3971,16,4,1,0.04,0.722,0,0,73.2,0
2044,DOC_015,doctor,view_observation,d1838618-2a96-9761-0b8d-89a92a022bcc,2026-03-28 01:16:17,observation,OBSERVATION_9506,22,18,1,0.17,1.906,0,0,27.52,0
2045,DOC_014,doctor,create_prescription,5dd32bff-9eaf-50ef-db4f-c6065be13792,2026-04-02 02:51:10,prescription,PRESCRIPTION_9920,8,10,1,0.21,1.959,0,0,62.1,0
2046,PATUSER_011,patient,view_queue,9cefc3e8-33f8-beac-d280-fb10e474151c,2026-05-20 04:14:20,queue,QUEUE_7000,5,1,1,0.0,2.0,0,0,49.66,0
2047,NUR_006,nurse,view_appointment,dd0de87d-2596-9c38-a834-6f5246a48a51,2026-05-05 07:59:02,appointment,APPOINTMENT_9478,23,6,0,0.0,1.557,0,0,69.28,0
2048,NUR_006,nurse,view_audit,c5d42b3b-72de-b953-545d-1de4cf59d279,2026-05-11 17:36:50,audit,AUDIT_4544,81,78,0,0.83,2.187,1,1,264.37,1
2049,PATUSER_023,patient,update_diagnosis,917ffe5d-46b2-36f1-0de8-35e5ed017fa7,2026-05-07 16:51:42,condition,CONDITION_6445,59,46,0,0.79,1.149,1,1,138.26,1
2050,NUR_007,nurse,view_appointment,465dd060-e77a-9924-0d7a-75d52d39a714,2026-05-07 00:29:43,appointment,APPOINTMENT_1833,27,13,1,0.06,1.868,0,0,63.87,0
2051,DOC_001,doctor,create_prescription,3408cffd-cbea-0de1-e3a8-8b0b86bb5637,2026-05-17 05:43:57,prescription,PRESCRIPTION_3415,21,7,1,0.01,1.585,0,0,11.76,0
2052,ADM_002,admin,view_audit,3eee4689-2d02-6ec9-c257-42b3adfdcd70,2026-04-15 06:12:26,audit,AUDIT_9990,2,6,0,0.09,1.846,0,0,45.29,0
2053,PATUSER_028,patient,cancel_appointment,235bd53d-07f7-5874-c952-5126acfab01e,2026-03-25 10:25:03,appointment,APPOINTMENT_1550,1,1,0,0.0,1.573,0,0,73.27,0
2054,NUR_006,nurse,view_appointment,20f1f5b5-38be-6554-7a24-9fcc8d4bd6c4,2026-04-20 10:57:20,appointment,APPOINTMENT_7448,19,8,0,0.12,1.5,0,0,69.63,0
2055,PATUSER_017,patient,view_own_record,d1e9c67e-e701-dbf5-aa21-bb9ae3751b97,2026-03-29 05:41:25,medical_record,MEDICAL_RECORD_7350,5,3,1,0.0,0.971,0,0,21.99,0
2056,PATUSER_016,patient,view_queue,d1e9c67e-e701-dbf5-aa21-bb9ae3751b97,2026-04-16 09:46:02,queue,QUEUE_5813,1,2,0,0.0,0.811,0,0,24.02,0
2057,DOC_003,doctor,view_observation,8e21cb1f-b016-dda9-1d06-c920c24a0b37,2026-04-27 16:16:42,observation,OBSERVATION_3204,61,36,0,0.93,1.784,1,0,306.98,1
2058,NUR_006,nurse,register_walkin,910f9d72-b5f2-60bf-8302-274ac5d74635,2026-03-30 00:58:36,appointment,APPOINTMENT_1981,10,12,1,0.06,1.922,0,0,47.17,0
2059,PATUSER_011,patient,view_own_record,d5d8b210-bca5-a9ce-0711-3d09468bfe47,2026-04-15 05:27:57,medical_record,MEDICAL_RECORD_4747,5,2,1,0.0,1.823,0,0,26.58,0
2060,PATUSER_025,patient,view_own_record,a992fe7d-cd9b-0ace-6e0b-f6f0b5f01fc3,2026-04-04 11:49:48,medical_record,MEDICAL_RECORD_7221,2,1,0,0.0,1.371,0,0,33.14,0
2061,PATUSER_013,patient,cancel_appointment,7bbc22dd-2b36-8b49-3bcc-14c25dafd13e,2026-05-07 05:45:34,appointment,APPOINTMENT_8496,6,3,1,0.0,1.888,0,0,58.14,0
2062,PATUSER_023,patient,cancel_appointment,054e161c-d33f-0970-2018-1f19582e0813,2026-04-27 10:25:27,appointment,APPOINTMENT_4844,1,3,0,0.0,1.5,0,0,69.08,0
2063,PATUSER_026,patient,view_queue,3408cffd-cbea-0de1-e3a8-8b0b86bb5637,2026-04-29 10:28:10,queue,QUEUE_4371,6,2,0,0.0,0.592,0,0,64.01,0
2064,PATUSER_004,patient,view_own_record,3c6d02df-84f2-f9e2-8e09-852349757293,2026-05-18 06:00:58,medical_record,MEDICAL_RECORD_1939,2,2,0,0.0,1.357,0,0,29.54,0
2065,PATUSER_020,patient,view_queue,4f0c6acb-066b-1f8d-228d-5e5a973d1fef,2026-05-17 09:42:37,queue,QUEUE_7140,1,3,0,0.0,1.738,0,0,30.53,0
2066,PATUSER_030,patient,view_queue,073b376b-9659-3e78-c6a6-a08b74d710da,2026-04-25 11:29:11,queue,QUEUE_8377,2,3,0,0.0,1.5,0,0,51.96,0
2067,PATUSER_030,patient,view_own_record,d1e9c67e-e701-dbf5-aa21-bb9ae3751b97,2026-04-17 00:49:47,medical_record,MEDICAL_RECORD_5408,2,2,1,0.0,1.834,0,0,57.49,0
2068,ADM_001,admin,update_schedule,4f0c6acb-066b-1f8d-228d-5e5a973d1fef,2026-04-07 05:42:21,schedule,SCHEDULE_8361,13,7,1,0.04,1.906,0,0,57.7,0
2069,DOC_011,doctor,view_observation,83948281-33ad-4a11-0a3d-04484caf2ab9,2026-04-18 12:02:49,observation,OBSERVATION_4070,20,7,0,0.12,1.73,0,0,59.22,0
2070,PATUSER_025,patient,cancel_appointment,d998bd61-bed8-3eb5-dcb5-297579cf936f,2026-04-06 11:10:52,appointment,APPOINTMENT_8083,3,2,0,0.0,1.5,0,0,49.9,0
2071,ADM_001,admin,view_audit,a2ff83e0-2cc0-50a4-b008-52a1add72ced,2026-04-20 07:45:05,audit,AUDIT_2623,15,7,0,0.07,1.988,0,0,24.47,0
2072,ADM_003,admin,manage_user,d998bd61-bed8-3eb5-dcb5-297579cf936f,2026-03-28 05:57:11,user,USER_6044,8,7,1,0.05,0.811,0,0,40.67,0
2073,PATUSER_028,patient,book_appointment,054e161c-d33f-0970-2018-1f19582e0813,2026-04-05 01:19:56,appointment,APPOINTMENT_7215,2,1,1,0.0,1.459,0,0,38.62,0
2074,PATUSER_019,patient,book_appointment,671064b5-039b-51a8-7e40-8e6baa0a7e35,2026-04-30 06:20:48,appointment,APPOINTMENT_5311,5,3,0,0.0,1.406,0,0,50.14,0
2075,PATUSER_003,patient,view_own_record,9cefc3e8-33f8-beac-d280-fb10e474151c,2026-05-15 09:39:21,medical_record,MEDICAL_RECORD_6853,3,1,0,0.0,1.95,0,0,50.75,0
2076,PATUSER_019,patient,view_queue,e8b56457-438e-7a2e-04ee-e0b2ec149f61,2026-05-10 04:56:44,queue,QUEUE_2222,2,3,1,0.0,1.855,0,0,31.94,0
2077,PATUSER_001,patient,book_appointment,4bab2d0f-4783-619c-46b2-f656667ffb67,2026-04-11 01:22:22,appointment,APPOINTMENT_9359,3,2,1,0.0,1.0,0,0,34.72,0
2078,PATUSER_018,patient,view_queue,e300c149-9eaa-3d5a-57d9-ea8d4c996597,2026-04-22 04:37:01,queue,QUEUE_7179,5,1,1,0.0,1.79,0,0,64.85,0
2079,PATUSER_015,patient,cancel_appointment,7bbc22dd-2b36-8b49-3bcc-14c25dafd13e,2026-04-25 06:40:33,appointment,APPOINTMENT_3206,3,1,0,0.0,1.551,0,0,24.72,0
2080,PATUSER_014,patient,book_appointment,07052ffe-5096-f813-923b-f3a32be34399,2026-04-21 04:49:57,appointment,APPOINTMENT_6207,2,3,1,0.0,1.522,0,0,8.94,0
2081,DOC_002,doctor,view_record,f5de0af7-bfb4-270e-8175-e12515583ea8,2026-05-09 17:47:01,medical_record,MEDICAL_RECORD_2074,58,33,0,0.95,1.53,1,0,143.84,1
2082,PATUSER_018,patient,cancel_appointment,f5de0af7-bfb4-270e-8175-e12515583ea8,2026-04-20 04:28:20,appointment,APPOINTMENT_4491,5,1,1,0.0,1.95,0,0,71.58,0
2083,NUR_001,nurse,view_appointment,cc4e166f-53eb-f57b-fb9c-72dddeeb448f,2026-04-30 07:36:55,appointment,APPOINTMENT_1001,28,7,0,0.01,1.522,0,0,5.4,0
2084,PATUSER_002,patient,view_audit,4bab2d0f-4783-619c-46b2-f656667ffb67,2026-03-27 20:37:27,audit,AUDIT_2050,59,41,0,0.74,2.113,1,1,298.07,1
2085,PATUSER_029,patient,cancel_appointment,a2ff83e0-2cc0-50a4-b008-52a1add72ced,2026-05-11 00:42:28,appointment,APPOINTMENT_8895,1,2,1,0.0,1.922,0,0,10.8,0
2086,PATUSER_001,patient,view_queue,671064b5-039b-51a8-7e40-8e6baa0a7e35,2026-04-25 04:04:56,queue,QUEUE_7160,6,2,1,0.0,0.811,0,0,73.68,0
2087,DOC_010,doctor,view_record,12a088f3-264b-6a9f-9a57-678747110969,2026-04-18 06:04:25,medical_record,MEDICAL_RECORD_5916,5,11,0,0.04,1.784,0,0,65.54,0
2088,PATUSER_011,patient,view_own_record,8db9c819-1c0b-c9a9-3e31-4b85f52201d2,2026-04-30 01:58:11,medical_record,MEDICAL_RECORD_1764,4,1,1,0.0,1.837,0,0,43.94,0
2089,NUR_002,nurse,view_appointment,2faf5170-7c17-9c76-c091-5349b5ecad23,2026-05-13 04:36:16,appointment,APPOINTMENT_3896,10,15,1,0.11,1.79,0,0,14.62,0
2090,PATUSER_002,patient,view_queue,c72a8c6e-1dfd-0a8b-20e7-066eadd4931c,2026-05-10 10:03:11,queue,QUEUE_7261,4,1,0,0.0,1.922,0,0,22.84,0
2091,PATUSER_018,patient,cancel_appointment,054e161c-d33f-0970-2018-1f19582e0813,2026-04-08 07:53:52,appointment,APPOINTMENT_8520,6,1,0,0.0,1.981,0,0,42.44,0
2092,PATUSER_026,patient,view_queue,79402472-6884-1aca-759a-a23f36ee8dca,2026-04-16 01:14:36,queue,QUEUE_2681,1,2,1,0.0,1.784,0,0,10.62,0
2093,PATUSER_009,patient,view_own_record,42c1eb05-09a9-eeda-a957-d822de66c536,2026-05-02 08:12:39,medical_record,MEDICAL_RECORD_1174,4,1,0,0.0,1.585,0,0,39.17,0
2094,PATUSER_016,patient,cancel_appointment,3eee4689-2d02-6ec9-c257-42b3adfdcd70,2026-05-03 02:58:03,appointment,APPOINTMENT_1736,1,2,1,0.0,1.95,0,0,71.64,0
2095,ADM_001,admin,view_audit,4642b627-0caa-32c4-a7cd-87689252d332,2026-03-30 04:38:11,audit,AUDIT_7798,14,4,1,0.07,1.918,0,0,59.13,0
2096,DOC_007,doctor,view_record,dd55f477-af88-4543-f8c0-dca25a96c4cb,2026-05-18 08:52:24,medical_record,MEDICAL_RECORD_2020,22,4,0,0.03,1.5,0,0,51.07,0
2097,DOC_015,doctor,view_observation,155649eb-5d3e-41ca-5a2c-78972a1721f4,2026-04-22 06:23:53,observation,OBSERVATION_6894,24,14,0,0.19,1.685,0,0,27.26,0
2098,NUR_001,nurse,update_queue,e126e379-083f-ea08-0358-303361acf072,2026-04-05 06:47:24,appointment,APPOINTMENT_9159,24,21,0,0.02,1.891,0,0,9.24,0
2099,DOC_007,doctor,view_record,2d457e3d-90cb-357e-f7e0-3014068d2f29,2026-04-21 08:50:49,medical_record,MEDICAL_RECORD_2015,11,12,0,0.2,1.906,0,0,73.76,0
2100,DOC_015,doctor,view_observation,e126e379-083f-ea08-0358-303361acf072,2026-05-20 05:28:53,observation,OBSERVATION_8698,18,3,1,0.16,1.922,0,0,64.68,0
2101,DOC_001,doctor,view_record,f84719a0-d28d-ec20-64a8-a17992dcd9ac,2026-04-06 10:27:12,medical_record,MEDICAL_RECORD_9882,21,3,0,0.04,1.891,0,0,23.4,0
2102,PATUSER_008,patient,book_appointment,8fcbd58f-7e61-d74d-9b35-46d267ecbbd3,2026-04-26 08:37:01,appointment,APPOINTMENT_6156,3,1,0,0.0,1.5,0,0,6.71,0
2103,DOC_015,doctor,view_record,4f74c441-7628-4f98-82a7-f4c99d926736,2026-04-06 05:47:39,medical_record,MEDICAL_RECORD_9693,9,14,1,0.02,1.686,0,0,67.89,0
2104,PATUSER_016,patient,view_own_record,d1838618-2a96-9761-0b8d-89a92a022bcc,2026-04-02 08:28:14,medical_record,MEDICAL_RECORD_5503,1,2,0,0.0,1.5,0,0,62.52,0
2105,PATUSER_023,patient,book_appointment,a24f1dcf-ef87-f609-183a-d00bcc9b7292,2026-04-07 02:18:18,appointment,APPOINTMENT_7056,3,2,1,0.0,1.677,0,0,68.99,0
2106,DOC_012,doctor,view_record,f5de0af7-bfb4-270e-8175-e12515583ea8,2026-04-22 09:31:38,medical_record,MEDICAL_RECORD_2418,6,15,0,0.22,1.922,0,0,18.91,0
2107,DOC_009,doctor,create_prescription,e94fc8e2-b867-5164-0607-5e5eb581b150,2026-04-21 08:45:42,prescription,PRESCRIPTION_7031,7,10,0,0.2,1.837,0,0,25.1,0
2108,DOC_003,doctor,view_record,2d457e3d-90cb-357e-f7e0-3014068d2f29,2026-04-28 09:55:08,medical_record,MEDICAL_RECORD_4637,15,6,0,0.2,1.669,0,0,21.29,0
2109,PATUSER_020,patient,book_appointment,2925a752-da6a-ef1f-31aa-68b0c2ff5027,2026-04-14 10:28:08,appointment,APPOINTMENT_6084,2,1,0,0.0,1.792,0,0,32.06,0
2110,NUR_001,nurse,update_vitals,bfb0d055-557b-4579-1a3b-78cc2ead82c9,2026-05-05 08:35:53,observation,OBSERVATION_4318,21,18,0,0.05,0.65,0,0,7.81,0
2111,PATUSER_002,patient,book_appointment,d998bd61-bed8-3eb5-dcb5-297579cf936f,2026-04-06 05:39:25,appointment,APPOINTMENT_3270,2,2,1,0.0,1.884,0,0,9.05,0
2112,DOC_007,doctor,view_observation,a8bef5c2-6743-79e8-8477-bc3b6244c334,2026-05-16 20:38:54,observation,OBSERVATION_1769,77,60,0,0.94,1.459,1,0,368.84,1
2113,NUR_005,nurse,register_walkin,155649eb-5d3e-41ca-5a2c-78972a1721f4,2026-04-21 03:01:18,appointment,APPOINTMENT_2020,19,11,1,0.07,1.79,0,0,27.58,0
2114,PATUSER_009,patient,cancel_appointment,d1e9c67e-e701-dbf5-aa21-bb9ae3751b97,2026-05-20 09:12:45,appointment,APPOINTMENT_7338,6,1,0,0.0,1.855,0,0,68.99,0
2115,DOC_004,doctor,update_diagnosis,d1838618-2a96-9761-0b8d-89a92a022bcc,2026-03-28 03:47:28,condition,CONDITION_8189,7,3,1,0.09,1.936,0,0,55.9,0
2116,DOC_007,doctor,update_diagnosis,ad37dc95-561f-9348-6577-eff9b22d47c2,2026-04-25 12:01:09,condition,CONDITION_8831,21,18,0,0.01,1.95,0,0,10.62,0
2117,PATUSER_018,patient,cancel_appointment,5dd32bff-9eaf-50ef-db4f-c6065be13792,2026-04-09 02:39:22,appointment,APPOINTMENT_9648,3,2,1,0.0,1.936,0,0,24.29,0
2118,NUR_005,nurse,register_walkin,8e21cb1f-b016-dda9-1d06-c920c24a0b37,2026-04-15 07:54:57,appointment,APPOINTMENT_6629,24,14,0,0.09,1.971,0,0,67.78,0
2119,PATUSER_018,patient,view_queue,054e161c-d33f-0970-2018-1f19582e0813,2026-04-05 03:05:40,queue,QUEUE_5256,3,2,1,0.0,1.884,0,0,34.53,0
2120,DOC_007,doctor,create_prescription,4f0c6acb-066b-1f8d-228d-5e5a973d1fef,2026-05-03 02:35:20,prescription,PRESCRIPTION_1989,19,10,1,0.12,1.784,0,0,41.79,0
2121,DOC_015,doctor,create_prescription,8c562216-cb73-0829-2fa4-123468939df6,2026-04-25 06:08:28,prescription,PRESCRIPTION_7533,20,11,0,0.14,1.75,0,0,68.97,0
2122,DOC_003,doctor,view_record,155649eb-5d3e-41ca-5a2c-78972a1721f4,2026-04-30 17:17:56,medical_record,MEDICAL_RECORD_6826,44,72,0,0.79,0.811,1,0,376.61,1
2123,PATUSER_029,patient,book_appointment,8e21cb1f-b016-dda9-1d06-c920c24a0b37,2026-03-27 05:29:35,appointment,APPOINTMENT_9297,3,2,1,0.0,1.784,0,0,70.48,0
2124,PATUSER_005,patient,view_own_record,d1838618-2a96-9761-0b8d-89a92a022bcc,2026-04-20 03:51:52,medical_record,MEDICAL_RECORD_4496,1,2,1,0.0,0.881,0,0,18.88,0
2125,PATUSER_018,patient,view_queue,20f1f5b5-38be-6554-7a24-9fcc8d4bd6c4,2026-04-11 00:37:38,queue,QUEUE_1997,6,1,1,0.0,1.485,0,0,71.53,0
2126,PATUSER_030,patient,cancel_appointment,b23941a4-269e-2ac4-8ced-75d1ac8b1b1d,2026-03-30 03:31:55,appointment,APPOINTMENT_6884,3,2,1,0.0,1.252,0,0,52.03,0
2127,PATUSER_014,patient,view_own_record,a8bef5c2-6743-79e8-8477-bc3b6244c334,2026-04-10 09:12:33,medical_record,MEDICAL_RECORD_4784,4,2,0,0.0,1.891,0,0,56.71,0
2128,DOC_002,doctor,update_diagnosis,cc4e166f-53eb-f57b-fb9c-72dddeeb448f,2026-04-08 03:41:18,condition,CONDITION_7444,9,18,1,0.1,1.614,0,0,50.04,0
2129,PATUSER_022,patient,book_appointment,f84719a0-d28d-ec20-64a8-a17992dcd9ac,2026-05-06 10:15:47,appointment,APPOINTMENT_2081,4,1,0,0.0,1.95,0,0,60.24,0
2130,ADM_003,admin,update_schedule,83948281-33ad-4a11-0a3d-04484caf2ab9,2026-05-13 02:30:27,schedule,SCHEDULE_8693,3,2,1,0.05,1.459,0,0,40.41,0
2131,PATUSER_012,patient,cancel_appointment,5dd32bff-9eaf-50ef-db4f-c6065be13792,2026-05-21 01:50:51,appointment,APPOINTMENT_1915,3,3,1,0.0,0.918,0,0,21.0,0
2132,PATUSER_021,patient,book_appointment,0369610a-4641-e2d5-80b2-844b2bd99f16,2026-03-29 12:12:44,appointment,APPOINTMENT_4428,1,3,0,0.0,1.837,0,0,34.01,0
2133,PATUSER_020,patient,view_own_record,d9044272-63af-eca3-2a0c-ec9f9c10a98f,2026-04-05 01:51:48,medical_record,MEDICAL_RECORD_9122,2,3,1,0.0,1.0,0,0,49.6,0
2134,PATUSER_011,patient,view_own_record,11b2d013-d581-7187-e88b-7a04781d307b,2026-04-17 04:20:30,medical_record,MEDICAL_RECORD_3132,4,3,1,0.0,1.5,0,0,8.63,0
2135,ADM_003,admin,manage_user,e126e379-083f-ea08-0358-303361acf072,2026-04-02 02:53:50,user,USER_1656,9,6,1,0.02,1.918,0,0,50.97,0
2136,PATUSER_006,patient,view_queue,7225d50f-9363-214e-02d6-3fdc2a246bdc,2026-04-25 12:08:50,queue,QUEUE_5540,6,1,0,0.0,1.842,0,0,69.72,0
2137,NUR_003,nurse,update_vitals,cc4e166f-53eb-f57b-fb9c-72dddeeb448f,2026-05-09 11:23:05,observation,OBSERVATION_8891,26,23,0,0.08,2.0,0,0,69.01,0
2138,NUR_004,nurse,update_queue,d1838618-2a96-9761-0b8d-89a92a022bcc,2026-03-29 09:07:57,appointment,APPOINTMENT_2041,23,9,0,0.04,1.95,0,0,20.67,0
2139,PATUSER_015,patient,book_appointment,42c1eb05-09a9-eeda-a957-d822de66c536,2026-04-01 12:17:30,appointment,APPOINTMENT_9656,1,2,0,0.0,1.5,0,0,49.13,0
2140,PATUSER_003,patient,view_queue,01974f36-ced2-c38e-32c5-1b09e1fe1638,2026-03-28 10:15:29,queue,QUEUE_7910,5,2,0,0.0,1.922,0,0,62.52,0
2141,DOC_013,doctor,view_observation,d1838618-2a96-9761-0b8d-89a92a022bcc,2026-05-02 11:39:39,observation,OBSERVATION_2455,5,13,0,0.2,1.495,0,0,63.43,0
2142,DOC_005,doctor,view_record,8fcbd58f-7e61-d74d-9b35-46d267ecbbd3,2026-04-22 05:46:57,medical_record,MEDICAL_RECORD_2884,10,11,1,0.17,0.722,0,0,39.44,0
2143,PATUSER_013,patient,view_queue,7bbc22dd-2b36-8b49-3bcc-14c25dafd13e,2026-04-05 07:06:45,queue,QUEUE_6812,6,2,0,0.0,1.842,0,0,52.5,0
2144,PATUSER_004,patient,view_queue,5dd32bff-9eaf-50ef-db4f-c6065be13792,2026-03-28 03:47:12,queue,QUEUE_8812,6,3,1,0.0,1.825,0,0,28.2,0
2145,ADM_001,admin,update_schedule,20f1f5b5-38be-6554-7a24-9fcc8d4bd6c4,2026-05-15 04:52:15,schedule,SCHEDULE_1016,6,5,1,0.04,1.685,0,0,10.4,0
2146,DOC_012,doctor,view_observation,8fcbd58f-7e61-d74d-9b35-46d267ecbbd3,2026-04-17 06:13:58,observation,OBSERVATION_6530,15,17,0,0.08,1.459,0,0,30.91,0
2147,DOC_001,doctor,create_prescription,8e21cb1f-b016-dda9-1d06-c920c24a0b37,2026-03-28 06:06:19,prescription,PRESCRIPTION_4609,24,3,0,0.17,1.971,0,0,15.63,0
2148,PATUSER_030,patient,cancel_appointment,6383af50-c8f6-0c22-1dd4-6ee2be572cb1,2026-04-04 08:01:07,appointment,APPOINTMENT_2827,2,1,0,0.0,1.936,0,0,59.32,0
2149,PATUSER_030,patient,view_queue,21b4ddc5-081e-1ecd-3573-f2ea42677b66,2026-05-18 07:21:58,queue,QUEUE_4321,4,1,0,0.0,1.352,0,0,8.82,0
2150,DOC_007,doctor,view_record,2b31de7e-3596-37c7-1d46-db12d82e73ef,2026-04-29 04:55:46,medical_record,MEDICAL_RECORD_9406,18,17,1,0.01,0.971,0,0,32.11,0
2151,PATUSER_018,patient,book_appointment,20f1f5b5-38be-6554-7a24-9fcc8d4bd6c4,2026-04-10 09:15:42,appointment,APPOINTMENT_1200,5,2,0,0.0,1.392,0,0,36.66,0
2152,PATUSER_025,patient,view_queue,d7b30817-a7e4-d7c5-8582-63d251b6f98c,2026-05-16 09:48:06,queue,QUEUE_7302,6,2,0,0.0,1.5,0,0,27.71,0
2153,PATUSER_004,patient,view_queue,a2ff83e0-2cc0-50a4-b008-52a1add72ced,2026-05-12 12:13:02,queue,QUEUE_4931,6,1,0,0.0,2.0,0,0,27.93,0
2154,PATUSER_004,patient,view_record,10751dec-9152-b658-beeb-ba433fbb9213,2026-05-05 18:32:52,medical_record,MEDICAL_RECORD_4953,38,56,0,0.74,1.961,1,1,170.3,1
2155,ADM_003,admin,view_report,21b4ddc5-081e-1ecd-3573-f2ea42677b66,2026-04-12 01:04:45,report,REPORT_2190,2,4,1,0.09,1.891,0,0,26.27,0
2156,PATUSER_015,patient,view_queue,4f74c441-7628-4f98-82a7-f4c99d926736,2026-05-07 02:30:09,queue,QUEUE_3492,4,3,1,0.0,1.459,0,0,6.48,0
2157,PATUSER_029,patient,view_own_record,3844e0c5-14c7-8f87-19b0-8f769b3bdd70,2026-04-15 03:14:02,medical_record,MEDICAL_RECORD_3894,1,2,1,0.0,1.891,0,0,37.82,0
2158,NUR_004,nurse,update_vitals,d1838618-2a96-9761-0b8d-89a92a022bcc,2026-03-30 00:54:51,observation,OBSERVATION_9291,15,7,1,0.02,1.784,0,0,57.25,0
2159,DOC_014,doctor,view_observation,1f534514-2f45-191e-04b4-ad9e93bdf422,2026-04-08 05:39:45,observation,OBSERVATION_6012,7,4,1,0.02,1.252,0,0,65.28,0
2160,PATUSER_030,patient,cancel_appointment,1f534514-2f45-191e-04b4-ad9e93bdf422,2026-05-11 06:49:45,appointment,APPOINTMENT_6133,5,1,0,0.0,1.5,0,0,51.11,0
2161,PATUSER_017,patient,cancel_appointment,1c39de5b-289a-3a1a-669b-2f756efb8bcb,2026-05-19 07:32:42,appointment,APPOINTMENT_2923,4,3,0,0.0,1.784,0,0,11.98,0
2162,PATUSER_005,patient,book_appointment,744a7169-4e89-61ff-27f2-3c736abf4368,2026-04-11 02:41:45,appointment,APPOINTMENT_6339,3,1,1,0.0,1.918,0,0,55.22,0
2163,PATUSER_003,patient,view_own_record,e60a6ecc-5639-5800-4bf2-8e8a2865e55c,2026-04-20 01:11:45,medical_record,MEDICAL_RECORD_9509,4,1,1,0.0,1.891,0,0,31.17,0
2164,ADM_003,admin,update_schedule,45f758c8-34c3-3fa5-41f9-5906127ba1bd,2026-03-26 12:15:56,schedule,SCHEDULE_9578,7,8,0,0.04,1.792,0,0,18.25,0
2165,DOC_004,doctor,view_record,21b4ddc5-081e-1ecd-3573-f2ea42677b66,2026-04-20 08:55:52,medical_record,MEDICAL_RECORD_8360,9,7,0,0.09,1.522,0,0,70.6,0
2166,PATUSER_023,patient,view_audit,45f758c8-34c3-3fa5-41f9-5906127ba1bd,2026-04-23 18:25:50,audit,AUDIT_6452,88,39,0,0.9,1.846,1,1,401.16,1
2167,NUR_001,nurse,update_queue,ed1c3b46-34b9-221b-cb10-682e9ed9ddbd,2026-05-05 09:17:18,appointment,APPOINTMENT_6368,26,23,0,0.09,1.826,0,0,17.31,0
2168,ADM_003,admin,view_report,d1e9c67e-e701-dbf5-aa21-bb9ae3751b97,2026-05-13 02:53:22,report,REPORT_7161,4,0,1,0.05,1.906,0,0,19.39,0
2169,DOC_003,doctor,view_observation,820d39a0-d304-2b9d-25a8-d705deede745,2026-05-06 07:21:02,observation,OBSERVATION_9116,23,9,0,0.13,1.918,0,0,10.2,0
2170,PATUSER_026,patient,cancel_appointment,4bab2d0f-4783-619c-46b2-f656667ffb67,2026-04-18 01:04:50,appointment,APPOINTMENT_3754,2,2,1,0.0,1.846,0,0,49.38,0
2171,PATUSER_011,patient,view_queue,a2ff83e0-2cc0-50a4-b008-52a1add72ced,2026-05-12 09:28:02,queue,QUEUE_3857,5,3,0,0.0,1.522,0,0,5.12,0
2172,DOC_014,doctor,update_diagnosis,11b2d013-d581-7187-e88b-7a04781d307b,2026-04-10 01:17:18,condition,CONDITION_9099,12,16,1,0.11,1.842,0,0,28.36,0
2173,PATUSER_007,patient,view_own_record,21b4ddc5-081e-1ecd-3573-f2ea42677b66,2026-05-07 04:26:01,medical_record,MEDICAL_RECORD_7157,5,1,1,0.0,2.0,0,0,10.09,0
2174,PATUSER_008,patient,view_own_record,3844e0c5-14c7-8f87-19b0-8f769b3bdd70,2026-03-29 05:18:02,medical_record,MEDICAL_RECORD_8221,2,1,1,0.0,1.936,0,0,43.93,0
2175,NUR_005,nurse,register_walkin,6367a5b3-1689-57b4-634f-693bb600e552,2026-04-22 04:17:17,appointment,APPOINTMENT_9733,9,10,1,0.08,1.811,0,0,10.05,0
2176,NUR_006,nurse,view_appointment,dd55f477-af88-4543-f8c0-dca25a96c4cb,2026-04-02 03:21:58,appointment,APPOINTMENT_8531,8,19,1,0.03,1.157,0,0,13.14,0
2177,PATUSER_014,patient,book_appointment,4bab2d0f-4783-619c-46b2-f656667ffb67,2026-04-03 02:39:03,appointment,APPOINTMENT_1524,3,1,1,0.0,1.5,0,0,65.72,0
2178,DOC_012,doctor,update_diagnosis,e126e379-083f-ea08-0358-303361acf072,2026-03-24 20:31:24,condition,CONDITION_3567,76,76,0,0.83,1.761,0,0,369.76,1
2179,DOC_003,doctor,view_observation,01974f36-ced2-c38e-32c5-1b09e1fe1638,2026-05-11 05:20:26,observation,OBSERVATION_7901,16,4,1,0.15,1.837,0,0,43.6,0
2180,DOC_009,doctor,view_record,fb36d3d9-666c-c4c2-bb96-c9195538d4df,2026-04-25 01:41:31,medical_record,MEDICAL_RECORD_3057,6,12,1,0.19,1.522,0,0,31.45,0
2181,DOC_002,doctor,create_prescription,c72a8c6e-1dfd-0a8b-20e7-066eadd4931c,2026-04-12 07:26:59,prescription,PRESCRIPTION_6528,11,4,0,0.19,1.522,0,0,63.44,0
2182,NUR_001,nurse,view_appointment,a992fe7d-cd9b-0ace-6e0b-f6f0b5f01fc3,2026-04-24 00:43:41,appointment,APPOINTMENT_1717,15,18,1,0.03,1.826,0,0,71.92,0
2183,DOC_006,doctor,view_record,717861a2-ab2b-2d2a-6a8f-6388dbff69d2,2026-04-08 07:02:45,medical_record,MEDICAL_RECORD_3301,21,10,0,0.14,1.658,0,0,30.39,0
2184,DOC_014,doctor,view_record,d1838618-2a96-9761-0b8d-89a92a022bcc,2026-04-19 02:13:30,medical_record,MEDICAL_RECORD_6628,17,14,1,0.02,1.522,0,0,70.19,0
2185,DOC_008,doctor,update_diagnosis,1c39de5b-289a-3a1a-669b-2f756efb8bcb,2026-05-15 11:27:46,condition,CONDITION_4215,23,8,0,0.09,1.522,0,0,38.12,0
2186,PATUSER_022,patient,view_queue,8c562216-cb73-0829-2fa4-123468939df6,2026-05-14 06:36:29,queue,QUEUE_1489,3,2,0,0.0,1.5,0,0,57.04,0
2187,PATUSER_029,patient,cancel_appointment,8db9c819-1c0b-c9a9-3e31-4b85f52201d2,2026-03-30 10:42:47,appointment,APPOINTMENT_4569,3,1,0,0.0,1.459,0,0,31.36,0
2188,DOC_005,doctor,view_record,6367a5b3-1689-57b4-634f-693bb600e552,2026-04-03 06:07:08,medical_record,MEDICAL_RECORD_3277,23,14,0,0.08,1.846,0,0,72.27,0
2189,PATUSER_013,patient,view_own_record,047f3ed4-bdea-7cd6-6e80-8537a3979cc6,2026-04-30 06:59:39,medical_record,MEDICAL_RECORD_4245,6,1,0,0.0,1.837,0,0,59.83,0
2190,PATUSER_002,patient,view_record,8fcbd58f-7e61-d74d-9b35-46d267ecbbd3,2026-04-16 18:36:50,medical_record,MEDICAL_RECORD_4055,42,51,0,0.67,2.236,1,1,123.83,1
2191,DOC_012,doctor,view_record,a8bef5c2-6743-79e8-8477-bc3b6244c334,2026-03-31 09:50:44,medical_record,MEDICAL_RECORD_9899,16,12,0,0.2,1.884,0,0,23.61,0
2192,DOC_011,doctor,view_observation,d9044272-63af-eca3-2a0c-ec9f9c10a98f,2026-04-12 06:50:46,observation,OBSERVATION_1949,16,16,0,0.21,1.677,0,0,9.26,0
2193,PATUSER_023,patient,book_appointment,b23941a4-269e-2ac4-8ced-75d1ac8b1b1d,2026-04-16 10:56:25,appointment,APPOINTMENT_6465,3,1,0,0.0,1.826,0,0,62.97,0
2194,DOC_010,doctor,view_record,d1838618-2a96-9761-0b8d-89a92a022bcc,2026-04-27 18:14:36,medical_record,MEDICAL_RECORD_1245,78,75,0,0.89,1.918,1,0,221.2,1
2195,PATUSER_022,patient,view_own_record,d9044272-63af-eca3-2a0c-ec9f9c10a98f,2026-03-31 04:13:56,medical_record,MEDICAL_RECORD_8507,1,1,1,0.0,1.617,0,0,41.91,0
2196,DOC_003,doctor,view_observation,c72a8c6e-1dfd-0a8b-20e7-066eadd4931c,2026-05-01 07:34:25,observation,OBSERVATION_2907,14,12,0,0.08,1.379,0,0,6.71,0
2197,PATUSER_025,patient,view_queue,88f931d5-4cfa-4be9-c6be-738d5fc8c215,2026-05-02 10:47:07,queue,QUEUE_1702,3,3,0,0.0,1.296,0,0,33.92,0
2198,DOC_013,doctor,view_observation,9b5ce034-80bf-4c6b-f400-3a89fc0d135b,2026-05-12 10:47:12,observation,OBSERVATION_9492,24,5,0,0.13,1.906,0,0,27.85,0
2199,PATUSER_017,patient,view_own_record,12a088f3-264b-6a9f-9a57-678747110969,2026-05-05 03:07:16,medical_record,MEDICAL_RECORD_8713,5,3,1,0.0,0.811,0,0,61.75,0
2200,PATUSER_026,patient,view_audit,219c0f88-2190-9af2-4122-bcf1c4f4a0bf,2026-04-10 16:13:11,audit,AUDIT_6643,52,31,0,0.94,1.823,1,1,344.81,1
2201,PATUSER_019,patient,view_own_record,88f931d5-4cfa-4be9-c6be-738d5fc8c215,2026-03-31 02:13:47,medical_record,MEDICAL_RECORD_6112,4,3,1,0.0,1.971,0,0,33.98,0
2202,DOC_008,doctor,create_prescription,1c39de5b-289a-3a1a-669b-2f756efb8bcb,2026-03-29 06:07:35,prescription,PRESCRIPTION_1742,16,16,0,0.19,1.888,0,0,70.61,0
2203,DOC_008,doctor,update_diagnosis,42c1eb05-09a9-eeda-a957-d822de66c536,2026-05-21 10:53:29,condition,CONDITION_2074,16,18,0,0.11,1.959,0,0,12.28,0
2204,PATUSER_005,patient,view_queue,12a088f3-264b-6a9f-9a57-678747110969,2026-04-07 12:15:20,queue,QUEUE_8396,4,1,0,0.0,1.842,0,0,61.81,0
2205,DOC_009,doctor,create_prescription,8c562216-cb73-0829-2fa4-123468939df6,2026-04-11 10:02:36,prescription,PRESCRIPTION_4333,11,3,0,0.07,1.846,1,0,21.04,0
2206,DOC_015,doctor,view_record,10751dec-9152-b658-beeb-ba433fbb9213,2026-04-29 07:30:52,medical_record,MEDICAL_RECORD_4278,9,8,0,0.14,1.449,0,0,59.67,0
2207,PATUSER_001,patient,view_own_record,917ffe5d-46b2-36f1-0de8-35e5ed017fa7,2026-05-22 07:12:59,medical_record,MEDICAL_RECORD_9695,1,3,0,0.0,1.888,0,0,40.26,0
2208,PATUSER_008,patient,update_diagnosis,b4679b26-64ac-c348-6667-1e9093ae866f,2026-03-28 18:38:02,condition,CONDITION_4011,79,21,0,0.73,2.128,0,1,245.23,1
2209,PATUSER_026,patient,cancel_appointment,671064b5-039b-51a8-7e40-8e6baa0a7e35,2026-04-09 09:19:18,appointment,APPOINTMENT_3609,1,2,0,0.0,1.988,0,0,29.39,0
2210,DOC_015,doctor,view_observation,e126e379-083f-ea08-0358-303361acf072,2026-04-25 11:28:34,observation,OBSERVATION_8168,17,18,0,0.12,1.922,0,0,45.32,0
2211,DOC_007,doctor,update_diagnosis,bee08b10-0c18-396e-9f8a-03e41691509b,2026-04-26 02:47:54,condition,CONDITION_8407,6,9,1,0.17,1.842,0,0,43.39,0
2212,PATUSER_005,patient,cancel_appointment,cc4e166f-53eb-f57b-fb9c-72dddeeb448f,2026-05-04 00:31:14,appointment,APPOINTMENT_7802,6,2,1,0.0,1.846,0,0,18.18,0
2213,PATUSER_001,patient,cancel_appointment,c72a8c6e-1dfd-0a8b-20e7-066eadd4931c,2026-04-20 04:15:34,appointment,APPOINTMENT_9594,6,1,1,0.0,1.406,0,0,63.4,0
2214,ADM_002,admin,manage_user,843d8b33-f833-1324-2aa6-e07c91e49204,2026-04-22 11:44:48,user,USER_7388,11,4,0,0.1,1.76,0,0,33.98,0
2215,PATUSER_007,patient,cancel_appointment,843d8b33-f833-1324-2aa6-e07c91e49204,2026-05-14 03:04:04,appointment,APPOINTMENT_8178,1,2,1,0.0,1.922,0,0,17.11,0
2216,PATUSER_022,patient,view_own_record,d1e9c67e-e701-dbf5-aa21-bb9ae3751b97,2026-04-13 02:40:00,medical_record,MEDICAL_RECORD_6223,5,2,1,0.0,1.522,1,0,63.38,0
2217,NUR_006,nurse,update_vitals,7f857501-0257-2c7f-2e8f-9886705681f3,2026-05-22 00:27:24,observation,OBSERVATION_3975,24,19,1,0.09,1.888,0,0,62.79,0
2218,ADM_001,admin,update_schedule,754c6983-a899-1c3c-f51d-2af172b88b91,2026-04-07 02:06:38,schedule,SCHEDULE_7460,8,5,1,0.04,1.522,0,0,38.23,0
2219,DOC_004,doctor,update_diagnosis,2faf5170-7c17-9c76-c091-5349b5ecad23,2026-04-01 05:30:05,condition,CONDITION_2907,15,18,1,0.05,1.5,0,0,58.42,0
2220,PATUSER_002,patient,view_queue,42c1eb05-09a9-eeda-a957-d822de66c536,2026-04-18 10:51:30,queue,QUEUE_2497,1,3,0,0.0,1.0,0,0,73.84,0
2221,PATUSER_008,patient,view_queue,c5d42b3b-72de-b953-545d-1de4cf59d279,2026-04-15 03:55:50,queue,QUEUE_1350,2,3,1,0.0,1.837,0,0,62.18,0
2222,ADM_002,admin,update_schedule,2925a752-da6a-ef1f-31aa-68b0c2ff5027,2026-05-01 08:51:53,schedule,SCHEDULE_9479,10,2,0,0.08,1.5,0,0,54.31,0
2223,PATUSER_011,patient,view_audit,820d39a0-d304-2b9d-25a8-d705deede745,2026-04-26 16:54:45,audit,AUDIT_8375,53,60,0,0.66,1.922,1,1,414.34,1
2224,PATUSER_015,patient,view_record,9e25d332-9229-0803-ad9f-ca235142458e,2026-05-01 18:08:13,medical_record,MEDICAL_RECORD_6412,45,61,0,0.89,1.906,1,1,182.49,1
2225,PATUSER_029,patient,cancel_appointment,45f758c8-34c3-3fa5-41f9-5906127ba1bd,2026-04-19 09:51:19,appointment,APPOINTMENT_2207,5,1,0,0.0,1.784,0,0,38.28,0
2226,PATUSER_017,patient,view_queue,4ca3be26-4f97-27f0-32fa-6ea155eba23a,2026-04-24 01:51:00,queue,QUEUE_2303,1,2,1,0.0,1.392,0,0,32.93,0
2227,PATUSER_013,patient,book_appointment,e8b56457-438e-7a2e-04ee-e0b2ec149f61,2026-03-26 06:20:07,appointment,APPOINTMENT_8321,3,2,0,0.0,1.753,0,0,13.28,0
2228,PATUSER_001,patient,view_queue,fb36d3d9-666c-c4c2-bb96-c9195538d4df,2026-05-17 01:59:07,queue,QUEUE_1625,2,3,1,0.0,1.971,0,0,39.08,0
2229,PATUSER_023,patient,cancel_appointment,b09b332a-a8b1-5541-6855-d6420f922505,2026-04-10 09:55:46,appointment,APPOINTMENT_2044,3,3,0,0.0,1.79,0,0,24.7,0
2230,DOC_004,doctor,update_diagnosis,c95c96d5-ac6e-6ab6-143b-6da3e3923f39,2026-03-30 05:22:08,condition,CONDITION_1304,19,8,1,0.12,1.988,0,0,8.84,0
2231,PATUSER_011,patient,view_queue,e7fccc97-5df9-b27f-8322-44fd5b624936,2026-04-16 05:27:35,queue,QUEUE_2098,5,2,1,0.0,1.669,0,0,5.03,0
2232,PATUSER_009,patient,view_queue,9cefc3e8-33f8-beac-d280-fb10e474151c,2026-03-29 06:52:26,queue,QUEUE_3333,4,3,0,0.0,1.557,0,0,58.57,0
2233,PATUSER_023,patient,cancel_appointment,668a10b4-c005-0df3-522e-b068e0d29ea9,2026-03-26 03:05:45,appointment,APPOINTMENT_5407,3,3,1,0.0,1.685,0,0,41.1,0
2234,PATUSER_027,patient,view_own_record,ad37dc95-561f-9348-6577-eff9b22d47c2,2026-05-05 04:55:53,medical_record,MEDICAL_RECORD_9700,5,3,1,0.0,0.811,0,0,12.22,0
2235,PATUSER_015,patient,book_appointment,dda456b9-cd60-e91b-8a88-fd381a9e4611,2026-05-16 04:27:51,appointment,APPOINTMENT_2304,5,1,1,0.0,1.895,0,0,69.2,0
2236,PATUSER_014,patient,cancel_appointment,3c6d02df-84f2-f9e2-8e09-852349757293,2026-03-25 03:44:26,appointment,APPOINTMENT_3859,2,1,1,0.0,1.753,0,0,27.13,0
2237,PATUSER_006,patient,book_appointment,12a088f3-264b-6a9f-9a57-678747110969,2026-04-09 12:19:50,appointment,APPOINTMENT_3871,5,3,0,0.0,1.95,0,0,61.3,0
2238,PATUSER_012,patient,view_own_record,e8b56457-438e-7a2e-04ee-e0b2ec149f61,2026-04-07 11:31:03,medical_record,MEDICAL_RECORD_7039,3,1,0,0.0,1.522,0,0,24.69,0
2239,PATUSER_028,patient,cancel_appointment,a2ff83e0-2cc0-50a4-b008-52a1add72ced,2026-04-12 04:54:16,appointment,APPOINTMENT_3843,6,2,1,0.0,1.918,0,0,67.52,0
2240,PATUSER_003,patient,book_appointment,4ca3be26-4f97-27f0-32fa-6ea155eba23a,2026-05-09 10:59:26,appointment,APPOINTMENT_6564,1,1,0,0.0,0.971,0,0,71.04,0
2241,PATUSER_028,patient,book_appointment,4f74c441-7628-4f98-82a7-f4c99d926736,2026-05-17 03:01:11,appointment,APPOINTMENT_9303,3,3,1,0.0,1.5,0,0,62.29,0
2242,NUR_004,nurse,update_vitals,155649eb-5d3e-41ca-5a2c-78972a1721f4,2026-05-07 07:44:08,observation,OBSERVATION_2279,18,8,0,0.03,1.614,0,0,59.22,0
2243,DOC_009,doctor,update_diagnosis,a992fe7d-cd9b-0ace-6e0b-f6f0b5f01fc3,2026-05-12 21:03:58,condition,CONDITION_4733,36,62,0,0.86,1.79,1,0,152.59,1
2244,PATUSER_024,patient,cancel_appointment,fb36d3d9-666c-c4c2-bb96-c9195538d4df,2026-05-07 04:27:32,appointment,APPOINTMENT_9134,3,1,1,0.0,1.918,0,0,53.16,0
2245,NUR_001,nurse,update_diagnosis,d7b30817-a7e4-d7c5-8582-63d251b6f98c,2026-05-03 19:13:17,condition,CONDITION_6968,78,32,0,0.84,2.252,0,1,191.97,1
2246,PATUSER_025,patient,cancel_appointment,ed1c3b46-34b9-221b-cb10-682e9ed9ddbd,2026-05-02 11:57:52,appointment,APPOINTMENT_6752,3,3,0,0.0,1.837,0,0,62.33,0
2247,DOC_006,doctor,create_prescription,d998bd61-bed8-3eb5-dcb5-297579cf936f,2026-05-14 09:23:02,prescription,PRESCRIPTION_1290,21,14,0,0.17,1.95,0,0,42.15,0
2248,PATUSER_029,patient,view_queue,dd0de87d-2596-9c38-a834-6f5246a48a51,2026-05-04 04:55:29,queue,QUEUE_6377,3,2,1,0.0,1.252,0,0,27.36,0
2249,DOC_004,doctor,create_prescription,d1838618-2a96-9761-0b8d-89a92a022bcc,2026-03-27 08:42:54,prescription,PRESCRIPTION_1341,6,7,0,0.01,1.5,0,0,73.71,0
2250,PATUSER_016,patient,book_appointment,2faf5170-7c17-9c76-c091-5349b5ecad23,2026-03-27 04:35:48,appointment,APPOINTMENT_9870,5,2,1,0.0,1.906,0,0,39.65,0
2251,PATUSER_017,patient,book_appointment,b09b332a-a8b1-5541-6855-d6420f922505,2026-05-12 10:52:00,appointment,APPOINTMENT_1478,1,1,0,0.0,1.834,0,0,9.05,0
2252,PATUSER_007,patient,book_appointment,843d8b33-f833-1324-2aa6-e07c91e49204,2026-05-08 04:11:30,appointment,APPOINTMENT_2311,3,1,1,0.0,1.379,0,0,34.42,0
2253,PATUSER_016,patient,view_own_record,9e25d332-9229-0803-ad9f-ca235142458e,2026-03-28 04:20:00,medical_record,MEDICAL_RECORD_1617,2,1,1,0.0,1.922,0,0,74.24,0
2254,PATUSER_011,patient,view_queue,0e697a7b-149b-602d-af6f-7e76ca18c5d7,2026-04-25 04:34:42,queue,QUEUE_1790,2,3,1,0.0,1.5,0,0,21.46,0
2255,PATUSER_026,patient,book_appointment,843d8b33-f833-1324-2aa6-e07c91e49204,2026-03-29 06:42:36,appointment,APPOINTMENT_1416,4,3,0,0.0,1.522,0,0,68.55,0
2256,PATUSER_008,patient,view_own_record,01974f36-ced2-c38e-32c5-1b09e1fe1638,2026-04-23 07:30:16,medical_record,MEDICAL_RECORD_4690,5,3,0,0.0,1.522,0,0,55.85,0
2257,PATUSER_027,patient,cancel_appointment,4ca3be26-4f97-27f0-32fa-6ea155eba23a,2026-05-13 06:58:28,appointment,APPOINTMENT_9846,6,2,0,0.0,1.922,0,0,27.41,0
2258,PATUSER_021,patient,cancel_appointment,e7fccc97-5df9-b27f-8322-44fd5b624936,2026-04-14 06:19:42,appointment,APPOINTMENT_1035,2,1,0,0.0,1.906,0,0,42.66,0
2259,DOC_002,doctor,view_observation,155649eb-5d3e-41ca-5a2c-78972a1721f4,2026-05-15 07:45:19,observation,OBSERVATION_4153,16,13,0,0.06,1.846,0,0,61.87,0
2260,PATUSER_029,patient,view_queue,1290bba5-c164-4273-9694-c3ce92270ef2,2026-04-08 09:09:44,queue,QUEUE_4795,2,1,0,0.0,1.784,0,0,72.05,0
2261,DOC_004,doctor,view_observation,d1838618-2a96-9761-0b8d-89a92a022bcc,2026-04-27 05:32:29,observation,OBSERVATION_8929,19,18,1,0.03,1.888,0,0,36.17,0
2262,DOC_013,doctor,view_observation,e126e379-083f-ea08-0358-303361acf072,2026-04-27 08:07:56,observation,OBSERVATION_4136,8,5,0,0.0,1.685,0,0,70.52,0
2263,PATUSER_016,patient,view_queue,10751dec-9152-b658-beeb-ba433fbb9213,2026-04-28 03:04:22,queue,QUEUE_8871,3,1,1,0.0,1.823,0,0,36.1,0
2264,PATUSER_023,patient,cancel_appointment,a8bef5c2-6743-79e8-8477-bc3b6244c334,2026-05-09 02:07:32,appointment,APPOINTMENT_9049,3,3,1,0.0,1.981,0,0,66.73,0
2265,DOC_010,doctor,update_diagnosis,ed1c3b46-34b9-221b-cb10-682e9ed9ddbd,2026-05-07 10:10:09,condition,CONDITION_4034,18,5,0,0.15,1.95,0,0,72.52,0
2266,PATUSER_011,patient,view_queue,c5d42b3b-72de-b953-545d-1de4cf59d279,2026-03-28 09:09:22,queue,QUEUE_4277,1,2,0,0.0,1.842,0,0,56.04,0
2267,NUR_003,nurse,update_vitals,c95c96d5-ac6e-6ab6-143b-6da3e3923f39,2026-04-22 04:06:09,observation,OBSERVATION_7351,21,13,1,0.04,1.75,0,0,53.47,0
2268,DOC_010,doctor,update_diagnosis,4f0c6acb-066b-1f8d-228d-5e5a973d1fef,2026-04-02 09:05:09,condition,CONDITION_3822,20,12,0,0.05,1.918,0,0,25.02,0
2269,PATUSER_013,patient,view_own_record,047f3ed4-bdea-7cd6-6e80-8537a3979cc6,2026-04-29 01:45:51,medical_record,MEDICAL_RECORD_3140,4,3,1,0.0,1.825,0,0,54.67,0
2270,PATUSER_018,patient,view_own_record,1c39de5b-289a-3a1a-669b-2f756efb8bcb,2026-04-10 09:17:35,medical_record,MEDICAL_RECORD_9454,4,2,0,0.0,1.823,0,0,20.61,0
2271,PATUSER_027,patient,view_own_record,57b901cb-d3d2-258c-2773-57008eb32345,2026-04-23 01:32:44,medical_record,MEDICAL_RECORD_6359,4,3,1,0.0,1.459,0,0,38.37,0
2272,DOC_001,doctor,view_observation,2d457e3d-90cb-357e-f7e0-3014068d2f29,2026-04-20 05:52:48,observation,OBSERVATION_9778,19,11,1,0.15,1.868,0,0,71.85,0
2273,PATUSER_025,patient,book_appointment,0e697a7b-149b-602d-af6f-7e76ca18c5d7,2026-05-22 05:42:52,appointment,APPOINTMENT_2767,5,2,1,0.0,1.906,0,0,49.6,0
2274,PATUSER_007,patient,view_own_record,4bab2d0f-4783-619c-46b2-f656667ffb67,2026-05-05 06:16:06,medical_record,MEDICAL_RECORD_4643,3,2,0,0.0,1.371,0,0,23.34,0
2275,PATUSER_012,patient,book_appointment,d1e9c67e-e701-dbf5-aa21-bb9ae3751b97,2026-05-15 10:47:02,appointment,APPOINTMENT_8248,1,3,0,0.0,1.561,0,0,45.39,0
2276,PATUSER_007,patient,view_own_record,d20dc49f-5674-961e-a123-6e3000654b95,2026-05-17 06:03:35,medical_record,MEDICAL_RECORD_1732,4,3,0,0.0,1.868,0,0,28.67,0
2277,PATUSER_001,patient,cancel_appointment,10751dec-9152-b658-beeb-ba433fbb9213,2026-03-27 01:36:13,appointment,APPOINTMENT_6226,5,3,1,0.0,1.449,0,0,27.81,0
2278,PATUSER_011,patient,view_queue,c95c96d5-ac6e-6ab6-143b-6da3e3923f39,2026-04-14 02:52:40,queue,QUEUE_9908,5,1,1,0.0,1.5,0,0,21.66,0
2279,DOC_002,doctor,create_prescription,2d457e3d-90cb-357e-f7e0-3014068d2f29,2026-04-23 02:00:38,prescription,PRESCRIPTION_9886,21,3,1,0.0,1.522,0,0,5.03,0
2280,DOC_005,doctor,view_observation,047f3ed4-bdea-7cd6-6e80-8537a3979cc6,2026-04-18 07:07:54,observation,OBSERVATION_2110,23,8,0,0.21,1.371,0,0,54.53,0
2281,PATUSER_013,patient,book_appointment,1c39de5b-289a-3a1a-669b-2f756efb8bcb,2026-04-23 01:12:37,appointment,APPOINTMENT_9813,4,1,1,0.0,1.459,0,0,52.53,0
2282,PATUSER_025,patient,view_queue,f8540aed-49fc-9dd6-b195-288635b1d17a,2026-05-05 05:07:46,queue,QUEUE_9592,5,1,1,0.0,1.891,0,0,32.33,0
2283,PATUSER_008,patient,book_appointment,4ca3be26-4f97-27f0-32fa-6ea155eba23a,2026-05-05 03:00:21,appointment,APPOINTMENT_6262,5,3,1,0.0,1.922,0,0,33.0,0
2284,PATUSER_011,patient,view_own_record,717861a2-ab2b-2d2a-6a8f-6388dbff69d2,2026-04-11 04:13:06,medical_record,MEDICAL_RECORD_8667,1,3,1,0.0,1.5,0,0,46.09,0
2285,PATUSER_012,patient,view_own_record,047f3ed4-bdea-7cd6-6e80-8537a3979cc6,2026-04-11 10:48:23,medical_record,MEDICAL_RECORD_1703,2,3,0,0.0,1.784,0,0,37.49,0
2286,PATUSER_029,patient,view_audit,5e236a28-42bb-348c-3267-03ed1a052b40,2026-05-10 18:01:22,audit,AUDIT_4445,61,31,0,0.83,2.04,1,1,411.05,1
2287,PATUSER_024,patient,book_appointment,744a7169-4e89-61ff-27f2-3c736abf4368,2026-04-15 05:49:21,appointment,APPOINTMENT_2822,4,2,1,0.0,1.837,0,0,51.03,0
2288,DOC_009,doctor,update_diagnosis,d5d8b210-bca5-a9ce-0711-3d09468bfe47,2026-05-14 06:57:12,condition,CONDITION_1651,9,11,0,0.15,1.5,0,0,50.19,0
2289,PATUSER_001,patient,view_own_record,8e21cb1f-b016-dda9-1d06-c920c24a0b37,2026-05-03 07:50:20,medical_record,MEDICAL_RECORD_6460,2,2,0,0.0,1.936,0,0,59.68,0
2290,PATUSER_004,patient,view_own_record,671064b5-039b-51a8-7e40-8e6baa0a7e35,2026-03-27 09:12:13,medical_record,MEDICAL_RECORD_3205,5,1,0,0.0,1.449,0,0,11.61,0
2291,DOC_003,doctor,update_diagnosis,7bbc22dd-2b36-8b49-3bcc-14c25dafd13e,2026-04-23 02:41:42,condition,CONDITION_6304,11,3,1,0.07,1.459,0,0,38.37,0
2292,ADM_003,admin,update_schedule,668a10b4-c005-0df3-522e-b068e0d29ea9,2026-04-27 05:37:11,schedule,SCHEDULE_6626,2,6,1,0.08,1.5,0,0,72.74,0
2293,ADM_001,admin,view_report,d9044272-63af-eca3-2a0c-ec9f9c10a98f,2026-04-02 11:03:45,report,REPORT_4473,6,5,0,0.08,1.384,0,0,36.13,0
2294,PATUSER_024,patient,view_own_record,e1571870-cf37-1c6b-c97f-c4ab9a32b172,2026-04-27 00:33:06,medical_record,MEDICAL_RECORD_6336,4,3,1,0.0,1.922,0,0,50.41,0
2295,PATUSER_012,patient,book_appointment,a24f1dcf-ef87-f609-183a-d00bcc9b7292,2026-05-20 03:26:10,appointment,APPOINTMENT_7183,5,3,1,0.0,1.299,0,0,51.56,0
2296,PATUSER_004,patient,view_own_record,820d39a0-d304-2b9d-25a8-d705deede745,2026-05-19 08:04:02,medical_record,MEDICAL_RECORD_7396,3,1,0,0.0,1.95,0,0,63.09,0
2297,PATUSER_020,patient,view_queue,744a7169-4e89-61ff-27f2-3c736abf4368,2026-05-04 09:13:34,queue,QUEUE_3663,5,1,0,0.0,1.784,0,0,34.25,0
2298,PATUSER_022,patient,view_record,e94fc8e2-b867-5164-0607-5e5eb581b150,2026-05-19 15:46:41,medical_record,MEDICAL_RECORD_6219,63,73,0,0.84,2.322,0,1,312.06,1
2299,PATUSER_020,patient,cancel_appointment,57b901cb-d3d2-258c-2773-57008eb32345,2026-05-23 04:48:08,appointment,APPOINTMENT_9493,1,1,1,0.0,1.959,0,0,74.65,0
2300,NUR_001,nurse,view_appointment,668a10b4-c005-0df3-522e-b068e0d29ea9,2026-03-31 03:37:16,appointment,APPOINTMENT_5734,11,22,1,0.08,1.406,0,0,45.71,0
2301,ADM_001,admin,update_schedule,820d39a0-d304-2b9d-25a8-d705deede745,2026-04-11 08:15:42,schedule,SCHEDULE_3192,3,1,0,0.08,1.522,0,0,61.77,0
2302,PATUSER_007,patient,view_own_record,d5d8b210-bca5-a9ce-0711-3d09468bfe47,2026-04-02 03:00:16,medical_record,MEDICAL_RECORD_7354,2,1,1,0.0,1.0,0,0,49.38,0
2303,DOC_015,doctor,view_observation,0369610a-4641-e2d5-80b2-844b2bd99f16,2026-04-07 04:42:15,observation,OBSERVATION_2550,11,9,1,0.06,1.971,0,0,17.7,0
2304,ADM_002,admin,manage_user,a992fe7d-cd9b-0ace-6e0b-f6f0b5f01fc3,2026-05-05 01:39:11,user,USER_5707,6,3,1,0.09,1.784,0,0,11.67,0
2305,PATUSER_017,patient,cancel_appointment,cc4e166f-53eb-f57b-fb9c-72dddeeb448f,2026-05-15 03:19:26,appointment,APPOINTMENT_4697,3,1,1,0.0,1.5,0,0,69.93,0
2306,PATUSER_015,patient,view_audit,1f534514-2f45-191e-04b4-ad9e93bdf422,2026-05-17 19:06:39,audit,AUDIT_6479,58,61,0,0.83,2.25,1,1,160.56,1
2307,ADM_002,admin,manage_user,dd0de87d-2596-9c38-a834-6f5246a48a51,2026-04-29 06:43:25,user,USER_3060,5,8,0,0.04,1.988,0,0,41.81,0
2308,PATUSER_001,patient,view_queue,1290bba5-c164-4273-9694-c3ce92270ef2,2026-05-20 01:24:52,queue,QUEUE_7756,5,3,1,0.0,1.522,0,0,26.28,0
2309,PATUSER_019,patient,view_own_record,ea7deb48-7fa5-3406-28b9-051b0c18d363,2026-05-05 05:51:49,medical_record,MEDICAL_RECORD_4935,3,3,1,0.0,1.761,0,0,47.84,0
2310,DOC_002,doctor,view_observation,c95c96d5-ac6e-6ab6-143b-6da3e3923f39,2026-05-16 18:20:35,observation,OBSERVATION_2782,79,24,0,0.84,1.971,0,0,367.98,1
2311,DOC_009,doctor,update_diagnosis,1f534514-2f45-191e-04b4-ad9e93bdf422,2026-03-25 04:12:18,condition,CONDITION_5706,10,16,1,0.15,1.0,0,0,58.22,0
2312,NUR_001,nurse,create_prescription,2d457e3d-90cb-357e-f7e0-3014068d2f29,2026-04-05 17:34:57,prescription,PRESCRIPTION_6287,79,28,0,0.91,1.988,0,1,124.52,1
2313,ADM_003,admin,view_report,42c1eb05-09a9-eeda-a957-d822de66c536,2026-04-20 08:14:00,report,REPORT_1056,8,2,0,0.06,1.846,0,0,53.74,0
2314,PATUSER_011,patient,book_appointment,e300c149-9eaa-3d5a-57d9-ea8d4c996597,2026-04-18 10:29:37,appointment,APPOINTMENT_2128,4,1,0,0.0,1.842,0,0,32.45,0
2315,PATUSER_007,patient,view_queue,20f1f5b5-38be-6554-7a24-9fcc8d4bd6c4,2026-05-09 03:55:24,queue,QUEUE_8080,4,1,1,0.0,1.842,0,0,25.4,0
2316,DOC_011,doctor,view_record,07052ffe-5096-f813-923b-f3a32be34399,2026-04-06 02:59:28,medical_record,MEDICAL_RECORD_3368,10,8,1,0.21,1.918,0,0,18.78,0
2317,PATUSER_007,patient,view_own_record,235bd53d-07f7-5874-c952-5126acfab01e,2026-05-20 10:13:12,medical_record,MEDICAL_RECORD_3536,6,2,0,0.0,1.561,0,0,62.27,0
2318,NUR_002,nurse,update_queue,054e161c-d33f-0970-2018-1f19582e0813,2026-05-21 07:22:13,appointment,APPOINTMENT_4099,22,6,0,0.06,1.5,0,0,44.71,0
2319,DOC_013,doctor,create_prescription,d20dc49f-5674-961e-a123-6e3000654b95,2026-04-07 08:12:02,prescription,PRESCRIPTION_1969,13,6,0,0.08,1.73,0,0,28.94,0
2320,PATUSER_008,patient,book_appointment,6383af50-c8f6-0c22-1dd4-6ee2be572cb1,2026-03-25 02:26:59,appointment,APPOINTMENT_2605,3,2,1,0.0,1.784,0,0,17.73,0
2321,NUR_003,nurse,update_vitals,9cefc3e8-33f8-beac-d280-fb10e474151c,2026-04-30 11:35:11,observation,OBSERVATION_6817,19,18,0,0.1,1.823,0,0,49.66,0
2322,PATUSER_023,patient,view_queue,c72a8c6e-1dfd-0a8b-20e7-066eadd4931c,2026-04-20 11:24:10,queue,QUEUE_7591,3,1,0,0.0,1.5,0,0,51.18,0
2323,NUR_005,nurse,view_appointment,cc4e166f-53eb-f57b-fb9c-72dddeeb448f,2026-05-12 03:39:14,appointment,APPOINTMENT_4685,14,19,1,0.1,0.811,0,0,25.23,0
2324,DOC_009,doctor,create_prescription,cc4e166f-53eb-f57b-fb9c-72dddeeb448f,2026-04-24 10:30:51,prescription,PRESCRIPTION_1494,7,12,0,0.22,1.811,0,0,9.11,0
2325,PATUSER_015,patient,book_appointment,7f857501-0257-2c7f-2e8f-9886705681f3,2026-04-04 11:49:39,appointment,APPOINTMENT_5759,3,1,0,0.0,1.571,0,0,71.37,0
2326,NUR_004,nurse,update_vitals,bfb0d055-557b-4579-1a3b-78cc2ead82c9,2026-04-27 06:32:16,observation,OBSERVATION_5751,28,13,0,0.0,1.922,0,0,56.59,0
2327,PATUSER_009,patient,view_own_record,3408cffd-cbea-0de1-e3a8-8b0b86bb5637,2026-04-01 06:14:01,medical_record,MEDICAL_RECORD_8197,4,3,0,0.0,0.811,0,0,70.97,0
2328,DOC_011,doctor,create_prescription,20f1f5b5-38be-6554-7a24-9fcc8d4bd6c4,2026-03-26 12:11:55,prescription,PRESCRIPTION_2202,7,12,0,0.2,1.5,0,0,7.15,0
2329,DOC_004,doctor,view_record,21adc8c0-7e1e-5167-1ac1-5449a6a2c73f,2026-04-07 10:31:52,medical_record,MEDICAL_RECORD_2900,13,9,0,0.02,1.555,0,0,30.93,0
2330,NUR_002,nurse,update_queue,5dd32bff-9eaf-50ef-db4f-c6065be13792,2026-05-23 05:55:59,appointment,APPOINTMENT_2715,10,16,1,0.05,1.918,0,0,13.43,0
2331,NUR_007,nurse,view_appointment,8fcbd58f-7e61-d74d-9b35-46d267ecbbd3,2026-04-07 02:14:52,appointment,APPOINTMENT_5173,30,19,1,0.02,1.5,0,0,64.22,0
2332,PATUSER_020,patient,view_own_record,d5d8b210-bca5-a9ce-0711-3d09468bfe47,2026-04-25 02:39:00,medical_record,MEDICAL_RECORD_1521,3,2,1,0.0,1.918,0,0,64.46,0
2333,PATUSER_010,patient,view_own_record,2925a752-da6a-ef1f-31aa-68b0c2ff5027,2026-04-29 04:59:56,medical_record,MEDICAL_RECORD_4772,3,3,1,0.0,2.0,0,0,26.04,0
2334,PATUSER_028,patient,book_appointment,0369610a-4641-e2d5-80b2-844b2bd99f16,2026-05-14 00:31:22,appointment,APPOINTMENT_3699,1,3,1,0.0,1.371,1,0,70.15,0
2335,PATUSER_029,patient,book_appointment,c5d42b3b-72de-b953-545d-1de4cf59d279,2026-05-06 10:11:23,appointment,APPOINTMENT_3457,4,3,0,0.0,1.792,0,0,60.39,0
2336,PATUSER_027,patient,book_appointment,2b31de7e-3596-37c7-1d46-db12d82e73ef,2026-04-19 10:53:45,appointment,APPOINTMENT_5562,2,2,0,0.0,0.918,0,0,62.46,0
2337,PATUSER_011,patient,update_diagnosis,88f931d5-4cfa-4be9-c6be-738d5fc8c215,2026-04-01 17:11:25,condition,CONDITION_8712,37,41,0,0.67,2.252,0,1,289.66,1
2338,PATUSER_007,patient,view_own_record,e60a6ecc-5639-5800-4bf2-8e8a2865e55c,2026-04-25 03:27:01,medical_record,MEDICAL_RECORD_4587,6,2,1,0.0,1.459,0,0,40.53,0
2339,DOC_013,doctor,create_prescription,155649eb-5d3e-41ca-5a2c-78972a1721f4,2026-05-14 01:53:53,prescription,PRESCRIPTION_7572,16,17,1,0.13,1.846,0,0,17.62,0
2340,DOC_004,doctor,view_record,668a10b4-c005-0df3-522e-b068e0d29ea9,2026-04-29 08:43:29,medical_record,MEDICAL_RECORD_6676,18,16,0,0.17,1.549,0,0,64.56,0
2341,DOC_003,doctor,view_record,d5d8b210-bca5-a9ce-0711-3d09468bfe47,2026-04-27 12:07:30,medical_record,MEDICAL_RECORD_9274,17,18,0,0.09,1.658,0,0,28.83,0
2342,PATUSER_029,patient,update_diagnosis,0e697a7b-149b-602d-af6f-7e76ca18c5d7,2026-04-11 19:15:33,condition,CONDITION_3950,62,79,0,0.75,2.156,0,1,295.51,1
2343,PATUSER_014,patient,view_own_record,5dd32bff-9eaf-50ef-db4f-c6065be13792,2026-05-12 10:07:01,medical_record,MEDICAL_RECORD_2534,5,1,0,0.0,1.906,0,0,11.45,0
2344,PATUSER_004,patient,view_queue,5e236a28-42bb-348c-3267-03ed1a052b40,2026-04-22 09:47:52,queue,QUEUE_6554,6,1,0,0.0,1.5,0,0,58.68,0
2345,PATUSER_017,patient,book_appointment,8fcbd58f-7e61-d74d-9b35-46d267ecbbd3,2026-05-21 11:38:08,appointment,APPOINTMENT_4241,1,2,0,0.0,1.5,0,0,29.81,0
2346,PATUSER_013,patient,view_audit,dd0de87d-2596-9c38-a834-6f5246a48a51,2026-04-23 19:50:23,audit,AUDIT_9134,66,38,0,0.83,2.113,1,1,375.1,1
2347,DOC_001,doctor,create_prescription,5e236a28-42bb-348c-3267-03ed1a052b40,2026-04-25 03:00:34,prescription,PRESCRIPTION_9237,6,17,1,0.12,0.971,0,0,55.06,0
2348,DOC_010,doctor,view_observation,42c1eb05-09a9-eeda-a957-d822de66c536,2026-04-16 04:58:14,observation,OBSERVATION_1786,8,15,1,0.0,1.555,0,0,6.72,0
2349,NUR_003,nurse,update_queue,a8bef5c2-6743-79e8-8477-bc3b6244c334,2026-05-08 09:36:58,appointment,APPOINTMENT_1616,17,18,0,0.09,1.918,0,0,50.28,0
2350,DOC_011,doctor,create_prescription,2d457e3d-90cb-357e-f7e0-3014068d2f29,2026-05-21 00:32:14,prescription,PRESCRIPTION_3887,10,12,1,0.19,1.95,0,0,55.47,0
2351,DOC_015,doctor,create_prescription,ed1c3b46-34b9-221b-cb10-682e9ed9ddbd,2026-05-10 09:12:23,prescription,PRESCRIPTION_8254,19,16,0,0.02,1.981,0,0,26.26,0
2352,PATUSER_001,patient,view_own_record,0369610a-4641-e2d5-80b2-844b2bd99f16,2026-03-25 01:36:47,medical_record,MEDICAL_RECORD_7545,5,3,1,0.0,1.918,0,0,22.84,0
2353,PATUSER_022,patient,book_appointment,4f74c441-7628-4f98-82a7-f4c99d926736,2026-04-01 02:15:21,appointment,APPOINTMENT_9225,3,1,1,0.0,1.677,0,0,67.82,0
2354,PATUSER_019,patient,book_appointment,754c6983-a899-1c3c-f51d-2af172b88b91,2026-05-12 05:02:42,appointment,APPOINTMENT_4172,2,3,1,0.0,1.837,0,0,34.51,0
2355,PATUSER_009,patient,view_queue,a82f0145-e797-d65d-bebf-e49dd38bac1e,2026-05-02 04:14:30,queue,QUEUE_3251,6,2,1,0.0,1.522,0,0,71.39,0
2356,PATUSER_014,patient,book_appointment,e94fc8e2-b867-5164-0607-5e5eb581b150,2026-05-19 05:30:51,appointment,APPOINTMENT_5775,2,1,1,0.0,1.379,0,0,54.68,0
2357,PATUSER_021,patient,view_own_record,d9044272-63af-eca3-2a0c-ec9f9c10a98f,2026-04-26 08:12:17,medical_record,MEDICAL_RECORD_5120,5,2,0,0.0,1.557,0,0,10.3,0
2358,ADM_001,admin,view_report,79402472-6884-1aca-759a-a23f36ee8dca,2026-05-05 01:58:17,report,REPORT_1750,10,3,1,0.02,1.811,0,0,41.46,0
2359,PATUSER_028,patient,view_queue,e126e379-083f-ea08-0358-303361acf072,2026-04-26 05:53:57,queue,QUEUE_1977,6,1,1,0.0,1.891,0,0,61.18,0
2360,PATUSER_017,patient,book_appointment,bfb0d055-557b-4579-1a3b-78cc2ead82c9,2026-04-10 07:56:46,appointment,APPOINTMENT_5509,2,1,0,0.0,1.891,0,0,9.76,0
2361,PATUSER_008,patient,cancel_appointment,11b2d013-d581-7187-e88b-7a04781d307b,2026-04-28 11:47:33,appointment,APPOINTMENT_1483,2,3,0,0.0,1.888,0,0,21.95,0
2362,DOC_006,doctor,create_prescription,4642b627-0caa-32c4-a7cd-87689252d332,2026-04-14 04:53:12,prescription,PRESCRIPTION_8824,7,15,1,0.07,1.449,0,0,9.21,0
2363,PATUSER_006,patient,view_queue,01974f36-ced2-c38e-32c5-1b09e1fe1638,2026-05-12 04:33:47,queue,QUEUE_3092,1,1,1,0.0,1.922,0,0,70.72,0
2364,PATUSER_010,patient,view_queue,3eee4689-2d02-6ec9-c257-42b3adfdcd70,2026-04-15 02:38:05,queue,QUEUE_1227,4,2,1,0.0,1.361,0,0,50.14,0
2365,DOC_015,doctor,create_prescription,dd55f477-af88-4543-f8c0-dca25a96c4cb,2026-04-19 10:08:48,prescription,PRESCRIPTION_5211,21,10,0,0.13,1.918,0,0,30.06,0
2366,NUR_002,nurse,register_walkin,e60a6ecc-5639-5800-4bf2-8e8a2865e55c,2026-03-29 07:02:15,appointment,APPOINTMENT_6786,19,22,0,0.11,1.971,0,0,47.72,0
2367,PATUSER_025,patient,book_appointment,fb36d3d9-666c-c4c2-bb96-c9195538d4df,2026-03-26 03:35:21,appointment,APPOINTMENT_7951,3,3,1,0.0,1.738,0,0,59.48,0
2368,PATUSER_008,patient,view_own_record,668a10b4-c005-0df3-522e-b068e0d29ea9,2026-04-28 12:11:57,medical_record,MEDICAL_RECORD_8624,6,3,0,0.0,1.95,0,0,72.04,0
2369,DOC_007,doctor,update_diagnosis,2faf5170-7c17-9c76-c091-5349b5ecad23,2026-05-20 07:52:36,condition,CONDITION_2405,22,17,0,0.04,1.792,0,0,42.59,0
2370,NUR_001,nurse,update_queue,1f534514-2f45-191e-04b4-ad9e93bdf422,2026-05-21 11:31:05,appointment,APPOINTMENT_7443,23,12,0,0.01,1.571,1,0,49.79,0
2371,DOC_012,doctor,create_prescription,2faf5170-7c17-9c76-c091-5349b5ecad23,2026-04-02 01:43:00,prescription,PRESCRIPTION_3309,21,7,1,0.04,1.73,0,0,73.16,0
2372,NUR_007,nurse,register_walkin,8fcbd58f-7e61-d74d-9b35-46d267ecbbd3,2026-03-26 06:17:08,appointment,APPOINTMENT_3106,30,11,0,0.02,1.906,0,0,15.59,0
2373,NUR_004,nurse,update_queue,d1838618-2a96-9761-0b8d-89a92a022bcc,2026-03-29 02:01:36,appointment,APPOINTMENT_8735,10,17,1,0.11,1.392,0,0,18.0,0
2374,PATUSER_017,patient,view_own_record,073b376b-9659-3e78-c6a6-a08b74d710da,2026-05-14 11:20:54,medical_record,MEDICAL_RECORD_1132,5,1,0,0.0,1.753,0,0,13.19,0
2375,PATUSER_030,patient,book_appointment,3bc81e09-7091-bc59-a58a-39b485d9e48b,2026-05-16 06:12:34,appointment,APPOINTMENT_8391,2,1,0,0.0,1.522,0,0,56.64,0
2376,NUR_006,nurse,update_vitals,7225d50f-9363-214e-02d6-3fdc2a246bdc,2026-04-24 09:28:43,observation,OBSERVATION_4545,10,15,0,0.07,1.981,0,0,30.07,0
2377,NUR_007,nurse,update_queue,668a10b4-c005-0df3-522e-b068e0d29ea9,2026-04-21 06:58:56,appointment,APPOINTMENT_8347,14,18,0,0.1,1.971,0,0,41.09,0
2378,PATUSER_024,patient,view_own_record,fb36d3d9-666c-c4c2-bb96-c9195538d4df,2026-04-11 02:35:24,medical_record,MEDICAL_RECORD_5303,6,1,1,0.0,1.811,0,0,54.68,0
2379,DOC_014,doctor,create_prescription,01974f36-ced2-c38e-32c5-1b09e1fe1638,2026-03-28 11:03:06,prescription,PRESCRIPTION_7047,15,4,0,0.09,1.325,0,0,42.9,0
2380,DOC_001,doctor,view_observation,f8540aed-49fc-9dd6-b195-288635b1d17a,2026-04-29 11:14:32,observation,OBSERVATION_4286,16,14,0,0.21,1.73,0,0,34.81,0
2381,DOC_008,doctor,create_prescription,9b5ce034-80bf-4c6b-f400-3a89fc0d135b,2026-04-05 04:33:16,prescription,PRESCRIPTION_2343,11,10,1,0.09,0.971,0,0,39.55,0
2382,PATUSER_024,patient,view_own_record,cc4e166f-53eb-f57b-fb9c-72dddeeb448f,2026-05-02 10:21:33,medical_record,MEDICAL_RECORD_9880,6,1,0,0.0,1.846,0,0,63.97,0
2383,PATUSER_016,patient,view_own_record,b23941a4-269e-2ac4-8ced-75d1ac8b1b1d,2026-04-20 07:19:02,medical_record,MEDICAL_RECORD_1295,1,3,0,0.0,1.922,0,0,67.29,0
2384,PATUSER_015,patient,book_appointment,4ca3be26-4f97-27f0-32fa-6ea155eba23a,2026-05-05 03:44:26,appointment,APPOINTMENT_4300,5,2,1,0.0,1.823,0,0,64.12,0
2385,PATUSER_027,patient,view_queue,e8b56457-438e-7a2e-04ee-e0b2ec149f61,2026-05-11 00:38:28,queue,QUEUE_7627,3,1,1,0.0,1.5,0,0,58.98,0
2386,PATUSER_012,patient,view_queue,8db9c819-1c0b-c9a9-3e31-4b85f52201d2,2026-05-12 03:17:12,queue,QUEUE_4841,6,2,1,0.0,1.75,0,0,28.31,0
2387,PATUSER_008,patient,view_queue,1c39de5b-289a-3a1a-669b-2f756efb8bcb,2026-04-22 10:09:30,queue,QUEUE_3365,1,3,0,0.0,1.975,0,0,58.84,0
2388,PATUSER_013,patient,update_diagnosis,3408cffd-cbea-0de1-e3a8-8b0b86bb5637,2026-05-16 21:06:49,condition,CONDITION_1847,78,62,0,0.83,1.825,0,1,217.97,1
2389,ADM_002,admin,view_report,d5d8b210-bca5-a9ce-0711-3d09468bfe47,2026-04-27 08:56:04,report,REPORT_6233,8,4,0,0.05,0.985,0,0,9.31,0
2390,DOC_004,doctor,view_record,8db9c819-1c0b-c9a9-3e31-4b85f52201d2,2026-03-25 08:28:46,medical_record,MEDICAL_RECORD_6330,8,10,0,0.16,1.53,0,0,10.25,0
2391,DOC_011,doctor,update_diagnosis,cc4e166f-53eb-f57b-fb9c-72dddeeb448f,2026-04-11 03:33:28,condition,CONDITION_8066,23,15,1,0.03,1.922,0,0,35.2,0
2392,DOC_008,doctor,view_observation,3eee4689-2d02-6ec9-c257-42b3adfdcd70,2026-05-11 04:48:28,observation,OBSERVATION_2261,21,10,1,0.03,1.685,0,0,7.64,0
2393,DOC_005,doctor,update_diagnosis,a8bef5c2-6743-79e8-8477-bc3b6244c334,2026-04-17 04:06:53,condition,CONDITION_5807,12,3,1,0.03,1.842,0,0,62.79,0
2394,NUR_001,nurse,register_walkin,d1838618-2a96-9761-0b8d-89a92a022bcc,2026-04-14 06:39:01,appointment,APPOINTMENT_5429,13,11,0,0.1,1.0,1,0,39.07,0
2395,DOC_011,doctor,create_prescription,45f758c8-34c3-3fa5-41f9-5906127ba1bd,2026-03-30 01:28:13,prescription,PRESCRIPTION_7113,18,10,1,0.09,1.936,0,0,36.19,0
2396,NUR_007,nurse,update_vitals,a82f0145-e797-d65d-bebf-e49dd38bac1e,2026-04-10 08:42:09,observation,OBSERVATION_6005,17,24,0,0.04,1.459,0,0,30.76,0
2397,DOC_010,doctor,create_prescription,a8bef5c2-6743-79e8-8477-bc3b6244c334,2026-05-03 08:31:10,prescription,PRESCRIPTION_3385,20,8,0,0.12,1.918,0,0,16.35,0
2398,DOC_003,doctor,view_observation,ed1c3b46-34b9-221b-cb10-682e9ed9ddbd,2026-04-02 06:12:52,observation,OBSERVATION_5597,20,6,0,0.22,1.5,0,0,25.37,0
2399,PATUSER_030,patient,view_audit,bfb0d055-557b-4579-1a3b-78cc2ead82c9,2026-05-16 16:45:40,audit,AUDIT_3181,35,27,0,0.69,2.25,0,1,204.51,1
2400,PATUSER_006,patient,view_queue,4bab2d0f-4783-619c-46b2-f656667ffb67,2026-04-19 01:06:28,queue,QUEUE_1252,6,1,1,0.0,1.936,0,0,56.83,0
2401,PATUSER_030,patient,view_queue,219c0f88-2190-9af2-4122-bcf1c4f4a0bf,2026-05-09 06:51:41,queue,QUEUE_3099,3,3,0,0.0,1.826,0,0,36.62,0
2402,DOC_003,doctor,update_diagnosis,ed1c3b46-34b9-221b-cb10-682e9ed9ddbd,2026-05-23 03:03:15,condition,CONDITION_2830,20,3,1,0.16,1.379,0,0,71.94,0
2403,PATUSER_002,patient,view_queue,c95c96d5-ac6e-6ab6-143b-6da3e3923f39,2026-04-13 02:09:48,queue,QUEUE_3103,4,2,1,0.0,1.46,0,0,48.5,0
2404,NUR_001,nurse,update_vitals,f5de0af7-bfb4-270e-8175-e12515583ea8,2026-03-25 03:37:54,observation,OBSERVATION_9347,23,9,1,0.04,1.585,0,0,69.56,0
2405,PATUSER_010,patient,view_queue,88f931d5-4cfa-4be9-c6be-738d5fc8c215,2026-03-29 05:17:46,queue,QUEUE_5572,6,2,1,0.0,1.585,0,0,64.55,0
2406,DOC_004,doctor,create_prescription,e1571870-cf37-1c6b-c97f-c4ab9a32b172,2026-04-11 15:46:28,prescription,PRESCRIPTION_2958,66,72,0,0.74,1.859,1,0,300.71,1
2407,PATUSER_010,patient,view_queue,d1838618-2a96-9761-0b8d-89a92a022bcc,2026-05-05 06:40:47,queue,QUEUE_2676,1,3,0,0.0,1.539,0,0,39.28,0
2408,PATUSER_016,patient,cancel_appointment,c5d42b3b-72de-b953-545d-1de4cf59d279,2026-04-01 09:18:42,appointment,APPOINTMENT_8801,1,2,0,0.0,1.53,0,0,27.9,0
2409,PATUSER_004,patient,view_own_record,1f534514-2f45-191e-04b4-ad9e93bdf422,2026-03-26 04:31:00,medical_record,MEDICAL_RECORD_3819,6,3,1,0.0,1.922,0,0,72.81,0
2410,ADM_001,admin,manage_user,19e9c5a5-4114-0f95-e5e8-29cd6749d4e1,2026-04-10 01:29:52,user,USER_6254,12,2,1,0.06,1.891,0,0,31.73,0
2411,DOC_010,doctor,update_diagnosis,3eee4689-2d02-6ec9-c257-42b3adfdcd70,2026-04-03 06:59:16,condition,CONDITION_2193,14,7,0,0.17,1.585,0,0,20.12,0
2412,DOC_001,doctor,view_record,9b5ce034-80bf-4c6b-f400-3a89fc0d135b,2026-05-17 10:23:12,medical_record,MEDICAL_RECORD_3789,17,4,0,0.1,1.299,0,0,15.95,0
2413,ADM_002,admin,update_schedule,e7fccc97-5df9-b27f-8322-44fd5b624936,2026-05-09 21:20:08,schedule,SCHEDULE_1682,50,30,0,0.97,1.585,1,0,291.88,1
2414,PATUSER_001,patient,cancel_appointment,d1e9c67e-e701-dbf5-aa21-bb9ae3751b97,2026-05-22 07:01:02,appointment,APPOINTMENT_2695,6,1,0,0.0,1.75,0,0,58.76,0
2415,PATUSER_023,patient,view_audit,3bc81e09-7091-bc59-a58a-39b485d9e48b,2026-04-24 16:52:16,audit,AUDIT_2963,85,76,0,0.87,2.156,0,1,281.33,1
2416,PATUSER_020,patient,book_appointment,1290bba5-c164-4273-9694-c3ce92270ef2,2026-05-20 08:02:55,appointment,APPOINTMENT_3940,3,1,0,0.0,1.753,0,0,38.09,0
2417,DOC_003,doctor,view_observation,d1838618-2a96-9761-0b8d-89a92a022bcc,2026-04-04 00:36:38,observation,OBSERVATION_8965,14,9,1,0.02,1.936,0,0,70.22,0
2418,PATUSER_025,patient,book_appointment,a82f0145-e797-d65d-bebf-e49dd38bac1e,2026-05-21 11:59:17,appointment,APPOINTMENT_4385,6,2,0,0.0,0.811,0,0,42.09,0
2419,DOC_003,doctor,create_prescription,7f857501-0257-2c7f-2e8f-9886705681f3,2026-04-03 02:39:58,prescription,PRESCRIPTION_5565,23,7,1,0.21,1.891,0,0,30.49,0
2420,PATUSER_011,patient,view_own_record,ad37dc95-561f-9348-6577-eff9b22d47c2,2026-05-23 07:26:14,medical_record,MEDICAL_RECORD_8681,5,2,0,0.0,1.971,0,0,24.51,0
2421,DOC_004,doctor,view_record,4ca3be26-4f97-27f0-32fa-6ea155eba23a,2026-04-13 04:57:11,medical_record,MEDICAL_RECORD_5317,17,5,1,0.16,1.922,0,0,57.1,0
2422,NUR_004,nurse,update_vitals,d5d8b210-bca5-a9ce-0711-3d09468bfe47,2026-04-23 12:26:25,observation,OBSERVATION_5492,9,14,0,0.02,1.753,0,0,7.32,0
2423,PATUSER_001,patient,cancel_appointment,fb36d3d9-666c-c4c2-bb96-c9195538d4df,2026-05-19 05:31:34,appointment,APPOINTMENT_9050,4,1,1,0.0,1.95,0,0,58.2,0
2424,PATUSER_008,patient,book_appointment,668a10b4-c005-0df3-522e-b068e0d29ea9,2026-05-14 03:03:33,appointment,APPOINTMENT_7394,3,3,1,0.0,1.738,0,0,52.71,0
2425,DOC_006,doctor,update_diagnosis,42c1eb05-09a9-eeda-a957-d822de66c536,2026-05-17 06:00:26,condition,CONDITION_5630,20,8,0,0.04,1.842,0,0,68.96,0
2426,DOC_004,doctor,update_diagnosis,e8b56457-438e-7a2e-04ee-e0b2ec149f61,2026-05-17 12:07:05,condition,CONDITION_4908,11,18,0,0.11,1.485,0,0,49.49,0
2427,DOC_004,doctor,create_prescription,d998bd61-bed8-3eb5-dcb5-297579cf936f,2026-05-07 17:53:11,prescription,PRESCRIPTION_2425,86,29,0,0.81,1.5,1,0,124.06,1
2428,NUR_002,nurse,update_queue,9cefc3e8-33f8-beac-d280-fb10e474151c,2026-05-01 01:38:09,appointment,APPOINTMENT_7475,14,21,1,0.03,1.485,0,0,39.92,0
2429,PATUSER_022,patient,view_queue,b4679b26-64ac-c348-6667-1e9093ae866f,2026-04-05 09:18:27,queue,QUEUE_9211,2,1,0,0.0,1.522,0,0,7.08,0
2430,DOC_002,doctor,create_prescription,f5de0af7-bfb4-270e-8175-e12515583ea8,2026-04-22 08:35:46,prescription,PRESCRIPTION_4810,5,4,0,0.06,1.53,0,0,21.18,0
2431,PATUSER_027,patient,book_appointment,01974f36-ced2-c38e-32c5-1b09e1fe1638,2026-03-31 12:17:49,appointment,APPOINTMENT_4045,6,3,0,0.0,1.842,0,0,17.98,0
2432,PATUSER_012,patient,view_queue,4642b627-0caa-32c4-a7cd-87689252d332,2026-04-15 08:19:13,queue,QUEUE_5852,3,2,0,0.0,1.371,0,0,54.32,0
2433,PATUSER_029,patient,view_own_record,88f931d5-4cfa-4be9-c6be-738d5fc8c215,2026-05-11 05:48:21,medical_record,MEDICAL_RECORD_4476,1,1,1,0.0,1.753,0,0,34.77,0
2434,DOC_009,doctor,update_diagnosis,fb36d3d9-666c-c4c2-bb96-c9195538d4df,2026-04-19 07:48:28,condition,CONDITION_9332,9,9,0,0.16,1.5,0,0,54.69,0
2435,NUR_007,nurse,view_appointment,d1838618-2a96-9761-0b8d-89a92a022bcc,2026-04-16 02:06:08,appointment,APPOINTMENT_2006,20,20,1,0.11,0.722,0,0,50.42,0
2436,PATUSER_023,patient,cancel_appointment,9e25d332-9229-0803-ad9f-ca235142458e,2026-05-07 03:33:23,appointment,APPOINTMENT_5862,4,2,1,0.0,1.842,0,0,45.05,0
2437,PATUSER_014,patient,view_queue,dd55f477-af88-4543-f8c0-dca25a96c4cb,2026-05-12 06:44:14,queue,QUEUE_3149,2,2,0,0.0,1.792,0,0,39.82,0
2438,PATUSER_017,patient,view_own_record,11b2d013-d581-7187-e88b-7a04781d307b,2026-05-22 11:40:45,medical_record,MEDICAL_RECORD_6985,5,2,0,0.0,1.664,0,0,40.92,0
2439,PATUSER_010,patient,book_appointment,073b376b-9659-3e78-c6a6-a08b74d710da,2026-04-24 08:32:30,appointment,APPOINTMENT_4689,3,1,0,0.0,1.753,0,0,19.41,0
2440,DOC_005,doctor,create_prescription,d20dc49f-5674-961e-a123-6e3000654b95,2026-05-12 01:48:45,prescription,PRESCRIPTION_9288,24,5,1,0.2,0.971,0,0,70.08,0
2441,DOC_011,doctor,create_prescription,2d457e3d-90cb-357e-f7e0-3014068d2f29,2026-03-27 01:52:28,prescription,PRESCRIPTION_6678,20,16,1,0.12,1.459,0,0,53.25,0
2442,PATUSER_005,patient,view_own_record,57b901cb-d3d2-258c-2773-57008eb32345,2026-04-21 09:13:40,medical_record,MEDICAL_RECORD_2635,4,3,0,0.0,1.906,0,0,73.61,0
2443,DOC_013,doctor,view_observation,7bbc22dd-2b36-8b49-3bcc-14c25dafd13e,2026-03-30 08:53:35,observation,OBSERVATION_4711,18,6,0,0.17,1.5,0,0,53.46,0
2444,PATUSER_004,patient,view_own_record,047f3ed4-bdea-7cd6-6e80-8537a3979cc6,2026-04-02 07:58:13,medical_record,MEDICAL_RECORD_7354,6,3,0,0.0,1.859,0,0,31.78,0
2445,PATUSER_015,patient,view_own_record,12a088f3-264b-6a9f-9a57-678747110969,2026-04-11 02:32:04,medical_record,MEDICAL_RECORD_8409,5,2,1,0.0,1.459,0,0,14.86,0
2446,NUR_006,nurse,register_walkin,fb36d3d9-666c-c4c2-bb96-c9195538d4df,2026-05-02 09:18:38,appointment,APPOINTMENT_2684,20,14,0,0.06,1.891,0,0,67.21,0
2447,PATUSER_003,patient,cancel_appointment,88f931d5-4cfa-4be9-c6be-738d5fc8c215,2026-03-28 11:41:07,appointment,APPOINTMENT_8209,2,3,0,0.0,0.918,0,0,68.18,0
2448,PATUSER_002,patient,cancel_appointment,21b4ddc5-081e-1ecd-3573-f2ea42677b66,2026-05-23 11:09:17,appointment,APPOINTMENT_4442,1,3,0,0.0,1.884,0,0,23.06,0
2449,DOC_010,doctor,update_diagnosis,fb36d3d9-666c-c4c2-bb96-c9195538d4df,2026-04-28 07:11:12,condition,CONDITION_8991,20,9,0,0.2,1.854,0,0,19.19,0
2450,PATUSER_020,patient,view_queue,12a088f3-264b-6a9f-9a57-678747110969,2026-05-15 06:34:20,queue,QUEUE_7963,4,1,0,0.0,1.658,0,0,11.79,0
2451,PATUSER_018,patient,cancel_appointment,8db9c819-1c0b-c9a9-3e31-4b85f52201d2,2026-04-28 09:52:44,appointment,APPOINTMENT_6329,3,3,0,0.0,1.5,0,0,13.99,0
2452,PATUSER_020,patient,cancel_appointment,e8b56457-438e-7a2e-04ee-e0b2ec149f61,2026-05-22 01:40:34,appointment,APPOINTMENT_6100,4,3,1,0.0,1.922,0,0,63.3,0
2453,DOC_010,doctor,create_prescription,2925a752-da6a-ef1f-31aa-68b0c2ff5027,2026-05-11 06:09:13,prescription,PRESCRIPTION_8234,20,11,0,0.01,1.936,1,0,59.46,0
2454,PATUSER_012,patient,view_own_record,d7b30817-a7e4-d7c5-8582-63d251b6f98c,2026-04-19 08:12:10,medical_record,MEDICAL_RECORD_4743,3,1,0,0.0,1.922,0,0,5.03,0
2455,NUR_003,nurse,register_walkin,cc4e166f-53eb-f57b-fb9c-72dddeeb448f,2026-04-25 06:30:01,appointment,APPOINTMENT_2048,11,17,0,0.09,1.46,0,0,54.85,0
2456,PATUSER_026,patient,view_queue,21b4ddc5-081e-1ecd-3573-f2ea42677b66,2026-04-05 05:06:05,queue,QUEUE_9102,4,2,1,0.0,1.891,0,0,63.03,0
2457,ADM_001,admin,update_schedule,d1838618-2a96-9761-0b8d-89a92a022bcc,2026-04-08 04:38:42,schedule,SCHEDULE_5767,7,6,1,0.09,1.95,0,0,14.55,0
2458,PATUSER_011,patient,view_own_record,668a10b4-c005-0df3-522e-b068e0d29ea9,2026-04-21 01:16:32,medical_record,MEDICAL_RECORD_8951,5,1,1,0.0,1.561,0,0,19.59,0
2459,PATUSER_019,patient,book_appointment,2faf5170-7c17-9c76-c091-5349b5ecad23,2026-05-23 11:15:14,appointment,APPOINTMENT_2636,2,1,0,0.0,1.5,0,0,53.11,0
2460,PATUSER_016,patient,book_appointment,a2ff83e0-2cc0-50a4-b008-52a1add72ced,2026-04-30 02:36:43,appointment,APPOINTMENT_1102,1,2,1,0.0,1.585,0,0,66.92,0
2461,PATUSER_025,patient,cancel_appointment,e94fc8e2-b867-5164-0607-5e5eb581b150,2026-04-21 10:45:46,appointment,APPOINTMENT_8395,3,2,0,0.0,1.371,0,0,27.15,0
2462,PATUSER_020,patient,book_appointment,e94fc8e2-b867-5164-0607-5e5eb581b150,2026-04-13 07:17:30,appointment,APPOINTMENT_2152,2,3,0,0.0,1.252,0,0,54.1,0
2463,PATUSER_006,patient,view_own_record,a8bef5c2-6743-79e8-8477-bc3b6244c334,2026-05-05 09:39:08,medical_record,MEDICAL_RECORD_7274,1,2,0,0.0,1.891,0,0,47.5,0
2464,PATUSER_030,patient,view_queue,917ffe5d-46b2-36f1-0de8-35e5ed017fa7,2026-04-14 04:18:42,queue,QUEUE_6934,2,1,1,0.0,1.811,0,0,17.9,0
2465,PATUSER_011,patient,view_own_record,e60a6ecc-5639-5800-4bf2-8e8a2865e55c,2026-05-04 06:11:26,medical_record,MEDICAL_RECORD_5440,6,1,0,0.0,1.837,1,0,5.11,0
2466,DOC_004,doctor,view_record,a8bef5c2-6743-79e8-8477-bc3b6244c334,2026-05-10 12:07:57,medical_record,MEDICAL_RECORD_3882,22,17,0,0.0,1.53,0,0,14.43,0
2467,DOC_001,doctor,view_record,d1838618-2a96-9761-0b8d-89a92a022bcc,2026-04-03 02:25:17,medical_record,MEDICAL_RECORD_1914,6,10,1,0.14,1.981,0,0,58.34,0
2468,PATUSER_017,patient,view_record,b09b332a-a8b1-5541-6855-d6420f922505,2026-05-07 20:28:19,medical_record,MEDICAL_RECORD_8158,62,69,0,0.96,1.792,1,1,343.4,1
2469,PATUSER_029,patient,view_queue,dd0de87d-2596-9c38-a834-6f5246a48a51,2026-04-04 09:33:23,queue,QUEUE_6741,2,1,0,0.0,1.379,0,0,39.24,0
2470,PATUSER_001,patient,view_own_record,10751dec-9152-b658-beeb-ba433fbb9213,2026-05-01 10:24:15,medical_record,MEDICAL_RECORD_8005,2,3,0,0.0,1.906,0,0,27.83,0
2471,PATUSER_030,patient,view_queue,b4679b26-64ac-c348-6667-1e9093ae866f,2026-05-23 07:45:18,queue,QUEUE_8964,5,3,0,0.0,0.918,0,0,17.28,0
2472,PATUSER_022,patient,update_diagnosis,c95c96d5-ac6e-6ab6-143b-6da3e3923f39,2026-05-09 17:16:06,condition,CONDITION_6429,70,46,0,0.93,1.811,0,1,238.89,1
2473,PATUSER_002,patient,view_queue,465dd060-e77a-9924-0d7a-75d52d39a714,2026-05-03 00:48:31,queue,QUEUE_2674,3,1,1,0.0,1.959,0,0,31.45,0
2474,PATUSER_002,patient,book_appointment,7225d50f-9363-214e-02d6-3fdc2a246bdc,2026-03-26 08:07:08,appointment,APPOINTMENT_1204,3,1,0,0.0,1.252,0,0,49.08,0
2475,DOC_012,doctor,create_prescription,668a10b4-c005-0df3-522e-b068e0d29ea9,2026-05-21 10:57:53,prescription,PRESCRIPTION_3155,14,11,0,0.15,1.891,0,0,74.1,0
2476,PATUSER_019,patient,book_appointment,3eee4689-2d02-6ec9-c257-42b3adfdcd70,2026-05-10 06:00:49,appointment,APPOINTMENT_6704,3,2,0,0.0,1.842,0,0,44.22,0
2477,PATUSER_024,patient,view_queue,bfb0d055-557b-4579-1a3b-78cc2ead82c9,2026-05-05 10:09:49,queue,QUEUE_5946,6,2,0,0.0,0.918,0,0,43.51,0
2478,PATUSER_024,patient,view_queue,1290bba5-c164-4273-9694-c3ce92270ef2,2026-04-09 03:39:56,queue,QUEUE_6933,1,1,1,0.0,1.526,0,0,67.56,0
2479,PATUSER_015,patient,cancel_appointment,ad37dc95-561f-9348-6577-eff9b22d47c2,2026-05-02 09:13:46,appointment,APPOINTMENT_9338,2,2,0,0.0,1.522,0,0,74.44,0
2480,NUR_004,nurse,register_walkin,a8bef5c2-6743-79e8-8477-bc3b6244c334,2026-05-17 08:56:04,appointment,APPOINTMENT_2956,13,23,0,0.08,0.918,0,0,27.44,0
2481,NUR_007,nurse,update_vitals,a8bef5c2-6743-79e8-8477-bc3b6244c334,2026-03-25 02:20:23,observation,OBSERVATION_4358,27,7,1,0.07,1.95,0,0,63.44,0
2482,ADM_003,admin,update_schedule,e60a6ecc-5639-5800-4bf2-8e8a2865e55c,2026-04-23 06:13:32,schedule,SCHEDULE_1341,14,5,0,0.06,1.922,0,0,72.86,0
2483,PATUSER_030,patient,book_appointment,e94fc8e2-b867-5164-0607-5e5eb581b150,2026-04-16 03:18:33,appointment,APPOINTMENT_6477,4,2,1,0.0,1.918,0,0,5.75,0
2484,PATUSER_025,patient,cancel_appointment,4f74c441-7628-4f98-82a7-f4c99d926736,2026-05-23 12:07:11,appointment,APPOINTMENT_9857,3,3,0,0.0,1.842,0,0,18.63,0
2485,PATUSER_023,patient,view_own_record,e60a6ecc-5639-5800-4bf2-8e8a2865e55c,2026-05-04 12:17:11,medical_record,MEDICAL_RECORD_6337,5,2,0,0.0,1.522,0,0,12.91,0
2486,PATUSER_018,patient,view_own_record,b23941a4-269e-2ac4-8ced-75d1ac8b1b1d,2026-05-04 04:23:57,medical_record,MEDICAL_RECORD_4145,2,1,1,0.0,1.573,0,0,16.65,0
2487,PATUSER_019,patient,book_appointment,910f9d72-b5f2-60bf-8302-274ac5d74635,2026-05-20 02:29:48,appointment,APPOINTMENT_1563,6,1,1,0.0,1.959,0,0,70.68,0
2488,PATUSER_027,patient,view_own_record,2faf5170-7c17-9c76-c091-5349b5ecad23,2026-05-09 03:17:24,medical_record,MEDICAL_RECORD_9168,6,2,1,0.0,1.585,0,0,46.38,0
2489,DOC_003,doctor,update_diagnosis,5dd32bff-9eaf-50ef-db4f-c6065be13792,2026-03-27 08:41:25,condition,CONDITION_6692,12,6,0,0.05,1.837,0,0,24.3,0
2490,PATUSER_009,patient,cancel_appointment,e60a6ecc-5639-5800-4bf2-8e8a2865e55c,2026-05-18 06:36:08,appointment,APPOINTMENT_1877,5,1,0,0.0,1.868,0,0,8.28,0
2491,PATUSER_002,patient,view_queue,a992fe7d-cd9b-0ace-6e0b-f6f0b5f01fc3,2026-05-17 09:16:11,queue,QUEUE_1718,2,1,0,0.0,1.846,0,0,23.75,0
2492,PATUSER_016,patient,cancel_appointment,2d457e3d-90cb-357e-f7e0-3014068d2f29,2026-03-26 02:03:37,appointment,APPOINTMENT_1902,2,2,1,0.0,1.547,0,0,47.4,0
2493,NUR_004,nurse,view_appointment,f8540aed-49fc-9dd6-b195-288635b1d17a,2026-05-01 04:26:45,appointment,APPOINTMENT_6070,12,9,1,0.05,1.224,0,0,21.17,0
2494,PATUSER_009,patient,update_diagnosis,7bbc22dd-2b36-8b49-3bcc-14c25dafd13e,2026-05-11 18:59:03,condition,CONDITION_8793,82,40,0,0.7,2.171,0,1,330.99,1
2495,PATUSER_011,patient,view_queue,3eee4689-2d02-6ec9-c257-42b3adfdcd70,2026-04-15 01:43:02,queue,QUEUE_2893,2,3,1,0.0,1.826,0,0,59.38,0
2496,DOC_011,doctor,create_prescription,a8bef5c2-6743-79e8-8477-bc3b6244c334,2026-04-05 00:41:24,prescription,PRESCRIPTION_6661,11,9,1,0.06,1.918,0,0,25.16,0
2497,DOC_014,doctor,view_observation,717861a2-ab2b-2d2a-6a8f-6388dbff69d2,2026-04-23 00:39:43,observation,OBSERVATION_6991,6,16,1,0.05,1.918,0,0,69.19,0
2498,ADM_001,admin,view_audit,42c1eb05-09a9-eeda-a957-d822de66c536,2026-04-27 09:04:46,audit,AUDIT_2967,14,2,0,0.1,1.224,0,0,16.14,0
2499,PATUSER_007,patient,view_own_record,1f534514-2f45-191e-04b4-ad9e93bdf422,2026-04-20 11:42:41,medical_record,MEDICAL_RECORD_5430,5,1,0,0.0,1.95,0,0,59.6,0
2500,DOC_004,doctor,view_record,155649eb-5d3e-41ca-5a2c-78972a1721f4,2026-05-19 09:28:08,medical_record,MEDICAL_RECORD_3796,11,8,0,0.06,1.79,0,0,18.72,0
2501,NUR_005,nurse,update_queue,047f3ed4-bdea-7cd6-6e80-8537a3979cc6,2026-03-30 09:25:26,appointment,APPOINTMENT_8712,15,24,0,0.09,1.891,0,0,13.32,0
2502,PATUSER_024,patient,view_own_record,fb36d3d9-666c-c4c2-bb96-c9195538d4df,2026-04-22 04:51:05,medical_record,MEDICAL_RECORD_2474,3,3,1,0.0,1.522,0,0,17.35,0
2503,PATUSER_025,patient,cancel_appointment,f84719a0-d28d-ec20-64a8-a17992dcd9ac,2026-05-18 08:24:32,appointment,APPOINTMENT_2919,5,3,0,0.0,1.855,0,0,34.84,0
2504,PATUSER_018,patient,cancel_appointment,5e236a28-42bb-348c-3267-03ed1a052b40,2026-03-30 03:27:31,appointment,APPOINTMENT_8778,1,2,1,0.0,1.449,0,0,64.05,0
2505,PATUSER_017,patient,cancel_appointment,c72a8c6e-1dfd-0a8b-20e7-066eadd4931c,2026-05-15 05:24:52,appointment,APPOINTMENT_2755,4,3,1,0.0,1.922,0,0,11.38,0
2506,DOC_012,doctor,create_prescription,a24f1dcf-ef87-f609-183a-d00bcc9b7292,2026-04-15 02:18:36,prescription,PRESCRIPTION_7236,22,8,1,0.04,1.0,0,0,64.73,0
2507,DOC_010,doctor,create_prescription,cc4e166f-53eb-f57b-fb9c-72dddeeb448f,2026-05-07 00:48:39,prescription,PRESCRIPTION_5864,16,4,1,0.08,1.95,0,0,25.64,0
2508,ADM_002,admin,view_report,dd0de87d-2596-9c38-a834-6f5246a48a51,2026-04-04 10:20:28,report,REPORT_7387,15,0,0,0.02,1.435,0,0,29.85,0
2509,DOC_005,doctor,create_prescription,910f9d72-b5f2-60bf-8302-274ac5d74635,2026-05-12 10:35:47,prescription,PRESCRIPTION_3413,19,3,0,0.06,1.5,0,0,57.61,0
2510,ADM_002,admin,update_schedule,e7fccc97-5df9-b27f-8322-44fd5b624936,2026-03-27 08:11:10,schedule,SCHEDULE_6701,10,0,0,0.04,1.406,0,0,10.82,0
2511,ADM_003,admin,view_report,d1e9c67e-e701-dbf5-aa21-bb9ae3751b97,2026-04-11 04:17:40,report,REPORT_5278,11,5,1,0.02,1.0,0,0,59.06,0
2512,DOC_014,doctor,create_prescription,0369610a-4641-e2d5-80b2-844b2bd99f16,2026-04-15 08:00:14,prescription,PRESCRIPTION_8915,24,4,0,0.15,1.53,0,0,43.36,0
2513,NUR_002,nurse,view_appointment,dd55f477-af88-4543-f8c0-dca25a96c4cb,2026-04-07 11:51:02,appointment,APPOINTMENT_6200,17,11,0,0.08,1.677,0,0,9.05,0
2514,DOC_015,doctor,view_observation,d1838618-2a96-9761-0b8d-89a92a022bcc,2026-04-26 21:10:18,observation,OBSERVATION_8902,41,41,0,0.82,2.0,1,0,377.56,1
2515,DOC_005,doctor,view_record,cc4e166f-53eb-f57b-fb9c-72dddeeb448f,2026-03-26 11:22:29,medical_record,MEDICAL_RECORD_1680,23,7,0,0.1,1.988,0,0,35.74,0
2516,PATUSER_012,patient,cancel_appointment,f2df6bf3-460e-f410-cac9-472739e5df85,2026-04-13 07:17:55,appointment,APPOINTMENT_1939,1,1,0,0.0,1.922,0,0,6.41,0
2517,DOC_014,doctor,update_diagnosis,a8bef5c2-6743-79e8-8477-bc3b6244c334,2026-03-27 05:30:34,condition,CONDITION_1458,21,3,1,0.09,1.922,0,0,20.55,0
2518,PATUSER_015,patient,view_queue,9cefc3e8-33f8-beac-d280-fb10e474151c,2026-04-24 09:18:13,queue,QUEUE_1775,3,2,0,0.0,1.79,0,0,46.37,0
2519,DOC_006,doctor,view_record,a8bef5c2-6743-79e8-8477-bc3b6244c334,2026-03-24 20:05:13,medical_record,MEDICAL_RECORD_7068,75,58,0,0.95,1.0,1,0,261.19,1
2520,PATUSER_016,patient,view_queue,4f0c6acb-066b-1f8d-228d-5e5a973d1fef,2026-03-31 06:27:02,queue,QUEUE_2642,4,3,0,0.0,0.985,0,0,43.09,0
2521,DOC_001,doctor,view_record,d5d8b210-bca5-a9ce-0711-3d09468bfe47,2026-04-14 02:33:23,medical_record,MEDICAL_RECORD_5400,9,6,1,0.04,1.371,0,0,63.01,0
2522,PATUSER_022,patient,view_queue,5dd32bff-9eaf-50ef-db4f-c6065be13792,2026-05-17 00:30:31,queue,QUEUE_3487,4,2,1,0.0,1.906,0,0,41.27,0
2523,ADM_002,admin,update_schedule,8c562216-cb73-0829-2fa4-123468939df6,2026-04-01 06:53:57,schedule,SCHEDULE_6353,6,2,0,0.09,1.522,0,0,70.58,0
2524,NUR_002,nurse,update_queue,42c1eb05-09a9-eeda-a957-d822de66c536,2026-05-21 10:11:34,appointment,APPOINTMENT_6657,20,16,0,0.04,1.792,0,0,54.43,0
2525,PATUSER_015,patient,book_appointment,57b901cb-d3d2-258c-2773-57008eb32345,2026-04-20 05:39:44,appointment,APPOINTMENT_9244,1,1,1,0.0,1.918,0,0,72.79,0
2526,PATUSER_004,patient,view_queue,f8540aed-49fc-9dd6-b195-288635b1d17a,2026-03-30 02:10:42,queue,QUEUE_7968,6,1,1,0.0,1.459,0,0,15.82,0
2527,PATUSER_029,patient,view_queue,e7fccc97-5df9-b27f-8322-44fd5b624936,2026-04-29 07:27:00,queue,QUEUE_7198,3,2,0,0.0,1.669,0,0,16.71,0
2528,DOC_003,doctor,view_record,12a088f3-264b-6a9f-9a57-678747110969,2026-05-22 12:06:31,medical_record,MEDICAL_RECORD_8664,24,16,0,0.21,1.309,0,0,47.7,0
2529,PATUSER_005,patient,view_own_record,ad37dc95-561f-9348-6577-eff9b22d47c2,2026-04-16 01:38:45,medical_record,MEDICAL_RECORD_5211,2,3,1,0.0,1.677,0,0,49.33,0
2530,PATUSER_024,patient,cancel_appointment,4f0c6acb-066b-1f8d-228d-5e5a973d1fef,2026-04-21 11:10:48,appointment,APPOINTMENT_4828,3,1,0,0.0,1.5,0,0,26.36,0
2531,ADM_003,admin,manage_user,e8b56457-438e-7a2e-04ee-e0b2ec149f61,2026-04-07 09:34:44,user,USER_6977,6,5,0,0.09,1.352,0,0,74.3,0
2532,PATUSER_025,patient,view_own_record,744a7169-4e89-61ff-27f2-3c736abf4368,2026-05-14 05:41:22,medical_record,MEDICAL_RECORD_2626,3,3,1,0.0,1.738,0,0,15.41,0
2533,NUR_005,nurse,update_queue,668a10b4-c005-0df3-522e-b068e0d29ea9,2026-04-07 01:30:51,appointment,APPOINTMENT_8348,10,17,1,0.09,1.988,0,0,49.57,0
2534,PATUSER_016,patient,book_appointment,57b901cb-d3d2-258c-2773-57008eb32345,2026-04-01 06:22:20,appointment,APPOINTMENT_5338,4,3,0,0.0,0.722,0,0,59.99,0
2535,NUR_004,nurse,update_vitals,20f1f5b5-38be-6554-7a24-9fcc8d4bd6c4,2026-04-15 00:52:05,observation,OBSERVATION_7269,12,20,1,0.06,1.459,0,0,5.99,0
2536,DOC_013,doctor,update_diagnosis,5dd32bff-9eaf-50ef-db4f-c6065be13792,2026-04-09 06:32:16,condition,CONDITION_3195,19,16,0,0.16,1.859,0,0,12.03,0
2537,PATUSER_013,patient,cancel_appointment,1f534514-2f45-191e-04b4-ad9e93bdf422,2026-04-06 06:59:15,appointment,APPOINTMENT_5252,6,2,0,0.0,1.73,0,0,67.2,0
2538,NUR_001,nurse,update_vitals,f5de0af7-bfb4-270e-8175-e12515583ea8,2026-05-15 10:18:39,observation,OBSERVATION_5580,17,21,0,0.11,1.837,0,0,40.58,0
2539,DOC_010,doctor,view_observation,20f1f5b5-38be-6554-7a24-9fcc8d4bd6c4,2026-04-22 00:59:49,observation,OBSERVATION_3895,8,12,1,0.14,1.658,0,0,13.29,0
2540,PATUSER_030,patient,view_own_record,2faf5170-7c17-9c76-c091-5349b5ecad23,2026-03-27 04:14:11,medical_record,MEDICAL_RECORD_7049,5,2,1,0.0,1.459,0,0,69.85,0
2541,PATUSER_001,patient,cancel_appointment,07052ffe-5096-f813-923b-f3a32be34399,2026-04-04 07:45:52,appointment,APPOINTMENT_4893,4,3,0,0.0,1.686,0,0,12.39,0
2542,PATUSER_018,patient,book_appointment,4f0c6acb-066b-1f8d-228d-5e5a973d1fef,2026-04-01 08:47:34,appointment,APPOINTMENT_6302,2,2,0,0.0,1.971,0,0,25.58,0
2543,PATUSER_019,patient,view_own_record,01974f36-ced2-c38e-32c5-1b09e1fe1638,2026-05-22 03:30:27,medical_record,MEDICAL_RECORD_5597,3,3,1,0.0,1.811,0,0,52.66,0
2544,DOC_013,doctor,create_prescription,2d457e3d-90cb-357e-f7e0-3014068d2f29,2026-05-23 04:01:55,prescription,PRESCRIPTION_3240,8,16,1,0.02,1.868,0,0,50.09,0
2545,DOC_004,doctor,create_prescription,1c39de5b-289a-3a1a-669b-2f756efb8bcb,2026-05-10 08:00:49,prescription,PRESCRIPTION_6240,16,4,0,0.18,1.855,0,0,46.49,0
2546,ADM_003,admin,manage_user,e1571870-cf37-1c6b-c97f-c4ab9a32b172,2026-03-31 11:59:31,user,USER_3781,10,5,0,0.03,0.811,1,0,32.08,0
2547,DOC_015,doctor,view_observation,a24f1dcf-ef87-f609-183a-d00bcc9b7292,2026-05-16 11:48:54,observation,OBSERVATION_9374,8,13,0,0.19,1.842,0,0,51.14,0
2548,NUR_004,nurse,view_appointment,a8bef5c2-6743-79e8-8477-bc3b6244c334,2026-05-16 05:10:17,appointment,APPOINTMENT_5005,17,12,1,0.0,1.868,0,0,25.46,0
2549,DOC_013,doctor,update_diagnosis,4ca3be26-4f97-27f0-32fa-6ea155eba23a,2026-04-23 06:11:01,condition,CONDITION_7991,12,10,0,0.16,1.846,0,0,28.28,0
2550,DOC_003,doctor,view_record,d9044272-63af-eca3-2a0c-ec9f9c10a98f,2026-03-28 09:53:01,medical_record,MEDICAL_RECORD_5254,16,3,0,0.11,1.975,0,0,15.36,0
2551,DOC_005,doctor,create_prescription,f8540aed-49fc-9dd6-b195-288635b1d17a,2026-04-14 05:04:19,prescription,PRESCRIPTION_3545,5,11,1,0.04,0.811,0,0,24.85,0
2552,DOC_001,doctor,create_prescription,cc4e166f-53eb-f57b-fb9c-72dddeeb448f,2026-05-09 08:10:06,prescription,PRESCRIPTION_2594,8,15,0,0.14,1.79,0,0,43.6,0
2553,PATUSER_030,patient,view_own_record,a82f0145-e797-d65d-bebf-e49dd38bac1e,2026-03-31 01:58:31,medical_record,MEDICAL_RECORD_3108,4,3,1,0.0,1.971,0,0,34.47,0
2554,PATUSER_019,patient,view_queue,c5d42b3b-72de-b953-545d-1de4cf59d279,2026-05-19 03:53:50,queue,QUEUE_4378,2,3,1,0.0,1.371,0,0,60.72,0
2555,DOC_006,doctor,view_observation,e8b56457-438e-7a2e-04ee-e0b2ec149f61,2026-05-07 07:54:20,observation,OBSERVATION_6250,14,10,0,0.03,1.975,0,0,54.92,0
2556,PATUSER_003,patient,view_own_record,235bd53d-07f7-5874-c952-5126acfab01e,2026-04-23 06:36:59,medical_record,MEDICAL_RECORD_4838,6,2,0,0.0,1.891,0,0,20.01,0
2557,PATUSER_026,patient,cancel_appointment,d9044272-63af-eca3-2a0c-ec9f9c10a98f,2026-05-01 03:53:23,appointment,APPOINTMENT_9442,2,2,1,0.0,1.551,0,0,54.95,0
2558,PATUSER_030,patient,view_own_record,820d39a0-d304-2b9d-25a8-d705deede745,2026-05-12 07:35:26,medical_record,MEDICAL_RECORD_6577,2,3,0,0.0,1.837,0,0,51.17,0
2559,DOC_005,doctor,view_observation,7bbc22dd-2b36-8b49-3bcc-14c25dafd13e,2026-05-03 11:03:27,observation,OBSERVATION_4743,17,14,0,0.01,1.379,0,0,34.11,0
2560,NUR_005,nurse,update_queue,155649eb-5d3e-41ca-5a2c-78972a1721f4,2026-04-10 06:22:22,appointment,APPOINTMENT_3217,15,22,0,0.1,1.5,0,0,59.38,0
2561,PATUSER_015,patient,book_appointment,671064b5-039b-51a8-7e40-8e6baa0a7e35,2026-05-09 10:15:31,appointment,APPOINTMENT_2555,4,2,0,0.0,1.823,0,0,30.67,0
2562,DOC_003,doctor,view_record,5dd32bff-9eaf-50ef-db4f-c6065be13792,2026-04-27 10:38:14,medical_record,MEDICAL_RECORD_5022,22,11,0,0.04,1.5,0,0,13.54,0
2563,NUR_007,nurse,update_queue,3eee4689-2d02-6ec9-c257-42b3adfdcd70,2026-05-07 09:13:27,appointment,APPOINTMENT_8162,13,21,0,0.09,1.0,0,0,66.79,0
2564,PATUSER_001,patient,cancel_appointment,b4679b26-64ac-c348-6667-1e9093ae866f,2026-04-24 06:59:19,appointment,APPOINTMENT_2418,6,2,0,0.0,1.495,0,0,71.23,0
2565,PATUSER_005,patient,view_own_record,79402472-6884-1aca-759a-a23f36ee8dca,2026-05-23 09:51:06,medical_record,MEDICAL_RECORD_3177,3,2,0,0.0,1.459,0,0,65.73,0
2566,PATUSER_024,patient,cancel_appointment,9cefc3e8-33f8-beac-d280-fb10e474151c,2026-04-03 08:27:30,appointment,APPOINTMENT_6191,4,2,0,0.0,1.918,0,0,34.8,0
2567,DOC_009,doctor,view_record,754c6983-a899-1c3c-f51d-2af172b88b91,2026-05-15 01:40:42,medical_record,MEDICAL_RECORD_5074,13,8,1,0.01,1.585,0,0,33.49,0
2568,PATUSER_021,patient,cancel_appointment,10751dec-9152-b658-beeb-ba433fbb9213,2026-05-14 10:07:12,appointment,APPOINTMENT_9544,4,3,0,0.0,1.792,0,0,7.12,0
2569,PATUSER_003,patient,view_queue,5dd32bff-9eaf-50ef-db4f-c6065be13792,2026-04-25 06:50:38,queue,QUEUE_4713,1,1,0,0.0,1.379,0,0,44.75,0
2570,PATUSER_030,patient,cancel_appointment,2b31de7e-3596-37c7-1d46-db12d82e73ef,2026-04-29 12:19:22,appointment,APPOINTMENT_5582,2,3,0,0.0,1.526,0,0,48.89,0
2571,DOC_007,doctor,view_observation,155649eb-5d3e-41ca-5a2c-78972a1721f4,2026-05-10 07:41:42,observation,OBSERVATION_3030,6,9,0,0.09,1.842,0,0,66.91,0
2572,PATUSER_027,patient,view_queue,e94fc8e2-b867-5164-0607-5e5eb581b150,2026-05-02 08:21:28,queue,QUEUE_9122,4,1,0,0.0,1.561,0,0,58.18,0
2573,NUR_003,nurse,register_walkin,d1838618-2a96-9761-0b8d-89a92a022bcc,2026-05-10 03:26:00,appointment,APPOINTMENT_7877,10,16,1,0.11,1.846,0,0,58.66,0
2574,PATUSER_020,patient,view_queue,3408cffd-cbea-0de1-e3a8-8b0b86bb5637,2026-03-30 10:43:51,queue,QUEUE_9313,3,1,0,0.0,0.811,0,0,32.45,0
2575,PATUSER_003,patient,view_queue,88f931d5-4cfa-4be9-c6be-738d5fc8c215,2026-03-31 04:10:25,queue,QUEUE_9071,4,3,1,0.0,1.522,0,0,57.55,0
2576,ADM_003,admin,update_schedule,4642b627-0caa-32c4-a7cd-87689252d332,2026-04-30 08:21:56,schedule,SCHEDULE_9286,2,7,0,0.06,1.459,1,0,16.99,0
2577,PATUSER_030,patient,view_queue,d998bd61-bed8-3eb5-dcb5-297579cf936f,2026-04-26 04:07:17,queue,QUEUE_4168,1,3,1,0.0,1.361,0,0,20.36,0
2578,PATUSER_020,patient,view_queue,2b31de7e-3596-37c7-1d46-db12d82e73ef,2026-04-26 03:56:30,queue,QUEUE_6368,6,3,1,0.0,0.985,0,0,31.47,0
2579,PATUSER_006,patient,view_queue,c72a8c6e-1dfd-0a8b-20e7-066eadd4931c,2026-04-12 06:39:30,queue,QUEUE_6669,3,1,0,0.0,0.722,1,0,15.03,0
2580,PATUSER_005,patient,book_appointment,465dd060-e77a-9924-0d7a-75d52d39a714,2026-05-08 05:17:52,appointment,APPOINTMENT_8266,1,1,1,0.0,0.811,0,0,32.53,0
2581,DOC_015,doctor,view_observation,4f0c6acb-066b-1f8d-228d-5e5a973d1fef,2026-04-22 09:53:29,observation,OBSERVATION_2854,9,16,0,0.09,1.959,0,0,51.04,0
2582,PATUSER_016,patient,view_queue,45f758c8-34c3-3fa5-41f9-5906127ba1bd,2026-05-02 09:42:11,queue,QUEUE_9394,2,3,0,0.0,0.985,0,0,32.24,0
2583,DOC_014,doctor,view_observation,4ca3be26-4f97-27f0-32fa-6ea155eba23a,2026-04-28 06:33:27,observation,OBSERVATION_9903,21,7,0,0.08,1.753,0,0,36.32,0
2584,PATUSER_007,patient,view_own_record,717861a2-ab2b-2d2a-6a8f-6388dbff69d2,2026-04-18 10:59:45,medical_record,MEDICAL_RECORD_3522,3,1,0,0.0,1.971,0,0,47.25,0
2585,PATUSER_022,patient,view_own_record,20f1f5b5-38be-6554-7a24-9fcc8d4bd6c4,2026-04-22 10:51:57,medical_record,MEDICAL_RECORD_8048,6,2,0,0.0,1.823,0,0,11.17,0
2586,PATUSER_008,patient,view_queue,4f74c441-7628-4f98-82a7-f4c99d926736,2026-04-11 09:29:11,queue,QUEUE_4856,5,1,0,0.0,1.918,0,0,30.31,0
2587,NUR_001,nurse,view_appointment,2d457e3d-90cb-357e-f7e0-3014068d2f29,2026-05-13 09:04:36,appointment,APPOINTMENT_8742,30,21,0,0.06,1.971,0,0,12.61,0
2588,DOC_012,doctor,update_diagnosis,9cefc3e8-33f8-beac-d280-fb10e474151c,2026-03-27 06:26:58,condition,CONDITION_6353,11,14,0,0.1,1.888,0,0,32.77,0
2589,DOC_005,doctor,view_observation,20f1f5b5-38be-6554-7a24-9fcc8d4bd6c4,2026-04-17 09:43:43,observation,OBSERVATION_8284,5,12,0,0.11,1.658,0,0,20.64,0
2590,PATUSER_005,patient,view_queue,45f758c8-34c3-3fa5-41f9-5906127ba1bd,2026-05-10 03:09:34,queue,QUEUE_8540,2,3,1,0.0,1.53,0,0,65.92,0
2591,PATUSER_025,patient,view_queue,12a088f3-264b-6a9f-9a57-678747110969,2026-05-12 01:24:13,queue,QUEUE_3538,4,2,1,0.0,1.922,0,0,73.85,0
2592,PATUSER_024,patient,view_queue,1c39de5b-289a-3a1a-669b-2f756efb8bcb,2026-05-03 01:21:18,queue,QUEUE_3568,4,2,1,0.0,1.371,0,0,8.83,0
2593,DOC_010,doctor,create_prescription,2d457e3d-90cb-357e-f7e0-3014068d2f29,2026-03-31 04:46:16,prescription,PRESCRIPTION_2296,15,14,1,0.21,1.922,0,0,19.85,0
2594,NUR_006,nurse,update_vitals,5dd32bff-9eaf-50ef-db4f-c6065be13792,2026-05-02 05:50:14,observation,OBSERVATION_2834,26,7,1,0.06,0.811,0,0,51.15,0
2595,PATUSER_017,patient,view_own_record,e7fccc97-5df9-b27f-8322-44fd5b624936,2026-03-29 02:56:21,medical_record,MEDICAL_RECORD_2134,5,2,1,0.0,1.5,0,0,54.35,0
2596,NUR_003,nurse,update_vitals,e1571870-cf37-1c6b-c97f-c4ab9a32b172,2026-04-02 08:59:05,observation,OBSERVATION_6908,22,22,0,0.07,2.0,0,0,67.22,0
2597,DOC_010,doctor,create_prescription,7225d50f-9363-214e-02d6-3fdc2a246bdc,2026-05-10 18:33:05,prescription,PRESCRIPTION_6340,38,40,0,0.78,1.918,0,0,287.89,1
2598,NUR_002,nurse,update_queue,054e161c-d33f-0970-2018-1f19582e0813,2026-04-28 09:19:56,appointment,APPOINTMENT_9361,10,23,0,0.12,2.0,0,0,6.08,0
2599,PATUSER_005,patient,view_own_record,465dd060-e77a-9924-0d7a-75d52d39a714,2026-05-18 08:17:28,medical_record,MEDICAL_RECORD_6058,1,2,0,0.0,1.5,0,0,15.72,0
2600,NUR_003,nurse,update_queue,2b31de7e-3596-37c7-1d46-db12d82e73ef,2026-05-22 01:47:32,appointment,APPOINTMENT_7104,19,6,1,0.1,1.846,0,0,67.27,0
2601,PATUSER_020,patient,view_queue,fb36d3d9-666c-c4c2-bb96-c9195538d4df,2026-04-30 06:10:44,queue,QUEUE_8563,4,3,0,0.0,1.522,0,0,19.89,0
2602,DOC_010,doctor,view_observation,d1838618-2a96-9761-0b8d-89a92a022bcc,2026-05-15 10:20:30,observation,OBSERVATION_5456,6,9,0,0.07,1.371,0,0,53.57,0
2603,PATUSER_007,patient,view_record,fb36d3d9-666c-c4c2-bb96-c9195538d4df,2026-03-28 19:19:09,medical_record,MEDICAL_RECORD_3189,46,36,0,0.87,1.5,0,1,170.5,1
2604,NUR_001,nurse,update_queue,2d457e3d-90cb-357e-f7e0-3014068d2f29,2026-03-25 04:06:26,appointment,APPOINTMENT_9749,28,23,1,0.01,1.842,0,0,64.94,0
2605,PATUSER_025,patient,book_appointment,d9044272-63af-eca3-2a0c-ec9f9c10a98f,2026-04-26 03:54:45,appointment,APPOINTMENT_7781,3,2,1,0.0,1.459,0,0,18.73,0
2606,PATUSER_024,patient,view_own_record,754c6983-a899-1c3c-f51d-2af172b88b91,2026-05-09 11:50:27,medical_record,MEDICAL_RECORD_8439,6,2,0,0.0,1.738,0,0,7.85,0
2607,PATUSER_010,patient,cancel_appointment,f84719a0-d28d-ec20-64a8-a17992dcd9ac,2026-05-03 11:26:15,appointment,APPOINTMENT_2518,1,2,0,0.0,1.5,0,0,72.66,0
2608,PATUSER_014,patient,view_queue,8c562216-cb73-0829-2fa4-123468939df6,2026-05-22 05:49:55,queue,QUEUE_9153,3,1,1,0.0,1.522,0,0,7.49,0
2609,PATUSER_027,patient,view_own_record,f2df6bf3-460e-f410-cac9-472739e5df85,2026-04-04 07:08:43,medical_record,MEDICAL_RECORD_8029,3,3,0,0.0,1.5,0,0,29.65,0
2610,NUR_003,nurse,update_queue,2faf5170-7c17-9c76-c091-5349b5ecad23,2026-04-29 04:59:43,appointment,APPOINTMENT_6910,27,9,1,0.06,1.557,0,0,26.84,0
2611,DOC_006,doctor,view_record,88f931d5-4cfa-4be9-c6be-738d5fc8c215,2026-04-04 01:58:01,medical_record,MEDICAL_RECORD_8906,11,14,1,0.09,1.859,0,0,71.24,0
2612,PATUSER_024,patient,cancel_appointment,7bbc22dd-2b36-8b49-3bcc-14c25dafd13e,2026-04-27 10:00:50,appointment,APPOINTMENT_5487,6,2,0,0.0,1.888,0,0,66.68,0
2613,DOC_002,doctor,view_observation,7bbc22dd-2b36-8b49-3bcc-14c25dafd13e,2026-04-16 03:52:50,observation,OBSERVATION_9290,24,18,1,0.03,1.936,0,0,12.3,0
2614,DOC_003,doctor,update_diagnosis,1f534514-2f45-191e-04b4-ad9e93bdf422,2026-03-31 04:50:28,condition,CONDITION_5127,15,13,1,0.02,1.855,0,0,51.38,0
2615,PATUSER_014,patient,cancel_appointment,235bd53d-07f7-5874-c952-5126acfab01e,2026-05-17 04:37:30,appointment,APPOINTMENT_6745,3,2,1,0.0,1.585,0,0,22.18,0
2616,PATUSER_006,patient,view_own_record,2faf5170-7c17-9c76-c091-5349b5ecad23,2026-04-06 07:43:33,medical_record,MEDICAL_RECORD_2665,4,3,0,0.0,1.435,0,0,55.67,0
2617,NUR_005,nurse,update_queue,19e9c5a5-4114-0f95-e5e8-29cd6749d4e1,2026-04-28 01:58:23,appointment,APPOINTMENT_9527,16,24,1,0.1,1.895,0,0,27.88,0
2618,PATUSER_009,patient,book_appointment,5e236a28-42bb-348c-3267-03ed1a052b40,2026-04-06 07:08:25,appointment,APPOINTMENT_7187,5,2,0,0.0,1.884,0,0,65.03,0
2619,PATUSER_018,patient,update_diagnosis,3408cffd-cbea-0de1-e3a8-8b0b86bb5637,2026-03-29 19:20:01,condition,CONDITION_4918,80,66,0,0.69,1.95,1,1,304.4,1
2620,PATUSER_021,patient,view_queue,21b4ddc5-081e-1ecd-3573-f2ea42677b66,2026-05-03 08:20:49,queue,QUEUE_8607,2,1,0,0.0,2.0,0,0,39.74,0
2621,DOC_015,doctor,update_diagnosis,10751dec-9152-b658-beeb-ba433fbb9213,2026-05-01 05:39:32,condition,CONDITION_6680,9,8,1,0.09,1.842,0,0,68.76,0
2622,PATUSER_027,patient,view_own_record,754c6983-a899-1c3c-f51d-2af172b88b91,2026-05-09 06:28:08,medical_record,MEDICAL_RECORD_2493,3,1,0,0.0,1.95,0,0,49.34,0
2623,PATUSER_026,patient,view_audit,917ffe5d-46b2-36f1-0de8-35e5ed017fa7,2026-05-08 20:30:10,audit,AUDIT_1690,89,25,0,0.88,2.252,1,1,230.16,1
2624,PATUSER_002,patient,cancel_appointment,88f931d5-4cfa-4be9-c6be-738d5fc8c215,2026-04-07 10:50:23,appointment,APPOINTMENT_3882,5,3,0,0.0,1.669,0,0,18.25,0
2625,PATUSER_014,patient,book_appointment,21adc8c0-7e1e-5167-1ac1-5449a6a2c73f,2026-04-26 08:21:18,appointment,APPOINTMENT_4443,4,2,0,0.0,1.73,0,0,27.03,0
2626,DOC_006,doctor,view_observation,12a088f3-264b-6a9f-9a57-678747110969,2026-04-16 02:16:42,observation,OBSERVATION_5727,10,7,1,0.14,1.792,0,0,50.08,0
2627,PATUSER_019,patient,book_appointment,a82f0145-e797-d65d-bebf-e49dd38bac1e,2026-05-03 05:54:25,appointment,APPOINTMENT_1588,4,2,1,0.0,0.985,0,0,41.85,0
2628,PATUSER_015,patient,view_own_record,1f534514-2f45-191e-04b4-ad9e93bdf422,2026-04-16 05:31:00,medical_record,MEDICAL_RECORD_2671,6,1,1,0.0,1.75,0,0,28.77,0
2629,ADM_001,admin,view_audit,5e236a28-42bb-348c-3267-03ed1a052b40,2026-05-15 05:40:21,audit,AUDIT_6953,8,1,1,0.0,1.459,0,0,68.7,0
2630,DOC_007,doctor,update_diagnosis,d1e9c67e-e701-dbf5-aa21-bb9ae3751b97,2026-03-31 06:42:37,condition,CONDITION_8779,24,10,0,0.03,1.722,0,0,29.86,0
2631,DOC_007,doctor,view_observation,d5d8b210-bca5-a9ce-0711-3d09468bfe47,2026-04-25 01:02:01,observation,OBSERVATION_3926,13,13,1,0.03,1.922,0,0,39.19,0
2632,PATUSER_003,patient,cancel_appointment,671064b5-039b-51a8-7e40-8e6baa0a7e35,2026-04-16 03:16:46,appointment,APPOINTMENT_3883,2,1,1,0.0,1.95,0,0,32.53,0
2633,DOC_013,doctor,view_observation,dda456b9-cd60-e91b-8a88-fd381a9e4611,2026-04-21 02:07:18,observation,OBSERVATION_9750,16,12,1,0.07,1.971,0,0,72.69,0
2634,PATUSER_003,patient,view_queue,10751dec-9152-b658-beeb-ba433fbb9213,2026-04-25 02:02:54,queue,QUEUE_1591,5,3,1,0.0,1.922,0,0,38.72,0
2635,DOC_010,doctor,view_observation,a8bef5c2-6743-79e8-8477-bc3b6244c334,2026-05-21 05:40:26,observation,OBSERVATION_3139,15,6,1,0.11,1.842,0,0,41.38,0
2636,PATUSER_008,patient,view_queue,ea7deb48-7fa5-3406-28b9-051b0c18d363,2026-05-15 10:23:28,queue,QUEUE_7637,5,2,0,0.0,1.837,0,0,35.41,0
2637,ADM_001,admin,update_schedule,c5d42b3b-72de-b953-545d-1de4cf59d279,2026-05-10 01:50:12,schedule,SCHEDULE_2087,6,4,1,0.08,1.906,0,0,47.95,0
2638,PATUSER_018,patient,update_diagnosis,2faf5170-7c17-9c76-c091-5349b5ecad23,2026-04-19 17:29:04,condition,CONDITION_5288,78,23,0,0.98,2.085,0,1,258.28,1
2639,PATUSER_012,patient,view_queue,2b31de7e-3596-37c7-1d46-db12d82e73ef,2026-03-27 05:53:37,queue,QUEUE_1782,2,3,1,0.0,1.5,0,0,29.19,0
2640,PATUSER_017,patient,cancel_appointment,3844e0c5-14c7-8f87-19b0-8f769b3bdd70,2026-04-01 12:17:48,appointment,APPOINTMENT_6712,6,3,0,0.0,0.971,0,0,45.93,0
2641,DOC_001,doctor,view_observation,2b31de7e-3596-37c7-1d46-db12d82e73ef,2026-05-22 11:41:19,observation,OBSERVATION_6247,12,11,0,0.11,1.811,0,0,16.31,0
2642,PATUSER_020,patient,cancel_appointment,2925a752-da6a-ef1f-31aa-68b0c2ff5027,2026-04-07 04:05:28,appointment,APPOINTMENT_3264,6,3,1,0.0,1.685,0,0,17.48,0
2643,ADM_002,admin,update_schedule,c72a8c6e-1dfd-0a8b-20e7-066eadd4931c,2026-05-14 10:18:56,schedule,SCHEDULE_6024,13,6,0,0.05,1.459,0,0,48.8,0
2644,PATUSER_026,patient,view_own_record,6383af50-c8f6-0c22-1dd4-6ee2be572cb1,2026-05-02 07:18:00,medical_record,MEDICAL_RECORD_6864,4,1,0,0.0,1.459,0,0,66.86,0
2645,DOC_007,doctor,view_record,054e161c-d33f-0970-2018-1f19582e0813,2026-04-22 10:29:37,medical_record,MEDICAL_RECORD_6052,15,5,0,0.02,1.449,0,0,19.93,0
2646,PATUSER_017,patient,book_appointment,155649eb-5d3e-41ca-5a2c-78972a1721f4,2026-04-23 07:32:00,appointment,APPOINTMENT_4934,3,3,0,0.0,1.5,0,0,58.81,0
2647,DOC_015,doctor,view_observation,671064b5-039b-51a8-7e40-8e6baa0a7e35,2026-04-10 17:55:17,observation,OBSERVATION_6845,90,31,0,0.76,1.522,1,0,292.62,1
2648,DOC_006,doctor,create_prescription,a8bef5c2-6743-79e8-8477-bc3b6244c334,2026-04-03 08:53:10,prescription,PRESCRIPTION_4380,12,12,0,0.22,1.557,0,0,53.46,0
2649,PATUSER_017,patient,view_queue,2d457e3d-90cb-357e-f7e0-3014068d2f29,2026-05-04 04:47:41,queue,QUEUE_2367,6,3,1,0.0,1.761,0,0,10.33,0
2650,PATUSER_023,patient,book_appointment,d20dc49f-5674-961e-a123-6e3000654b95,2026-04-02 06:22:49,appointment,APPOINTMENT_7657,2,1,0,0.0,1.449,0,0,49.72,0
2651,ADM_001,admin,view_audit,6383af50-c8f6-0c22-1dd4-6ee2be572cb1,2026-05-06 08:05:00,audit,AUDIT_5602,7,8,0,0.02,1.846,0,0,29.26,0
2652,DOC_003,doctor,view_record,9cefc3e8-33f8-beac-d280-fb10e474151c,2026-03-31 04:51:41,medical_record,MEDICAL_RECORD_7502,19,9,1,0.0,1.79,0,0,67.3,0
2653,DOC_013,doctor,view_observation,20f1f5b5-38be-6554-7a24-9fcc8d4bd6c4,2026-04-10 07:09:49,observation,OBSERVATION_6009,14,8,0,0.1,-0.0,0,0,10.19,0
2654,ADM_003,admin,view_audit,3eee4689-2d02-6ec9-c257-42b3adfdcd70,2026-05-08 02:40:42,audit,AUDIT_3801,8,8,1,0.04,1.459,0,0,67.46,0
2655,PATUSER_017,patient,cancel_appointment,1c39de5b-289a-3a1a-669b-2f756efb8bcb,2026-05-18 11:04:47,appointment,APPOINTMENT_6811,4,1,0,0.0,1.371,0,0,31.94,0
2656,PATUSER_003,patient,cancel_appointment,1290bba5-c164-4273-9694-c3ce92270ef2,2026-05-08 06:35:54,appointment,APPOINTMENT_7231,6,1,0,0.0,1.971,0,0,43.13,0
2657,ADM_003,admin,view_report,d998bd61-bed8-3eb5-dcb5-297579cf936f,2026-04-21 19:00:07,report,REPORT_4014,74,30,0,0.85,1.888,0,0,167.41,1
2658,DOC_004,doctor,update_diagnosis,ea7deb48-7fa5-3406-28b9-051b0c18d363,2026-05-04 04:03:22,condition,CONDITION_3497,5,7,1,0.2,1.922,0,0,48.77,0
2659,DOC_010,doctor,update_diagnosis,1f534514-2f45-191e-04b4-ad9e93bdf422,2026-03-29 03:33:13,condition,CONDITION_8664,12,14,1,0.16,1.379,0,0,20.7,0
2660,ADM_003,admin,view_report,83948281-33ad-4a11-0a3d-04484caf2ab9,2026-04-05 08:35:06,report,REPORT_5436,15,2,0,0.02,1.295,1,0,43.6,0
2661,DOC_013,doctor,update_diagnosis,dd0de87d-2596-9c38-a834-6f5246a48a51,2026-05-14 20:03:08,condition,CONDITION_2960,44,72,0,0.66,1.76,1,0,139.38,1
2662,NUR_004,nurse,update_vitals,820d39a0-d304-2b9d-25a8-d705deede745,2026-05-01 09:52:44,observation,OBSERVATION_5580,30,23,0,0.01,1.5,0,0,54.05,0
2663,PATUSER_012,patient,view_queue,0369610a-4641-e2d5-80b2-844b2bd99f16,2026-03-31 01:19:22,queue,QUEUE_7706,3,2,1,0.0,1.918,0,0,66.13,0
2664,DOC_006,doctor,update_diagnosis,e94fc8e2-b867-5164-0607-5e5eb581b150,2026-05-19 09:34:26,condition,CONDITION_6245,11,16,0,0.18,1.842,0,0,9.08,0
2665,PATUSER_006,patient,book_appointment,465dd060-e77a-9924-0d7a-75d52d39a714,2026-04-05 04:53:23,appointment,APPOINTMENT_8071,1,1,1,0.0,1.53,0,0,33.76,0
2666,DOC_015,doctor,view_observation,e126e379-083f-ea08-0358-303361acf072,2026-04-20 09:19:01,observation,OBSERVATION_2978,7,6,0,0.09,1.79,0,0,24.46,0
2667,PATUSER_029,patient,view_own_record,d998bd61-bed8-3eb5-dcb5-297579cf936f,2026-03-31 05:44:53,medical_record,MEDICAL_RECORD_9345,5,1,1,0.0,1.918,0,0,62.86,0
2668,DOC_011,doctor,create_prescription,8c562216-cb73-0829-2fa4-123468939df6,2026-04-15 00:53:43,prescription,PRESCRIPTION_8588,8,11,1,0.21,1.485,0,0,64.44,0
2669,PATUSER_009,patient,view_queue,f8540aed-49fc-9dd6-b195-288635b1d17a,2026-03-30 09:00:33,queue,QUEUE_2453,5,2,0,0.0,1.842,0,0,40.88,0
2670,DOC_001,doctor,view_record,a24f1dcf-ef87-f609-183a-d00bcc9b7292,2026-04-05 11:59:39,medical_record,MEDICAL_RECORD_5929,13,18,0,0.05,1.379,1,0,48.9,0
2671,PATUSER_023,patient,cancel_appointment,10751dec-9152-b658-beeb-ba433fbb9213,2026-04-03 05:16:49,appointment,APPOINTMENT_5534,3,2,1,0.0,1.971,0,0,37.51,0
2672,ADM_002,admin,view_audit,4642b627-0caa-32c4-a7cd-87689252d332,2026-04-06 18:27:57,audit,AUDIT_7779,41,59,0,0.77,1.361,1,0,145.99,1
2673,NUR_005,nurse,update_vitals,21adc8c0-7e1e-5167-1ac1-5449a6a2c73f,2026-04-02 08:59:48,observation,OBSERVATION_4708,29,10,0,0.1,1.371,0,0,70.18,0
2674,PATUSER_025,patient,cancel_appointment,ad37dc95-561f-9348-6577-eff9b22d47c2,2026-04-25 05:14:58,appointment,APPOINTMENT_3502,1,2,1,0.0,1.522,0,0,14.95,0
2675,DOC_002,doctor,update_diagnosis,dda456b9-cd60-e91b-8a88-fd381a9e4611,2026-04-01 09:57:16,condition,CONDITION_7938,7,16,0,0.0,1.379,0,0,24.08,0
2676,PATUSER_028,patient,cancel_appointment,219c0f88-2190-9af2-4122-bcf1c4f4a0bf,2026-05-14 07:02:05,appointment,APPOINTMENT_3603,2,2,0,0.0,1.53,0,0,53.83,0
2677,PATUSER_029,patient,view_own_record,e1571870-cf37-1c6b-c97f-c4ab9a32b172,2026-05-07 06:53:49,medical_record,MEDICAL_RECORD_1638,3,2,0,0.0,1.685,0,0,53.51,0
2678,PATUSER_007,patient,update_diagnosis,10751dec-9152-b658-beeb-ba433fbb9213,2026-04-05 21:14:52,condition,CONDITION_7898,79,62,0,0.66,1.895,1,1,307.8,1
2679,DOC_006,doctor,update_diagnosis,c5d42b3b-72de-b953-545d-1de4cf59d279,2026-04-28 11:30:22,condition,CONDITION_9126,12,9,0,0.08,1.846,0,0,60.87,0
2680,PATUSER_010,patient,book_appointment,843d8b33-f833-1324-2aa6-e07c91e49204,2026-04-08 03:24:06,appointment,APPOINTMENT_2737,1,3,1,0.0,1.922,0,0,9.52,0
2681,NUR_005,nurse,update_diagnosis,d1838618-2a96-9761-0b8d-89a92a022bcc,2026-04-28 18:57:31,condition,CONDITION_8552,62,41,0,0.89,2.0,0,1,370.23,1
2682,PATUSER_023,patient,view_own_record,054e161c-d33f-0970-2018-1f19582e0813,2026-05-13 01:05:17,medical_record,MEDICAL_RECORD_7232,3,2,1,0.0,1.922,0,0,47.32,0
2683,DOC_009,doctor,view_observation,a8bef5c2-6743-79e8-8477-bc3b6244c334,2026-05-20 06:30:58,observation,OBSERVATION_9851,7,16,0,0.15,1.891,0,0,36.16,0
2684,PATUSER_016,patient,view_own_record,8fcbd58f-7e61-d74d-9b35-46d267ecbbd3,2026-05-08 08:34:45,medical_record,MEDICAL_RECORD_9736,5,3,0,0.0,1.459,0,0,49.56,0
2685,PATUSER_027,patient,cancel_appointment,bfb0d055-557b-4579-1a3b-78cc2ead82c9,2026-05-17 06:19:03,appointment,APPOINTMENT_5560,3,1,0,0.0,1.918,0,0,16.41,0
2686,PATUSER_029,patient,cancel_appointment,3844e0c5-14c7-8f87-19b0-8f769b3bdd70,2026-04-07 05:02:25,appointment,APPOINTMENT_3898,2,1,1,0.0,1.459,0,0,24.35,0
2687,NUR_005,nurse,update_queue,d1e9c67e-e701-dbf5-aa21-bb9ae3751b97,2026-04-07 06:53:11,appointment,APPOINTMENT_9192,29,12,0,0.1,1.823,0,0,69.89,0
2688,NUR_004,nurse,view_appointment,d1838618-2a96-9761-0b8d-89a92a022bcc,2026-04-12 04:04:53,appointment,APPOINTMENT_7501,13,8,1,0.12,1.846,0,0,7.94,0
2689,PATUSER_004,patient,view_own_record,01974f36-ced2-c38e-32c5-1b09e1fe1638,2026-04-07 08:12:22,medical_record,MEDICAL_RECORD_9629,1,3,0,0.0,1.846,0,0,13.27,0
2690,DOC_002,doctor,update_diagnosis,e94fc8e2-b867-5164-0607-5e5eb581b150,2026-04-11 09:30:51,condition,CONDITION_4070,15,14,0,0.01,1.895,0,0,58.56,0
2691,DOC_002,doctor,view_record,a2ff83e0-2cc0-50a4-b008-52a1add72ced,2026-04-14 07:38:58,medical_record,MEDICAL_RECORD_8477,15,8,0,0.18,1.522,0,0,44.51,0
2692,DOC_012,doctor,create_prescription,e1571870-cf37-1c6b-c97f-c4ab9a32b172,2026-05-16 18:15:38,prescription,PRESCRIPTION_4051,44,77,0,0.89,1.435,1,0,414.11,1
2693,NUR_003,nurse,register_walkin,054e161c-d33f-0970-2018-1f19582e0813,2026-05-20 04:57:57,appointment,APPOINTMENT_3940,24,15,1,0.02,1.435,0,0,44.31,0
2694,NUR_003,nurse,view_appointment,9cefc3e8-33f8-beac-d280-fb10e474151c,2026-03-30 09:51:51,appointment,APPOINTMENT_8650,15,14,0,0.05,1.918,0,0,64.32,0
2695,PATUSER_006,patient,view_queue,073b376b-9659-3e78-c6a6-a08b74d710da,2026-05-06 03:57:57,queue,QUEUE_8970,3,3,1,0.0,1.539,0,0,24.93,0
2696,PATUSER_012,patient,view_queue,8db9c819-1c0b-c9a9-3e31-4b85f52201d2,2026-04-22 01:09:14,queue,QUEUE_7609,4,3,1,0.0,1.906,0,0,60.62,0
2697,DOC_012,doctor,view_observation,b09b332a-a8b1-5541-6855-d6420f922505,2026-05-18 01:47:18,observation,OBSERVATION_9221,17,9,1,0.06,1.753,0,0,11.49,0
2698,PATUSER_017,patient,view_queue,d9044272-63af-eca3-2a0c-ec9f9c10a98f,2026-04-14 10:16:35,queue,QUEUE_4881,1,3,0,0.0,1.406,0,0,56.23,0
2699,PATUSER_015,patient,book_appointment,d5d8b210-bca5-a9ce-0711-3d09468bfe47,2026-04-05 00:50:48,appointment,APPOINTMENT_6919,1,3,1,0.0,1.459,0,0,53.44,0
2700,PATUSER_021,patient,book_appointment,7225d50f-9363-214e-02d6-3fdc2a246bdc,2026-03-25 08:18:40,appointment,APPOINTMENT_1522,2,2,0,0.0,1.241,0,0,43.01,0
2701,PATUSER_022,patient,cancel_appointment,e300c149-9eaa-3d5a-57d9-ea8d4c996597,2026-04-17 08:55:12,appointment,APPOINTMENT_4084,3,2,0,0.0,1.379,0,0,27.05,0
2702,DOC_009,doctor,update_diagnosis,054e161c-d33f-0970-2018-1f19582e0813,2026-05-03 11:59:44,condition,CONDITION_8769,7,10,0,0.09,1.826,0,0,55.85,0
2703,DOC_007,doctor,update_diagnosis,a2ff83e0-2cc0-50a4-b008-52a1add72ced,2026-04-16 04:03:03,condition,CONDITION_7643,19,4,1,0.14,1.922,0,0,25.92,0
2704,PATUSER_022,patient,cancel_appointment,ed1c3b46-34b9-221b-cb10-682e9ed9ddbd,2026-04-11 09:14:48,appointment,APPOINTMENT_8512,5,3,0,0.0,1.557,0,0,39.98,0
2705,NUR_005,nurse,update_queue,0e697a7b-149b-602d-af6f-7e76ca18c5d7,2026-03-27 10:38:17,appointment,APPOINTMENT_6319,26,7,0,0.07,1.891,0,0,10.6,0
2706,NUR_004,nurse,update_vitals,155649eb-5d3e-41ca-5a2c-78972a1721f4,2026-04-25 11:56:52,observation,OBSERVATION_4929,20,16,0,0.02,1.95,0,0,5.55,0
2707,DOC_011,doctor,view_record,9cefc3e8-33f8-beac-d280-fb10e474151c,2026-05-16 05:17:42,medical_record,MEDICAL_RECORD_8882,22,12,1,0.09,1.95,0,0,20.35,0
2708,NUR_001,nurse,view_audit,2b31de7e-3596-37c7-1d46-db12d82e73ef,2026-04-10 19:14:50,audit,AUDIT_3759,70,41,0,0.83,1.73,0,1,306.29,1
2709,PATUSER_020,patient,cancel_appointment,c95c96d5-ac6e-6ab6-143b-6da3e3923f39,2026-04-23 07:28:11,appointment,APPOINTMENT_8177,5,1,0,0.0,1.617,0,0,13.93,0
2710,DOC_005,doctor,view_record,f8540aed-49fc-9dd6-b195-288635b1d17a,2026-04-02 01:45:39,medical_record,MEDICAL_RECORD_9413,16,16,1,0.18,1.75,0,0,19.76,0
2711,DOC_014,doctor,view_observation,bee08b10-0c18-396e-9f8a-03e41691509b,2026-04-02 00:50:41,observation,OBSERVATION_1109,23,3,1,0.04,1.981,0,0,52.55,0
2712,DOC_012,doctor,update_diagnosis,4ca3be26-4f97-27f0-32fa-6ea155eba23a,2026-04-30 07:57:31,condition,CONDITION_1436,10,3,0,0.11,1.884,0,0,33.99,0
2713,DOC_012,doctor,view_record,9cefc3e8-33f8-beac-d280-fb10e474151c,2026-03-24 16:29:03,medical_record,MEDICAL_RECORD_3733,90,27,0,0.94,1.459,1,0,261.48,1
2714,DOC_003,doctor,view_record,3c6d02df-84f2-f9e2-8e09-852349757293,2026-04-12 03:53:53,medical_record,MEDICAL_RECORD_2995,23,14,1,0.08,1.79,0,0,42.04,0
2715,PATUSER_007,patient,cancel_appointment,4642b627-0caa-32c4-a7cd-87689252d332,2026-04-23 01:11:56,appointment,APPOINTMENT_2984,4,2,1,0.0,1.5,0,0,56.54,0
2716,PATUSER_003,patient,view_record,8db9c819-1c0b-c9a9-3e31-4b85f52201d2,2026-04-01 19:13:58,medical_record,MEDICAL_RECORD_2442,38,29,0,0.88,1.5,1,1,124.68,1
2717,PATUSER_018,patient,cancel_appointment,a992fe7d-cd9b-0ace-6e0b-f6f0b5f01fc3,2026-04-21 07:23:48,appointment,APPOINTMENT_1284,5,2,0,0.0,1.784,0,0,49.5,0
2718,DOC_001,doctor,view_observation,ad37dc95-561f-9348-6577-eff9b22d47c2,2026-04-26 00:44:00,observation,OBSERVATION_4120,8,9,1,0.17,1.0,0,0,23.42,0
2719,DOC_012,doctor,create_prescription,d7b30817-a7e4-d7c5-8582-63d251b6f98c,2026-05-05 12:12:38,prescription,PRESCRIPTION_2943,22,10,0,0.05,1.379,0,0,58.94,0
2720,PATUSER_006,patient,view_queue,4bab2d0f-4783-619c-46b2-f656667ffb67,2026-03-30 05:29:13,queue,QUEUE_2413,4,3,1,0.0,1.5,0,0,74.91,0
2721,PATUSER_030,patient,book_appointment,dd0de87d-2596-9c38-a834-6f5246a48a51,2026-05-03 08:40:09,appointment,APPOINTMENT_2412,4,1,0,0.0,1.906,0,0,23.77,0
2722,NUR_006,nurse,update_vitals,754c6983-a899-1c3c-f51d-2af172b88b91,2026-04-17 05:58:18,observation,OBSERVATION_5499,28,17,1,0.08,1.936,0,0,6.32,0
2723,NUR_002,nurse,update_queue,3408cffd-cbea-0de1-e3a8-8b0b86bb5637,2026-04-26 10:50:14,appointment,APPOINTMENT_7601,18,6,0,0.01,0.722,0,0,42.92,0
2724,PATUSER_023,patient,view_queue,e300c149-9eaa-3d5a-57d9-ea8d4c996597,2026-04-09 05:41:22,queue,QUEUE_6920,4,1,1,0.0,1.0,0,0,65.33,0
2725,DOC_013,doctor,view_record,f8540aed-49fc-9dd6-b195-288635b1d17a,2026-04-28 05:36:25,medical_record,MEDICAL_RECORD_8115,14,18,1,0.02,1.459,0,0,21.31,0
2726,PATUSER_020,patient,view_audit,235bd53d-07f7-5874-c952-5126acfab01e,2026-04-17 16:52:24,audit,AUDIT_8877,67,47,0,0.85,1.522,1,1,123.21,1
2727,NUR_006,nurse,view_appointment,4ca3be26-4f97-27f0-32fa-6ea155eba23a,2026-04-08 04:39:13,appointment,APPOINTMENT_2967,15,17,1,0.07,1.95,0,0,45.96,0
2728,PATUSER_018,patient,cancel_appointment,0369610a-4641-e2d5-80b2-844b2bd99f16,2026-05-06 10:44:20,appointment,APPOINTMENT_1892,4,3,0,0.0,1.722,0,0,22.52,0
2729,DOC_001,doctor,update_diagnosis,4f74c441-7628-4f98-82a7-f4c99d926736,2026-04-19 06:06:44,condition,CONDITION_4054,22,4,0,0.15,1.561,0,0,59.4,0
2730,PATUSER_004,patient,view_own_record,d20dc49f-5674-961e-a123-6e3000654b95,2026-04-25 03:04:22,medical_record,MEDICAL_RECORD_9045,4,2,1,0.0,1.379,0,0,19.68,0
2731,PATUSER_004,patient,view_queue,a2ff83e0-2cc0-50a4-b008-52a1add72ced,2026-05-19 01:40:56,queue,QUEUE_2018,1,1,1,0.0,1.573,0,0,17.22,0
2732,DOC_002,doctor,view_record,d1838618-2a96-9761-0b8d-89a92a022bcc,2026-04-11 02:19:04,medical_record,MEDICAL_RECORD_2534,12,10,1,0.01,0.811,0,0,49.67,0
2733,PATUSER_022,patient,view_own_record,83948281-33ad-4a11-0a3d-04484caf2ab9,2026-05-01 03:35:58,medical_record,MEDICAL_RECORD_9482,6,3,1,0.0,1.936,0,0,29.87,0
2734,PATUSER_022,patient,book_appointment,820d39a0-d304-2b9d-25a8-d705deede745,2026-04-07 05:24:54,appointment,APPOINTMENT_9555,4,3,1,0.0,1.95,0,0,11.91,0
2735,DOC_009,doctor,view_observation,3eee4689-2d02-6ec9-c257-42b3adfdcd70,2026-04-28 07:22:33,observation,OBSERVATION_7173,16,16,0,0.03,1.157,0,0,49.45,0
2736,ADM_001,admin,view_report,88f931d5-4cfa-4be9-c6be-738d5fc8c215,2026-05-02 05:25:27,report,REPORT_4148,10,6,1,0.04,1.936,0,0,35.96,0
2737,PATUSER_017,patient,cancel_appointment,7bbc22dd-2b36-8b49-3bcc-14c25dafd13e,2026-05-08 07:32:28,appointment,APPOINTMENT_1855,2,1,0,0.0,0.918,0,0,24.53,0
2738,PATUSER_004,patient,cancel_appointment,dd0de87d-2596-9c38-a834-6f5246a48a51,2026-04-03 08:31:58,appointment,APPOINTMENT_9420,3,2,0,0.0,1.585,0,0,5.21,0
2739,PATUSER_027,patient,view_own_record,a8bef5c2-6743-79e8-8477-bc3b6244c334,2026-04-04 09:12:18,medical_record,MEDICAL_RECORD_1903,5,1,0,0.0,1.918,0,0,40.55,0
2740,PATUSER_008,patient,view_own_record,717861a2-ab2b-2d2a-6a8f-6388dbff69d2,2026-05-17 04:11:12,medical_record,MEDICAL_RECORD_2361,4,3,1,0.0,1.5,0,0,46.89,0
2741,ADM_001,admin,view_report,6383af50-c8f6-0c22-1dd4-6ee2be572cb1,2026-05-21 04:20:58,report,REPORT_5195,14,4,1,0.03,1.918,0,0,62.86,0
2742,DOC_013,doctor,view_observation,1290bba5-c164-4273-9694-c3ce92270ef2,2026-04-23 11:37:46,observation,OBSERVATION_8353,6,11,0,0.02,1.825,0,0,49.18,0
2743,DOC_004,doctor,update_diagnosis,d1838618-2a96-9761-0b8d-89a92a022bcc,2026-05-13 20:48:14,condition,CONDITION_6131,39,52,0,0.8,1.738,1,0,153.36,1
2744,DOC_003,doctor,update_diagnosis,12a088f3-264b-6a9f-9a57-678747110969,2026-03-30 04:57:26,condition,CONDITION_5915,17,6,1,0.19,0.722,0,0,38.16,0
2745,NUR_006,nurse,update_vitals,155649eb-5d3e-41ca-5a2c-78972a1721f4,2026-05-14 03:14:48,observation,OBSERVATION_9397,15,12,1,0.11,1.392,0,0,46.09,0
2746,PATUSER_002,patient,cancel_appointment,9b5ce034-80bf-4c6b-f400-3a89fc0d135b,2026-04-10 08:39:49,appointment,APPOINTMENT_8553,4,2,0,0.0,1.891,1,0,36.25,0
2747,DOC_002,doctor,view_observation,01974f36-ced2-c38e-32c5-1b09e1fe1638,2026-04-26 11:06:35,observation,OBSERVATION_5500,18,16,0,0.19,1.75,0,0,52.51,0
2748,PATUSER_025,patient,view_own_record,01974f36-ced2-c38e-32c5-1b09e1fe1638,2026-05-06 10:42:41,medical_record,MEDICAL_RECORD_3513,3,1,0,0.0,1.922,0,0,6.72,0
2749,PATUSER_014,patient,book_appointment,bfb0d055-557b-4579-1a3b-78cc2ead82c9,2026-04-03 11:24:58,appointment,APPOINTMENT_3833,6,2,0,0.0,1.5,0,0,59.58,0
2750,PATUSER_003,patient,view_own_record,235bd53d-07f7-5874-c952-5126acfab01e,2026-05-10 05:06:04,medical_record,MEDICAL_RECORD_6207,2,3,1,0.0,1.738,0,0,38.04,0
2751,PATUSER_013,patient,view_own_record,4ca3be26-4f97-27f0-32fa-6ea155eba23a,2026-04-01 03:11:24,medical_record,MEDICAL_RECORD_1435,5,2,1,0.0,1.459,0,0,57.28,0
2752,PATUSER_003,patient,book_appointment,671064b5-039b-51a8-7e40-8e6baa0a7e35,2026-04-11 03:49:36,appointment,APPOINTMENT_8738,5,1,1,0.0,1.349,0,0,68.8,0
2753,DOC_010,doctor,create_prescription,01974f36-ced2-c38e-32c5-1b09e1fe1638,2026-05-10 02:39:52,prescription,PRESCRIPTION_3745,12,10,1,0.21,1.522,0,0,44.55,0
2754,PATUSER_021,patient,view_own_record,e60a6ecc-5639-5800-4bf2-8e8a2865e55c,2026-05-13 07:44:14,medical_record,MEDICAL_RECORD_8312,6,1,0,0.0,1.0,0,0,73.71,0
2755,PATUSER_018,patient,book_appointment,0e697a7b-149b-602d-af6f-7e76ca18c5d7,2026-03-29 07:01:10,appointment,APPOINTMENT_3132,5,1,0,0.0,1.811,0,0,47.69,0
2756,PATUSER_014,patient,view_queue,b3c9a883-40ea-1452-7b76-62e552e033d2,2026-05-20 03:40:38,queue,QUEUE_8090,5,2,1,0.0,1.252,0,0,24.94,0
2757,DOC_013,doctor,view_record,42c1eb05-09a9-eeda-a957-d822de66c536,2026-04-12 08:47:37,medical_record,MEDICAL_RECORD_7951,11,15,0,0.11,1.539,0,0,28.83,0
2758,NUR_005,nurse,register_walkin,e8b56457-438e-7a2e-04ee-e0b2ec149f61,2026-04-18 05:10:49,appointment,APPOINTMENT_5550,10,6,1,0.04,1.352,0,0,51.74,0
2759,PATUSER_022,patient,view_queue,21adc8c0-7e1e-5167-1ac1-5449a6a2c73f,2026-04-24 09:47:28,queue,QUEUE_7938,5,2,0,0.0,1.75,0,0,5.36,0
2760,DOC_012,doctor,update_diagnosis,d20dc49f-5674-961e-a123-6e3000654b95,2026-04-06 12:09:22,condition,CONDITION_6709,5,6,0,0.16,1.859,0,0,18.1,0
2761,DOC_012,doctor,view_record,f84719a0-d28d-ec20-64a8-a17992dcd9ac,2026-05-19 11:02:23,medical_record,MEDICAL_RECORD_1064,12,3,0,0.07,1.65,0,0,14.35,0
2762,PATUSER_017,patient,cancel_appointment,219c0f88-2190-9af2-4122-bcf1c4f4a0bf,2026-04-25 10:02:34,appointment,APPOINTMENT_1184,3,1,0,0.0,1.5,0,0,29.19,0
2763,DOC_011,doctor,create_prescription,a8bef5c2-6743-79e8-8477-bc3b6244c334,2026-05-18 00:50:22,prescription,PRESCRIPTION_1072,5,8,1,0.04,1.669,0,0,69.71,0
2764,PATUSER_030,patient,view_own_record,01974f36-ced2-c38e-32c5-1b09e1fe1638,2026-04-25 07:33:19,medical_record,MEDICAL_RECORD_5811,6,1,0,0.0,2.0,1,0,38.68,0
2765,ADM_003,admin,view_audit,d7b30817-a7e4-d7c5-8582-63d251b6f98c,2026-04-27 20:46:36,audit,AUDIT_1744,70,70,0,0.84,1.522,1,0,168.5,1
2766,DOC_002,doctor,view_record,9b5ce034-80bf-4c6b-f400-3a89fc0d135b,2026-03-31 10:15:57,medical_record,MEDICAL_RECORD_6634,24,17,0,0.21,1.891,0,0,24.65,0
2767,PATUSER_015,patient,view_queue,e60a6ecc-5639-5800-4bf2-8e8a2865e55c,2026-04-26 10:44:02,queue,QUEUE_2219,1,1,0,0.0,1.379,0,0,47.15,0
2768,NUR_007,nurse,view_appointment,d1838618-2a96-9761-0b8d-89a92a022bcc,2026-05-15 10:57:34,appointment,APPOINTMENT_1771,13,24,0,0.08,1.406,0,0,52.12,0
2769,DOC_015,doctor,view_observation,1290bba5-c164-4273-9694-c3ce92270ef2,2026-04-05 03:38:46,observation,OBSERVATION_4624,17,10,1,0.2,1.891,0,0,13.01,0
2770,PATUSER_010,patient,view_own_record,744a7169-4e89-61ff-27f2-3c736abf4368,2026-04-01 07:21:26,medical_record,MEDICAL_RECORD_7453,1,1,0,0.0,1.959,0,0,15.2,0
2771,PATUSER_017,patient,view_queue,917ffe5d-46b2-36f1-0de8-35e5ed017fa7,2026-05-21 04:42:30,queue,QUEUE_2761,5,1,1,0.0,0.811,0,0,11.17,0
2772,DOC_001,doctor,view_observation,d1838618-2a96-9761-0b8d-89a92a022bcc,2026-04-16 04:15:45,observation,OBSERVATION_6674,22,8,1,0.04,1.53,0,0,21.46,0
2773,NUR_004,nurse,update_queue,12a088f3-264b-6a9f-9a57-678747110969,2026-04-11 06:50:07,appointment,APPOINTMENT_7565,26,23,0,0.11,1.73,0,0,49.9,0
2774,PATUSER_015,patient,book_appointment,0369610a-4641-e2d5-80b2-844b2bd99f16,2026-03-30 09:51:59,appointment,APPOINTMENT_1789,5,3,0,0.0,1.918,0,0,70.41,0
2775,PATUSER_004,patient,view_queue,5dd32bff-9eaf-50ef-db4f-c6065be13792,2026-04-11 05:28:02,queue,QUEUE_1940,5,3,1,0.0,0.811,0,0,50.88,0
2776,PATUSER_012,patient,cancel_appointment,1290bba5-c164-4273-9694-c3ce92270ef2,2026-05-02 09:37:22,appointment,APPOINTMENT_9605,4,2,0,0.0,1.73,0,0,61.32,0
2777,ADM_002,admin,manage_user,b4679b26-64ac-c348-6667-1e9093ae866f,2026-04-10 12:24:58,user,USER_8683,8,6,0,0.07,1.522,0,0,66.91,0
2778,PATUSER_016,patient,book_appointment,717861a2-ab2b-2d2a-6a8f-6388dbff69d2,2026-04-05 10:29:34,appointment,APPOINTMENT_6358,6,3,0,0.0,1.539,0,0,74.53,0
2779,NUR_007,nurse,register_walkin,a8bef5c2-6743-79e8-8477-bc3b6244c334,2026-04-04 09:13:57,appointment,APPOINTMENT_7373,11,8,0,0.08,1.722,0,0,48.54,0
2780,PATUSER_005,patient,book_appointment,11b2d013-d581-7187-e88b-7a04781d307b,2026-05-15 11:49:07,appointment,APPOINTMENT_8216,1,1,0,0.0,1.571,0,0,51.09,0
2781,PATUSER_012,patient,view_own_record,e94fc8e2-b867-5164-0607-5e5eb581b150,2026-05-18 05:31:22,medical_record,MEDICAL_RECORD_3784,1,3,1,0.0,1.406,0,0,22.8,0
2782,PATUSER_017,patient,view_queue,7f857501-0257-2c7f-2e8f-9886705681f3,2026-05-16 06:16:20,queue,QUEUE_6842,2,1,0,0.0,0.592,0,0,22.23,0
2783,PATUSER_020,patient,book_appointment,8fcbd58f-7e61-d74d-9b35-46d267ecbbd3,2026-03-31 05:20:18,appointment,APPOINTMENT_8746,6,2,1,0.0,1.936,0,0,72.72,0
2784,PATUSER_004,patient,view_queue,f84719a0-d28d-ec20-64a8-a17992dcd9ac,2026-05-11 06:58:32,queue,QUEUE_1020,2,2,0,0.0,1.614,0,0,60.82,0
2785,DOC_006,doctor,create_prescription,ad37dc95-561f-9348-6577-eff9b22d47c2,2026-04-02 11:16:56,prescription,PRESCRIPTION_3097,19,8,0,0.19,1.95,0,0,40.35,0
2786,DOC_014,doctor,view_record,1c39de5b-289a-3a1a-669b-2f756efb8bcb,2026-04-11 03:20:24,medical_record,MEDICAL_RECORD_7612,6,4,1,0.04,1.79,0,0,52.88,0
2787,NUR_004,nurse,update_vitals,9b5ce034-80bf-4c6b-f400-3a89fc0d135b,2026-04-15 03:39:12,observation,OBSERVATION_6961,18,19,1,0.02,1.855,0,0,56.69,0
2788,PATUSER_009,patient,view_own_record,235bd53d-07f7-5874-c952-5126acfab01e,2026-04-07 01:34:39,medical_record,MEDICAL_RECORD_5306,4,2,1,0.0,1.761,0,0,47.81,0
2789,PATUSER_027,patient,book_appointment,9e25d332-9229-0803-ad9f-ca235142458e,2026-05-20 02:10:41,appointment,APPOINTMENT_5982,2,2,1,0.0,1.5,0,0,12.27,0
2790,NUR_003,nurse,update_vitals,d9044272-63af-eca3-2a0c-ec9f9c10a98f,2026-04-03 11:48:41,observation,OBSERVATION_5397,18,17,0,0.11,1.936,0,0,56.58,0
2791,DOC_008,doctor,create_prescription,1f534514-2f45-191e-04b4-ad9e93bdf422,2026-04-07 07:26:32,prescription,PRESCRIPTION_2500,15,15,0,0.08,1.252,0,0,48.31,0
2792,PATUSER_001,patient,cancel_appointment,717861a2-ab2b-2d2a-6a8f-6388dbff69d2,2026-05-22 04:32:20,appointment,APPOINTMENT_7908,2,1,1,0.0,1.884,0,0,18.48,0
2793,PATUSER_027,patient,view_own_record,f5de0af7-bfb4-270e-8175-e12515583ea8,2026-05-10 11:15:34,medical_record,MEDICAL_RECORD_5299,3,1,0,0.0,-0.0,0,0,71.58,0
2794,PATUSER_001,patient,view_audit,21adc8c0-7e1e-5167-1ac1-5449a6a2c73f,2026-05-20 18:53:03,audit,AUDIT_8526,46,61,0,0.95,2.122,1,1,295.62,1
2795,PATUSER_025,patient,view_own_record,219c0f88-2190-9af2-4122-bcf1c4f4a0bf,2026-04-04 08:48:19,medical_record,MEDICAL_RECORD_8138,2,3,0,0.0,1.585,0,0,56.65,0
2796,ADM_001,admin,manage_user,d1e9c67e-e701-dbf5-aa21-bb9ae3751b97,2026-04-29 07:02:35,user,USER_2078,7,4,0,0.02,1.722,0,0,46.73,0
2797,DOC_005,doctor,view_record,d1e9c67e-e701-dbf5-aa21-bb9ae3751b97,2026-04-29 11:36:38,medical_record,MEDICAL_RECORD_9779,21,11,0,0.15,1.149,0,0,52.65,0
2798,NUR_005,nurse,view_appointment,9e25d332-9229-0803-ad9f-ca235142458e,2026-03-30 11:10:45,appointment,APPOINTMENT_5206,20,25,0,0.09,1.922,0,0,26.08,0
2799,DOC_009,doctor,create_prescription,a8bef5c2-6743-79e8-8477-bc3b6244c334,2026-05-21 01:00:37,prescription,PRESCRIPTION_3413,20,5,1,0.05,1.685,0,0,10.97,0
2800,NUR_007,nurse,update_vitals,a992fe7d-cd9b-0ace-6e0b-f6f0b5f01fc3,2026-04-22 02:07:24,observation,OBSERVATION_4503,14,20,1,0.02,1.5,0,0,62.69,0
2801,NUR_002,nurse,update_queue,d1838618-2a96-9761-0b8d-89a92a022bcc,2026-04-30 06:34:21,appointment,APPOINTMENT_6250,13,7,0,0.09,0.722,0,0,71.3,0
2802,DOC_001,doctor,update_diagnosis,dd0de87d-2596-9c38-a834-6f5246a48a51,2026-03-27 09:52:01,condition,CONDITION_7667,21,12,0,0.12,1.891,0,0,28.78,0
2803,DOC_011,doctor,create_prescription,917ffe5d-46b2-36f1-0de8-35e5ed017fa7,2026-04-13 15:41:21,prescription,PRESCRIPTION_6749,83,45,0,0.96,1.371,1,0,258.61,1
2804,DOC_006,doctor,update_diagnosis,668a10b4-c005-0df3-522e-b068e0d29ea9,2026-04-18 05:13:42,condition,CONDITION_9539,23,17,1,0.08,1.5,0,0,9.88,0
2805,PATUSER_017,patient,view_own_record,dda456b9-cd60-e91b-8a88-fd381a9e4611,2026-04-16 05:23:07,medical_record,MEDICAL_RECORD_4036,5,1,1,0.0,1.0,0,0,13.97,0
2806,DOC_010,doctor,view_observation,2faf5170-7c17-9c76-c091-5349b5ecad23,2026-03-27 03:19:20,observation,OBSERVATION_8991,14,5,1,0.18,1.825,0,0,69.09,0
2807,DOC_015,doctor,view_record,155649eb-5d3e-41ca-5a2c-78972a1721f4,2026-05-10 04:33:38,medical_record,MEDICAL_RECORD_6539,23,16,1,0.04,1.557,0,0,46.84,0
2808,DOC_015,doctor,view_observation,7bbc22dd-2b36-8b49-3bcc-14c25dafd13e,2026-04-24 04:06:50,observation,OBSERVATION_2958,18,11,1,0.09,1.906,0,0,37.55,0
2809,DOC_005,doctor,update_diagnosis,1c39de5b-289a-3a1a-669b-2f756efb8bcb,2026-04-08 04:36:35,condition,CONDITION_7419,15,18,1,0.04,1.614,0,0,29.29,0
2810,DOC_004,doctor,create_prescription,2d457e3d-90cb-357e-f7e0-3014068d2f29,2026-05-14 03:13:21,prescription,PRESCRIPTION_4205,22,12,1,0.17,1.959,0,0,72.26,0
2811,DOC_003,doctor,view_record,ed1c3b46-34b9-221b-cb10-682e9ed9ddbd,2026-04-21 11:20:19,medical_record,MEDICAL_RECORD_4001,11,16,0,0.02,1.859,0,0,71.25,0
2812,PATUSER_017,patient,view_queue,b4679b26-64ac-c348-6667-1e9093ae866f,2026-04-24 01:13:04,queue,QUEUE_6702,4,3,1,0.0,1.522,0,0,20.88,0
2813,PATUSER_025,patient,view_queue,d998bd61-bed8-3eb5-dcb5-297579cf936f,2026-04-27 11:45:09,queue,QUEUE_8994,3,2,0,0.0,1.561,0,0,62.7,0
2814,PATUSER_028,patient,book_appointment,2b31de7e-3596-37c7-1d46-db12d82e73ef,2026-04-02 06:03:36,appointment,APPOINTMENT_6048,1,2,0,0.0,1.842,0,0,33.04,0
2815,PATUSER_020,patient,cancel_appointment,717861a2-ab2b-2d2a-6a8f-6388dbff69d2,2026-04-24 07:16:10,appointment,APPOINTMENT_9213,6,1,0,0.0,1.371,0,0,59.65,0
2816,NUR_005,nurse,update_vitals,4ca3be26-4f97-27f0-32fa-6ea155eba23a,2026-04-11 07:24:55,observation,OBSERVATION_2860,23,20,0,0.03,1.859,0,0,21.94,0
2817,DOC_007,doctor,view_observation,7f857501-0257-2c7f-2e8f-9886705681f3,2026-04-01 08:54:02,observation,OBSERVATION_3839,16,14,0,0.22,1.561,0,0,9.96,0
2818,NUR_006,nurse,update_queue,11b2d013-d581-7187-e88b-7a04781d307b,2026-05-08 01:34:19,appointment,APPOINTMENT_5230,10,6,1,0.02,1.727,0,0,70.42,0
2819,PATUSER_020,patient,cancel_appointment,4642b627-0caa-32c4-a7cd-87689252d332,2026-05-20 05:34:41,appointment,APPOINTMENT_9160,6,2,1,0.0,1.855,0,0,11.75,0
2820,DOC_003,doctor,update_diagnosis,073b376b-9659-3e78-c6a6-a08b74d710da,2026-04-04 07:47:46,condition,CONDITION_7528,21,14,0,0.1,1.906,0,0,33.68,0
2821,PATUSER_001,patient,view_queue,45f758c8-34c3-3fa5-41f9-5906127ba1bd,2026-04-03 10:35:19,queue,QUEUE_5957,2,1,0,0.0,1.557,0,0,53.93,0
2822,PATUSER_024,patient,view_own_record,4bab2d0f-4783-619c-46b2-f656667ffb67,2026-04-29 05:38:05,medical_record,MEDICAL_RECORD_9218,2,3,1,0.0,2.0,0,0,30.19,0
2823,DOC_003,doctor,create_prescription,4ca3be26-4f97-27f0-32fa-6ea155eba23a,2026-04-20 09:10:37,prescription,PRESCRIPTION_6672,14,11,0,0.0,1.73,0,0,36.55,0
2824,NUR_001,nurse,update_vitals,1f534514-2f45-191e-04b4-ad9e93bdf422,2026-03-26 11:24:03,observation,OBSERVATION_9787,27,11,0,0.05,1.557,0,0,63.56,0
2825,DOC_001,doctor,create_prescription,cc4e166f-53eb-f57b-fb9c-72dddeeb448f,2026-03-25 08:05:38,prescription,PRESCRIPTION_1342,22,7,0,0.14,1.459,0,0,49.21,0
2826,DOC_014,doctor,create_prescription,9cefc3e8-33f8-beac-d280-fb10e474151c,2026-04-08 05:37:00,prescription,PRESCRIPTION_1948,22,9,1,0.17,1.842,0,0,55.18,0
2827,PATUSER_009,patient,cancel_appointment,7bbc22dd-2b36-8b49-3bcc-14c25dafd13e,2026-04-28 09:08:39,appointment,APPOINTMENT_7962,6,3,0,0.0,0.918,0,0,58.02,0
2828,PATUSER_024,patient,view_own_record,83948281-33ad-4a11-0a3d-04484caf2ab9,2026-04-26 07:11:35,medical_record,MEDICAL_RECORD_6648,1,3,0,0.0,1.888,0,0,36.13,0
2829,PATUSER_018,patient,view_own_record,f8540aed-49fc-9dd6-b195-288635b1d17a,2026-05-19 04:43:02,medical_record,MEDICAL_RECORD_9439,3,2,1,0.0,1.95,0,0,38.47,0
2830,PATUSER_027,patient,cancel_appointment,465dd060-e77a-9924-0d7a-75d52d39a714,2026-05-18 00:40:38,appointment,APPOINTMENT_5039,5,1,1,0.0,1.5,0,0,35.66,0
2831,DOC_001,doctor,update_diagnosis,42c1eb05-09a9-eeda-a957-d822de66c536,2026-04-26 07:49:06,condition,CONDITION_9172,20,10,0,0.21,1.79,0,0,31.73,0
2832,PATUSER_025,patient,cancel_appointment,8fcbd58f-7e61-d74d-9b35-46d267ecbbd3,2026-05-14 01:09:32,appointment,APPOINTMENT_8559,2,1,1,0.0,1.971,0,0,70.12,0
2833,PATUSER_014,patient,cancel_appointment,e94fc8e2-b867-5164-0607-5e5eb581b150,2026-04-04 02:36:45,appointment,APPOINTMENT_5021,3,3,1,0.0,1.459,0,0,45.21,0
2834,PATUSER_004,patient,view_own_record,d9044272-63af-eca3-2a0c-ec9f9c10a98f,2026-04-01 01:54:49,medical_record,MEDICAL_RECORD_2833,4,3,1,0.0,1.753,0,0,70.98,0
2835,DOC_003,doctor,view_record,1f534514-2f45-191e-04b4-ad9e93bdf422,2026-05-14 08:12:00,medical_record,MEDICAL_RECORD_1031,14,12,0,0.06,1.846,0,0,47.38,0
2836,DOC_001,doctor,update_diagnosis,6367a5b3-1689-57b4-634f-693bb600e552,2026-05-09 03:47:19,condition,CONDITION_5415,14,6,1,0.2,1.557,0,0,73.15,0
2837,DOC_014,doctor,view_record,2d457e3d-90cb-357e-f7e0-3014068d2f29,2026-05-14 04:15:46,medical_record,MEDICAL_RECORD_9551,19,10,1,0.02,1.825,0,0,44.98,0
2838,NUR_001,nurse,register_walkin,073b376b-9659-3e78-c6a6-a08b74d710da,2026-05-04 11:28:55,appointment,APPOINTMENT_7795,29,24,0,0.1,1.5,0,0,66.2,0
2839,DOC_013,doctor,update_diagnosis,bfb0d055-557b-4579-1a3b-78cc2ead82c9,2026-04-28 03:51:59,condition,CONDITION_2733,22,5,1,0.19,1.495,0,0,68.93,0
2840,NUR_007,nurse,register_walkin,21adc8c0-7e1e-5167-1ac1-5449a6a2c73f,2026-04-26 03:13:31,appointment,APPOINTMENT_8942,22,11,1,0.04,1.686,0,0,21.0,0
2841,PATUSER_020,patient,book_appointment,7bbc22dd-2b36-8b49-3bcc-14c25dafd13e,2026-04-25 06:16:15,appointment,APPOINTMENT_5705,2,1,0,0.0,1.459,0,0,63.98,0
2842,DOC_005,doctor,view_observation,a8bef5c2-6743-79e8-8477-bc3b6244c334,2026-04-02 06:55:57,observation,OBSERVATION_4091,12,8,0,0.09,1.522,0,0,30.58,0
2843,PATUSER_020,patient,view_own_record,ea7deb48-7fa5-3406-28b9-051b0c18d363,2026-05-03 06:51:19,medical_record,MEDICAL_RECORD_7562,6,2,0,0.0,1.557,0,0,35.83,0
2844,PATUSER_026,patient,book_appointment,8fcbd58f-7e61-d74d-9b35-46d267ecbbd3,2026-04-18 03:15:30,appointment,APPOINTMENT_8899,5,1,1,0.0,0.592,0,0,38.62,0
2845,PATUSER_030,patient,book_appointment,3408cffd-cbea-0de1-e3a8-8b0b86bb5637,2026-05-10 08:52:42,appointment,APPOINTMENT_1926,2,1,0,0.0,1.75,0,0,41.29,0
2846,PATUSER_022,patient,view_queue,9e25d332-9229-0803-ad9f-ca235142458e,2026-05-19 09:43:10,queue,QUEUE_3862,2,1,0,0.0,1.392,0,0,15.51,0
2847,NUR_004,nurse,update_vitals,f8540aed-49fc-9dd6-b195-288635b1d17a,2026-05-23 07:52:04,observation,OBSERVATION_8416,29,20,0,0.11,1.823,0,0,26.83,0
2848,ADM_003,admin,manage_user,f5de0af7-bfb4-270e-8175-e12515583ea8,2026-05-22 08:28:03,user,USER_2829,4,5,0,0.1,1.784,0,0,67.84,0
2849,ADM_002,admin,view_report,f84719a0-d28d-ec20-64a8-a17992dcd9ac,2026-05-12 02:20:16,report,REPORT_1459,2,2,1,0.1,1.46,0,0,16.93,0
2850,PATUSER_022,patient,book_appointment,a2ff83e0-2cc0-50a4-b008-52a1add72ced,2026-04-05 02:29:05,appointment,APPOINTMENT_4157,3,3,1,0.0,1.784,0,0,8.02,0
2851,DOC_007,doctor,update_diagnosis,2b31de7e-3596-37c7-1d46-db12d82e73ef,2026-03-30 09:40:00,condition,CONDITION_1046,13,4,0,0.14,1.784,0,0,74.44,0
2852,PATUSER_008,patient,cancel_appointment,047f3ed4-bdea-7cd6-6e80-8537a3979cc6,2026-03-30 05:25:05,appointment,APPOINTMENT_6685,5,3,1,0.0,0.811,0,0,22.48,0
2853,PATUSER_016,patient,view_own_record,19e9c5a5-4114-0f95-e5e8-29cd6749d4e1,2026-03-28 10:19:58,medical_record,MEDICAL_RECORD_8743,2,3,0,0.0,1.918,0,0,70.5,0
2854,PATUSER_026,patient,book_appointment,3c6d02df-84f2-f9e2-8e09-852349757293,2026-05-21 12:12:20,appointment,APPOINTMENT_5676,3,1,0,0.0,1.459,0,0,17.23,0
2855,PATUSER_019,patient,view_queue,0e697a7b-149b-602d-af6f-7e76ca18c5d7,2026-04-30 05:47:03,queue,QUEUE_8945,3,3,1,0.0,1.224,1,0,52.67,0
2856,PATUSER_009,patient,view_own_record,668a10b4-c005-0df3-522e-b068e0d29ea9,2026-04-19 00:53:40,medical_record,MEDICAL_RECORD_7392,4,2,1,0.0,1.868,0,0,33.5,0
2857,NUR_003,nurse,view_appointment,e8b56457-438e-7a2e-04ee-e0b2ec149f61,2026-03-26 04:10:14,appointment,APPOINTMENT_9810,20,8,1,0.03,1.669,0,0,29.91,0
2858,DOC_015,doctor,update_diagnosis,465dd060-e77a-9924-0d7a-75d52d39a714,2026-05-21 11:30:34,condition,CONDITION_7417,17,4,0,0.16,1.906,0,0,46.54,0
2859,DOC_003,doctor,create_prescription,4bab2d0f-4783-619c-46b2-f656667ffb67,2026-03-30 10:54:39,prescription,PRESCRIPTION_4292,13,10,0,0.07,1.922,0,0,39.09,0
2860,PATUSER_017,patient,view_record,07052ffe-5096-f813-923b-f3a32be34399,2026-04-19 18:47:32,medical_record,MEDICAL_RECORD_7629,63,63,0,0.85,2.055,1,1,151.2,1
2861,NUR_007,nurse,view_audit,820d39a0-d304-2b9d-25a8-d705deede745,2026-04-12 21:11:59,audit,AUDIT_6210,70,68,0,0.95,1.918,1,1,253.62,1
2862,PATUSER_005,patient,cancel_appointment,2925a752-da6a-ef1f-31aa-68b0c2ff5027,2026-05-11 07:48:04,appointment,APPOINTMENT_2162,6,2,0,0.0,1.73,1,0,7.78,0
2863,PATUSER_022,patient,view_own_record,2d457e3d-90cb-357e-f7e0-3014068d2f29,2026-05-23 07:07:51,medical_record,MEDICAL_RECORD_1434,3,1,0,0.0,1.895,0,0,8.59,0
2864,DOC_003,doctor,update_diagnosis,d9044272-63af-eca3-2a0c-ec9f9c10a98f,2026-05-23 05:12:28,condition,CONDITION_4292,17,10,1,0.18,1.0,0,0,58.32,0
2865,DOC_011,doctor,create_prescription,d1838618-2a96-9761-0b8d-89a92a022bcc,2026-05-05 05:31:45,prescription,PRESCRIPTION_1130,15,9,1,0.11,0.985,0,0,61.14,0
2866,PATUSER_027,patient,view_own_record,5e236a28-42bb-348c-3267-03ed1a052b40,2026-03-27 07:02:30,medical_record,MEDICAL_RECORD_3749,3,1,0,0.0,0.65,0,0,47.74,0
2867,PATUSER_023,patient,view_queue,e60a6ecc-5639-5800-4bf2-8e8a2865e55c,2026-05-14 06:42:48,queue,QUEUE_2022,1,2,0,0.0,1.922,0,0,40.57,0
2868,PATUSER_024,patient,book_appointment,7225d50f-9363-214e-02d6-3fdc2a246bdc,2026-04-23 02:47:06,appointment,APPOINTMENT_4483,5,1,1,0.0,1.823,0,0,19.09,0
2869,PATUSER_009,patient,view_audit,9e25d332-9229-0803-ad9f-ca235142458e,2026-04-23 16:15:27,audit,AUDIT_8985,38,68,0,0.9,2.25,1,1,133.33,1
2870,PATUSER_023,patient,book_appointment,bee08b10-0c18-396e-9f8a-03e41691509b,2026-04-08 07:34:23,appointment,APPOINTMENT_5697,5,1,0,0.0,1.842,0,0,14.24,0
2871,DOC_005,doctor,view_observation,d1838618-2a96-9761-0b8d-89a92a022bcc,2026-05-08 10:51:02,observation,OBSERVATION_4529,12,17,0,0.08,1.65,0,0,31.58,0
2872,ADM_002,admin,view_audit,0369610a-4641-e2d5-80b2-844b2bd99f16,2026-04-10 06:26:12,audit,AUDIT_8995,12,0,0,0.01,1.776,0,0,47.02,0
2873,DOC_004,doctor,update_diagnosis,3c6d02df-84f2-f9e2-8e09-852349757293,2026-04-14 09:36:18,condition,CONDITION_9263,14,11,0,0.08,1.5,0,0,44.73,0
2874,PATUSER_010,patient,view_queue,0e697a7b-149b-602d-af6f-7e76ca18c5d7,2026-03-26 01:20:47,queue,QUEUE_5690,6,2,1,0.0,1.371,0,0,63.61,0
2875,PATUSER_002,patient,view_own_record,12a088f3-264b-6a9f-9a57-678747110969,2026-04-27 09:45:04,medical_record,MEDICAL_RECORD_3709,4,2,0,0.0,1.891,0,0,7.83,0
2876,PATUSER_015,patient,view_audit,a992fe7d-cd9b-0ace-6e0b-f6f0b5f01fc3,2026-03-30 15:27:51,audit,AUDIT_3321,76,40,0,0.92,2.118,1,1,361.92,1
2877,PATUSER_021,patient,cancel_appointment,19e9c5a5-4114-0f95-e5e8-29cd6749d4e1,2026-03-30 08:56:25,appointment,APPOINTMENT_1652,6,1,0,0.0,1.585,0,0,49.29,0
2878,NUR_005,nurse,update_queue,2d457e3d-90cb-357e-f7e0-3014068d2f29,2026-04-17 11:47:42,appointment,APPOINTMENT_7466,8,20,0,0.05,1.252,0,0,22.41,0
2879,PATUSER_024,patient,cancel_appointment,cc4e166f-53eb-f57b-fb9c-72dddeeb448f,2026-04-27 02:39:58,appointment,APPOINTMENT_5204,3,1,1,0.0,1.918,0,0,59.9,0
2880,PATUSER_003,patient,cancel_appointment,bfb0d055-557b-4579-1a3b-78cc2ead82c9,2026-05-11 00:45:26,appointment,APPOINTMENT_4545,2,3,1,0.0,1.784,0,0,47.16,0
2881,DOC_014,doctor,create_prescription,d1838618-2a96-9761-0b8d-89a92a022bcc,2026-05-15 16:42:31,prescription,PRESCRIPTION_3547,72,54,0,0.67,1.846,1,0,296.24,1
2882,DOC_011,doctor,view_observation,8e21cb1f-b016-dda9-1d06-c920c24a0b37,2026-05-17 08:16:25,observation,OBSERVATION_4443,19,15,0,0.11,1.906,0,0,30.63,0
2883,DOC_010,doctor,create_prescription,5dd32bff-9eaf-50ef-db4f-c6065be13792,2026-03-30 02:53:53,prescription,PRESCRIPTION_8479,18,17,1,0.07,1.826,0,0,65.07,0
2884,PATUSER_007,patient,book_appointment,219c0f88-2190-9af2-4122-bcf1c4f4a0bf,2026-04-27 03:51:14,appointment,APPOINTMENT_4278,1,1,1,0.0,1.761,0,0,25.29,0
2885,PATUSER_016,patient,view_queue,b4679b26-64ac-c348-6667-1e9093ae866f,2026-04-14 08:00:51,queue,QUEUE_2111,4,3,0,0.0,0.918,0,0,9.37,0
2886,ADM_001,admin,update_schedule,8fcbd58f-7e61-d74d-9b35-46d267ecbbd3,2026-05-12 08:59:28,schedule,SCHEDULE_6132,11,7,0,0.02,1.888,1,0,22.14,0
2887,DOC_002,doctor,view_record,d1838618-2a96-9761-0b8d-89a92a022bcc,2026-04-25 02:25:48,medical_record,MEDICAL_RECORD_3065,8,14,1,0.21,1.281,0,0,61.23,0
2888,PATUSER_013,patient,book_appointment,917ffe5d-46b2-36f1-0de8-35e5ed017fa7,2026-05-05 00:33:51,appointment,APPOINTMENT_7615,1,3,1,0.0,1.846,0,0,34.03,0
2889,PATUSER_015,patient,cancel_appointment,668a10b4-c005-0df3-522e-b068e0d29ea9,2026-05-12 07:36:23,appointment,APPOINTMENT_1527,4,3,0,0.0,1.918,1,0,23.6,0
2890,PATUSER_028,patient,book_appointment,21adc8c0-7e1e-5167-1ac1-5449a6a2c73f,2026-04-01 03:37:44,appointment,APPOINTMENT_6318,2,2,1,0.0,1.5,0,0,30.58,0
2891,PATUSER_002,patient,view_own_record,e1571870-cf37-1c6b-c97f-c4ab9a32b172,2026-05-05 04:07:46,medical_record,MEDICAL_RECORD_9804,1,2,1,0.0,0.863,0,0,71.17,0
2892,PATUSER_007,patient,cancel_appointment,f84719a0-d28d-ec20-64a8-a17992dcd9ac,2026-04-17 04:05:41,appointment,APPOINTMENT_2692,3,1,1,0.0,1.959,0,0,26.06,0
2893,NUR_001,nurse,view_appointment,9b5ce034-80bf-4c6b-f400-3a89fc0d135b,2026-05-12 01:22:59,appointment,APPOINTMENT_5611,18,14,1,0.08,1.918,0,0,64.8,0
2894,PATUSER_011,patient,cancel_appointment,7bbc22dd-2b36-8b49-3bcc-14c25dafd13e,2026-05-10 08:22:51,appointment,APPOINTMENT_3123,2,1,0,0.0,1.959,0,0,35.84,0
2895,DOC_007,doctor,create_prescription,20f1f5b5-38be-6554-7a24-9fcc8d4bd6c4,2026-05-12 01:13:15,prescription,PRESCRIPTION_5868,18,16,1,0.19,1.906,0,0,17.38,0
2896,PATUSER_017,patient,cancel_appointment,2925a752-da6a-ef1f-31aa-68b0c2ff5027,2026-04-12 11:39:22,appointment,APPOINTMENT_8539,1,3,0,0.0,1.79,0,0,34.11,0
2897,NUR_001,nurse,update_vitals,820d39a0-d304-2b9d-25a8-d705deede745,2026-04-27 12:06:01,observation,OBSERVATION_4018,16,24,0,0.1,1.918,0,0,26.8,0
2898,DOC_012,doctor,update_diagnosis,a992fe7d-cd9b-0ace-6e0b-f6f0b5f01fc3,2026-04-25 08:21:36,condition,CONDITION_1739,13,15,0,0.14,1.936,1,0,21.1,0
2899,DOC_003,doctor,view_record,2d457e3d-90cb-357e-f7e0-3014068d2f29,2026-04-06 00:41:12,medical_record,MEDICAL_RECORD_7739,9,9,1,0.15,1.573,0,0,72.59,0
2900,NUR_001,nurse,view_appointment,f5de0af7-bfb4-270e-8175-e12515583ea8,2026-04-26 06:51:15,appointment,APPOINTMENT_9159,20,19,0,0.07,1.834,0,0,18.21,0
2901,PATUSER_007,patient,book_appointment,843d8b33-f833-1324-2aa6-e07c91e49204,2026-03-30 05:59:10,appointment,APPOINTMENT_2595,5,2,1,0.0,1.855,0,0,15.93,0
2902,NUR_007,nurse,register_walkin,12a088f3-264b-6a9f-9a57-678747110969,2026-05-12 01:49:12,appointment,APPOINTMENT_7947,20,22,1,0.02,1.826,0,0,37.51,0
2903,PATUSER_006,patient,view_queue,01974f36-ced2-c38e-32c5-1b09e1fe1638,2026-04-16 11:17:43,queue,QUEUE_7770,6,2,0,0.0,1.522,0,0,67.39,0
2904,DOC_011,doctor,view_record,cc4e166f-53eb-f57b-fb9c-72dddeeb448f,2026-04-15 04:11:03,medical_record,MEDICAL_RECORD_1595,12,12,1,0.15,1.918,0,0,64.21,0
2905,NUR_007,nurse,update_queue,3408cffd-cbea-0de1-e3a8-8b0b86bb5637,2026-04-08 08:16:27,appointment,APPOINTMENT_7088,21,17,0,0.08,1.811,0,0,16.74,0
2906,PATUSER_019,patient,view_queue,d9044272-63af-eca3-2a0c-ec9f9c10a98f,2026-04-07 10:14:50,queue,QUEUE_9432,1,2,0,0.0,1.459,0,0,20.66,0
2907,PATUSER_002,patient,view_queue,20f1f5b5-38be-6554-7a24-9fcc8d4bd6c4,2026-04-06 04:34:29,queue,QUEUE_5112,3,2,1,0.0,1.522,0,0,35.58,0
2908,PATUSER_029,patient,view_own_record,88f931d5-4cfa-4be9-c6be-738d5fc8c215,2026-04-26 09:12:17,medical_record,MEDICAL_RECORD_8574,2,2,0,0.0,1.5,0,0,39.87,0
2909,NUR_003,nurse,view_appointment,d1838618-2a96-9761-0b8d-89a92a022bcc,2026-05-09 01:23:13,appointment,APPOINTMENT_8272,19,14,1,0.01,1.959,0,0,61.42,0
2910,NUR_005,nurse,view_audit,a992fe7d-cd9b-0ace-6e0b-f6f0b5f01fc3,2026-04-29 19:08:18,audit,AUDIT_1606,40,30,0,0.93,2.04,1,1,323.91,1
2911,DOC_002,doctor,create_prescription,12a088f3-264b-6a9f-9a57-678747110969,2026-04-28 10:06:51,prescription,PRESCRIPTION_1864,10,11,0,0.09,1.826,0,0,13.44,0
2912,NUR_003,nurse,update_queue,235bd53d-07f7-5874-c952-5126acfab01e,2026-04-14 02:44:11,appointment,APPOINTMENT_9810,26,17,1,0.1,1.846,0,0,6.29,0
2913,PATUSER_021,patient,book_appointment,910f9d72-b5f2-60bf-8302-274ac5d74635,2026-03-30 04:35:44,appointment,APPOINTMENT_3281,5,3,1,0.0,1.884,0,0,10.31,0
2914,PATUSER_001,patient,view_queue,8e21cb1f-b016-dda9-1d06-c920c24a0b37,2026-03-28 04:11:49,queue,QUEUE_7123,4,1,1,0.0,1.371,0,0,64.23,0
2915,NUR_005,nurse,view_appointment,4642b627-0caa-32c4-a7cd-87689252d332,2026-04-26 00:42:20,appointment,APPOINTMENT_8200,9,24,1,0.05,1.436,0,0,23.68,0
2916,PATUSER_009,patient,cancel_appointment,dd0de87d-2596-9c38-a834-6f5246a48a51,2026-05-15 03:40:08,appointment,APPOINTMENT_4416,6,1,1,0.0,2.0,0,0,36.54,0
2917,DOC_009,doctor,update_diagnosis,8fcbd58f-7e61-d74d-9b35-46d267ecbbd3,2026-04-02 01:22:22,condition,CONDITION_6274,12,15,1,0.22,1.846,0,0,55.5,0
2918,PATUSER_010,patient,book_appointment,c95c96d5-ac6e-6ab6-143b-6da3e3923f39,2026-03-27 00:43:22,appointment,APPOINTMENT_4436,4,2,1,0.0,1.53,0,0,59.8,0
2919,PATUSER_001,patient,book_appointment,155649eb-5d3e-41ca-5a2c-78972a1721f4,2026-05-14 12:09:20,appointment,APPOINTMENT_1928,5,3,0,0.0,1.459,0,0,19.62,0
2920,DOC_015,doctor,create_prescription,a24f1dcf-ef87-f609-183a-d00bcc9b7292,2026-04-25 12:12:31,prescription,PRESCRIPTION_9098,23,8,0,0.2,1.252,0,0,42.6,0
2921,PATUSER_016,patient,book_appointment,1c39de5b-289a-3a1a-669b-2f756efb8bcb,2026-05-01 12:20:12,appointment,APPOINTMENT_8273,3,3,0,0.0,0.918,1,0,17.51,0
2922,DOC_001,doctor,view_record,744a7169-4e89-61ff-27f2-3c736abf4368,2026-05-23 06:13:28,medical_record,MEDICAL_RECORD_7922,20,11,0,0.16,1.406,0,0,67.22,0
2923,PATUSER_023,patient,view_own_record,e60a6ecc-5639-5800-4bf2-8e8a2865e55c,2026-04-09 04:01:29,medical_record,MEDICAL_RECORD_4853,5,1,1,0.0,0.811,0,0,44.27,0
2924,PATUSER_003,patient,view_own_record,c95c96d5-ac6e-6ab6-143b-6da3e3923f39,2026-04-12 11:58:12,medical_record,MEDICAL_RECORD_6235,2,3,0,0.0,1.522,0,0,25.94,0
2925,PATUSER_010,patient,cancel_appointment,42c1eb05-09a9-eeda-a957-d822de66c536,2026-05-06 02:23:38,appointment,APPOINTMENT_1117,6,1,1,0.0,1.76,1,0,53.96,0
2926,PATUSER_006,patient,view_queue,a82f0145-e797-d65d-bebf-e49dd38bac1e,2026-04-13 03:13:57,queue,QUEUE_9338,6,1,1,0.0,1.379,0,0,66.73,0
2927,PATUSER_010,patient,book_appointment,073b376b-9659-3e78-c6a6-a08b74d710da,2026-04-11 05:05:17,appointment,APPOINTMENT_9182,3,1,1,0.0,1.522,0,0,39.0,0
2928,DOC_003,doctor,view_record,1290bba5-c164-4273-9694-c3ce92270ef2,2026-05-02 10:21:34,medical_record,MEDICAL_RECORD_3499,9,9,0,0.02,1.811,0,0,31.19,0
2929,PATUSER_030,patient,view_own_record,917ffe5d-46b2-36f1-0de8-35e5ed017fa7,2026-03-28 06:24:53,medical_record,MEDICAL_RECORD_8668,1,2,0,0.0,1.585,0,0,32.3,0
2930,PATUSER_026,patient,view_queue,744a7169-4e89-61ff-27f2-3c736abf4368,2026-05-04 11:00:57,queue,QUEUE_9067,5,3,0,0.0,1.918,0,0,53.28,0
2931,ADM_002,admin,view_report,1290bba5-c164-4273-9694-c3ce92270ef2,2026-03-29 08:30:15,report,REPORT_3638,12,1,0,0.01,2.0,0,0,72.61,0
2932,PATUSER_030,patient,view_own_record,671064b5-039b-51a8-7e40-8e6baa0a7e35,2026-03-27 01:46:07,medical_record,MEDICAL_RECORD_1394,3,1,1,0.0,1.5,0,0,63.18,0
2933,ADM_002,admin,view_audit,21adc8c0-7e1e-5167-1ac1-5449a6a2c73f,2026-05-22 08:42:37,audit,AUDIT_1358,6,5,0,0.07,2.0,0,0,57.37,0
2934,PATUSER_009,patient,book_appointment,3844e0c5-14c7-8f87-19b0-8f769b3bdd70,2026-04-04 08:37:24,appointment,APPOINTMENT_4535,5,2,0,0.0,1.555,0,0,13.88,0
2935,PATUSER_006,patient,book_appointment,1290bba5-c164-4273-9694-c3ce92270ef2,2026-04-06 00:48:20,appointment,APPOINTMENT_9315,1,1,1,0.0,1.922,0,0,20.02,0
2936,PATUSER_001,patient,cancel_appointment,073b376b-9659-3e78-c6a6-a08b74d710da,2026-04-08 05:18:14,appointment,APPOINTMENT_1924,1,2,1,0.0,1.738,0,0,20.73,0
2937,NUR_003,nurse,view_appointment,7bbc22dd-2b36-8b49-3bcc-14c25dafd13e,2026-04-09 03:47:29,appointment,APPOINTMENT_5120,9,16,1,0.07,1.459,0,0,13.28,0
2938,PATUSER_025,patient,book_appointment,7f857501-0257-2c7f-2e8f-9886705681f3,2026-05-08 03:59:53,appointment,APPOINTMENT_7131,2,1,1,0.0,1.891,0,0,62.0,0
2939,DOC_013,doctor,create_prescription,1c39de5b-289a-3a1a-669b-2f756efb8bcb,2026-05-13 05:13:46,prescription,PRESCRIPTION_1730,20,7,1,0.1,1.891,0,0,19.86,0
2940,DOC_008,doctor,view_record,4bab2d0f-4783-619c-46b2-f656667ffb67,2026-05-15 01:10:10,medical_record,MEDICAL_RECORD_2798,19,10,1,0.06,0.811,1,0,62.52,0
2941,PATUSER_030,patient,book_appointment,3eee4689-2d02-6ec9-c257-42b3adfdcd70,2026-03-31 03:49:52,appointment,APPOINTMENT_3150,3,3,1,0.0,1.95,0,0,35.13,0
2942,PATUSER_028,patient,book_appointment,2b31de7e-3596-37c7-1d46-db12d82e73ef,2026-04-10 08:28:26,appointment,APPOINTMENT_4232,4,1,0,0.0,1.5,0,0,70.47,0
2943,PATUSER_007,patient,view_own_record,8e21cb1f-b016-dda9-1d06-c920c24a0b37,2026-04-05 05:36:04,medical_record,MEDICAL_RECORD_6675,5,1,1,0.0,2.0,0,0,29.06,0
2944,DOC_006,doctor,update_diagnosis,2d457e3d-90cb-357e-f7e0-3014068d2f29,2026-05-01 10:35:24,condition,CONDITION_4256,6,8,0,0.18,1.784,0,0,12.74,0
2945,PATUSER_015,patient,cancel_appointment,6383af50-c8f6-0c22-1dd4-6ee2be572cb1,2026-05-11 03:07:58,appointment,APPOINTMENT_5463,1,2,1,0.0,1.406,0,0,10.64,0
2946,PATUSER_011,patient,view_queue,cc4e166f-53eb-f57b-fb9c-72dddeeb448f,2026-04-12 09:44:43,queue,QUEUE_1121,5,3,0,0.0,1.617,0,0,53.34,0
2947,DOC_015,doctor,view_observation,dd55f477-af88-4543-f8c0-dca25a96c4cb,2026-04-28 02:16:56,observation,OBSERVATION_5717,8,12,1,0.0,1.522,0,0,73.2,0
2948,DOC_015,doctor,view_observation,21b4ddc5-081e-1ecd-3573-f2ea42677b66,2026-04-15 06:23:51,observation,OBSERVATION_9037,11,12,0,0.2,1.855,0,0,49.39,0
2949,DOC_015,doctor,create_prescription,42c1eb05-09a9-eeda-a957-d822de66c536,2026-04-28 02:45:56,prescription,PRESCRIPTION_3077,20,6,1,0.07,0.922,0,0,29.03,0
2950,PATUSER_006,patient,update_diagnosis,a992fe7d-cd9b-0ace-6e0b-f6f0b5f01fc3,2026-04-11 20:27:39,condition,CONDITION_5060,51,35,0,0.94,1.753,0,1,263.07,1
2951,DOC_008,doctor,view_record,a24f1dcf-ef87-f609-183a-d00bcc9b7292,2026-05-15 16:47:16,medical_record,MEDICAL_RECORD_5246,67,42,0,0.86,1.906,1,0,280.9,1
2952,PATUSER_018,patient,view_own_record,8c562216-cb73-0829-2fa4-123468939df6,2026-05-10 01:39:21,medical_record,MEDICAL_RECORD_4807,5,3,1,0.0,1.75,0,0,71.31,0
2953,DOC_014,doctor,update_diagnosis,f8540aed-49fc-9dd6-b195-288635b1d17a,2026-04-16 08:15:21,condition,CONDITION_8445,11,10,0,0.1,1.379,0,0,58.73,0
2954,PATUSER_018,patient,book_appointment,2b31de7e-3596-37c7-1d46-db12d82e73ef,2026-04-03 09:15:11,appointment,APPOINTMENT_5243,1,3,0,0.0,1.95,0,0,22.62,0
2955,DOC_007,doctor,view_observation,d1838618-2a96-9761-0b8d-89a92a022bcc,2026-04-16 09:21:25,observation,OBSERVATION_7123,10,17,0,0.06,1.76,0,0,24.26,0
2956,PATUSER_024,patient,view_own_record,21b4ddc5-081e-1ecd-3573-f2ea42677b66,2026-04-25 07:30:10,medical_record,MEDICAL_RECORD_7612,1,1,0,0.0,1.738,0,0,32.59,0
2957,ADM_001,admin,update_schedule,8c562216-cb73-0829-2fa4-123468939df6,2026-04-25 07:40:49,schedule,SCHEDULE_1756,6,7,0,0.03,1.922,0,0,19.01,0
2958,DOC_011,doctor,create_prescription,f8540aed-49fc-9dd6-b195-288635b1d17a,2026-04-11 09:25:08,prescription,PRESCRIPTION_2723,23,17,0,0.18,1.5,0,0,48.24,0
2959,PATUSER_023,patient,view_own_record,d1838618-2a96-9761-0b8d-89a92a022bcc,2026-04-27 03:01:07,medical_record,MEDICAL_RECORD_8063,6,2,1,0.0,1.459,0,0,33.96,0
2960,DOC_005,doctor,view_observation,d20dc49f-5674-961e-a123-6e3000654b95,2026-05-05 07:16:27,observation,OBSERVATION_5588,17,17,0,0.05,1.891,0,0,13.42,0
2961,NUR_007,nurse,update_vitals,cc4e166f-53eb-f57b-fb9c-72dddeeb448f,2026-04-02 03:55:54,observation,OBSERVATION_8630,22,18,1,0.07,1.561,0,0,46.87,0
2962,PATUSER_013,patient,view_own_record,45f758c8-34c3-3fa5-41f9-5906127ba1bd,2026-04-24 02:59:00,medical_record,MEDICAL_RECORD_9251,2,3,1,0.0,1.842,0,0,59.0,0
2963,PATUSER_005,patient,view_queue,7f857501-0257-2c7f-2e8f-9886705681f3,2026-04-22 01:40:50,queue,QUEUE_5896,6,2,1,0.0,1.922,0,0,49.99,0
2964,NUR_005,nurse,update_vitals,a8bef5c2-6743-79e8-8477-bc3b6244c334,2026-05-03 07:09:45,observation,OBSERVATION_4806,24,16,0,0.1,1.42,1,0,48.42,0
2965,PATUSER_017,patient,book_appointment,9cefc3e8-33f8-beac-d280-fb10e474151c,2026-05-03 06:50:53,appointment,APPOINTMENT_7025,6,3,0,0.0,1.891,0,0,62.94,0
2966,DOC_001,doctor,view_record,a82f0145-e797-d65d-bebf-e49dd38bac1e,2026-03-31 10:30:58,medical_record,MEDICAL_RECORD_8919,22,11,0,0.03,1.459,0,0,40.73,0
2967,PATUSER_030,patient,view_queue,9b5ce034-80bf-4c6b-f400-3a89fc0d135b,2026-04-01 10:25:02,queue,QUEUE_3148,6,3,0,0.0,1.753,0,0,42.59,0
2968,PATUSER_011,patient,update_diagnosis,8e21cb1f-b016-dda9-1d06-c920c24a0b37,2026-04-19 17:46:34,condition,CONDITION_5894,46,63,0,0.75,1.88,1,1,249.94,1
2969,DOC_014,doctor,update_diagnosis,dd0de87d-2596-9c38-a834-6f5246a48a51,2026-03-26 09:06:05,condition,CONDITION_6985,11,9,0,0.17,1.459,0,0,73.99,0
2970,PATUSER_004,patient,cancel_appointment,d20dc49f-5674-961e-a123-6e3000654b95,2026-03-28 05:10:12,appointment,APPOINTMENT_6363,2,2,1,0.0,1.936,0,0,27.06,0
2971,PATUSER_027,patient,view_queue,d5d8b210-bca5-a9ce-0711-3d09468bfe47,2026-04-01 06:59:07,queue,QUEUE_8717,4,3,0,0.0,1.361,0,0,22.58,0
2972,PATUSER_006,patient,book_appointment,e8b56457-438e-7a2e-04ee-e0b2ec149f61,2026-05-08 11:10:56,appointment,APPOINTMENT_6235,1,1,0,0.0,0.65,0,0,5.96,0
2973,DOC_012,doctor,view_observation,9b5ce034-80bf-4c6b-f400-3a89fc0d135b,2026-04-05 10:07:09,observation,OBSERVATION_5138,14,6,0,0.04,1.918,0,0,28.53,0
2974,DOC_007,doctor,update_diagnosis,a8bef5c2-6743-79e8-8477-bc3b6244c334,2026-05-07 17:46:35,condition,CONDITION_3416,71,70,0,0.78,1.846,1,0,224.44,1
2975,PATUSER_008,patient,book_appointment,910f9d72-b5f2-60bf-8302-274ac5d74635,2026-05-09 08:23:35,appointment,APPOINTMENT_9359,3,3,0,0.0,1.842,0,0,15.68,0
2976,PATUSER_008,patient,view_own_record,465dd060-e77a-9924-0d7a-75d52d39a714,2026-04-20 09:05:05,medical_record,MEDICAL_RECORD_2712,5,3,0,0.0,1.792,0,0,7.74,0
2977,DOC_015,doctor,view_observation,a2ff83e0-2cc0-50a4-b008-52a1add72ced,2026-04-26 04:47:03,observation,OBSERVATION_4130,18,4,1,0.19,1.842,0,0,42.28,0
2978,PATUSER_018,patient,cancel_appointment,d1e9c67e-e701-dbf5-aa21-bb9ae3751b97,2026-04-07 08:13:17,appointment,APPOINTMENT_4327,3,1,0,0.0,1.792,0,0,40.49,0
2979,DOC_015,doctor,create_prescription,2b31de7e-3596-37c7-1d46-db12d82e73ef,2026-04-04 01:08:27,prescription,PRESCRIPTION_9952,5,11,1,0.2,1.854,0,0,71.78,0
2980,ADM_003,admin,manage_user,df4576f2-f38f-02c0-b20f-6153754c41a6,2026-04-13 12:20:39,user,USER_8679,5,3,0,0.03,1.522,0,0,9.69,0
2981,NUR_006,nurse,register_walkin,3c6d02df-84f2-f9e2-8e09-852349757293,2026-04-15 08:22:55,appointment,APPOINTMENT_8761,15,11,0,0.08,1.79,0,0,48.96,0
2982,PATUSER_027,patient,book_appointment,83948281-33ad-4a11-0a3d-04484caf2ab9,2026-05-09 06:28:31,appointment,APPOINTMENT_1913,1,2,0,0.0,1.891,0,0,20.99,0
2983,PATUSER_001,patient,book_appointment,79402472-6884-1aca-759a-a23f36ee8dca,2026-04-18 07:39:14,appointment,APPOINTMENT_3159,3,2,0,0.0,1.5,0,0,74.24,0
2984,DOC_009,doctor,view_observation,a82f0145-e797-d65d-bebf-e49dd38bac1e,2026-03-26 03:43:11,observation,OBSERVATION_9130,6,7,1,0.03,1.5,0,0,19.48,0
2985,DOC_011,doctor,update_diagnosis,0369610a-4641-e2d5-80b2-844b2bd99f16,2026-04-01 03:35:05,condition,CONDITION_9892,6,16,1,0.03,1.371,0,0,59.01,0
2986,ADM_003,admin,manage_user,1f534514-2f45-191e-04b4-ad9e93bdf422,2026-04-24 11:58:56,user,USER_7688,5,1,0,0.04,1.906,0,0,50.18,0
2987,PATUSER_014,patient,cancel_appointment,5dd32bff-9eaf-50ef-db4f-c6065be13792,2026-04-07 05:31:54,appointment,APPOINTMENT_2190,3,1,1,0.0,1.753,0,0,12.38,0
2988,DOC_008,doctor,view_record,19e9c5a5-4114-0f95-e5e8-29cd6749d4e1,2026-04-11 02:37:23,medical_record,MEDICAL_RECORD_6293,24,7,1,0.14,1.614,0,0,41.38,0
2989,NUR_002,nurse,register_walkin,f5de0af7-bfb4-270e-8175-e12515583ea8,2026-04-18 06:02:32,appointment,APPOINTMENT_1635,27,22,0,0.1,1.557,0,0,71.07,0
2990,DOC_010,doctor,create_prescription,d1838618-2a96-9761-0b8d-89a92a022bcc,2026-03-31 10:03:02,prescription,PRESCRIPTION_3667,6,14,0,0.13,1.826,0,0,52.57,0
2991,PATUSER_013,patient,view_queue,9cefc3e8-33f8-beac-d280-fb10e474151c,2026-05-01 03:34:51,queue,QUEUE_6857,4,2,1,0.0,1.792,0,0,29.2,0
2992,PATUSER_009,patient,cancel_appointment,9b5ce034-80bf-4c6b-f400-3a89fc0d135b,2026-05-12 08:31:56,appointment,APPOINTMENT_6079,3,3,0,0.0,1.539,0,0,53.3,0
2993,PATUSER_017,patient,view_own_record,d5d8b210-bca5-a9ce-0711-3d09468bfe47,2026-03-26 06:10:13,medical_record,MEDICAL_RECORD_1242,1,1,0,0.0,1.522,0,0,57.95,0
2994,PATUSER_015,patient,view_queue,f5de0af7-bfb4-270e-8175-e12515583ea8,2026-03-25 05:54:41,queue,QUEUE_5888,1,3,1,0.0,1.918,0,0,71.49,0
2995,DOC_001,doctor,create_prescription,c72a8c6e-1dfd-0a8b-20e7-066eadd4931c,2026-05-21 01:08:17,prescription,PRESCRIPTION_2389,8,8,1,0.02,1.842,0,0,71.83,0
2996,DOC_011,doctor,view_observation,10751dec-9152-b658-beeb-ba433fbb9213,2026-04-21 04:55:57,observation,OBSERVATION_9567,12,5,1,0.2,1.846,0,0,35.43,0
2997,PATUSER_023,patient,view_own_record,2d457e3d-90cb-357e-f7e0-3014068d2f29,2026-05-08 08:59:59,medical_record,MEDICAL_RECORD_2851,3,1,0,0.0,1.5,0,0,45.76,0
2998,PATUSER_008,patient,book_appointment,dd55f477-af88-4543-f8c0-dca25a96c4cb,2026-05-20 01:05:37,appointment,APPOINTMENT_9325,6,3,1,0.0,1.971,0,0,53.82,0
2999,PATUSER_027,patient,view_queue,2faf5170-7c17-9c76-c091-5349b5ecad23,2026-05-17 03:02:56,queue,QUEUE_5189,2,1,1,0.0,1.0,0,0,49.27,0
3000,PATUSER_013,patient,book_appointment,e1571870-cf37-1c6b-c97f-c4ab9a32b172,2026-04-13 02:27:28,appointment,APPOINTMENT_6858,5,1,1,0.0,1.922,0,0,22.29,0
3001,PATUSER_001,patient,cancel_appointment,1c39de5b-289a-3a1a-669b-2f756efb8bcb,2026-05-10 03:10:55,appointment,APPOINTMENT_9557,4,2,1,0.0,1.975,0,0,6.89,0
3002,PATUSER_019,patient,view_queue,11b2d013-d581-7187-e88b-7a04781d307b,2026-04-04 02:32:07,queue,QUEUE_3410,3,3,1,0.0,1.561,0,0,17.98,0
3003,NUR_003,nurse,update_vitals,8e21cb1f-b016-dda9-1d06-c920c24a0b37,2026-03-28 02:42:54,observation,OBSERVATION_7445,30,19,1,0.04,1.842,0,0,9.92,0
3004,ADM_003,admin,manage_user,a992fe7d-cd9b-0ace-6e0b-f6f0b5f01fc3,2026-04-23 00:44:59,user,USER_8908,7,3,1,0.01,1.485,0,0,54.22,0
3005,PATUSER_008,patient,view_queue,f84719a0-d28d-ec20-64a8-a17992dcd9ac,2026-05-13 12:25:19,queue,QUEUE_8562,1,1,0,0.0,1.918,0,0,51.7,0
3006,PATUSER_004,patient,view_own_record,3bc81e09-7091-bc59-a58a-39b485d9e48b,2026-05-01 09:46:13,medical_record,MEDICAL_RECORD_7969,3,3,0,0.0,1.761,0,0,63.89,0
3007,PATUSER_006,patient,cancel_appointment,a992fe7d-cd9b-0ace-6e0b-f6f0b5f01fc3,2026-04-27 03:30:30,appointment,APPOINTMENT_7416,2,2,1,0.0,1.459,0,0,70.57,0
3008,PATUSER_015,patient,book_appointment,5dd32bff-9eaf-50ef-db4f-c6065be13792,2026-03-26 11:47:45,appointment,APPOINTMENT_2860,5,3,0,0.0,1.837,0,0,27.19,0
3009,PATUSER_002,patient,book_appointment,e300c149-9eaa-3d5a-57d9-ea8d4c996597,2026-04-06 06:50:37,appointment,APPOINTMENT_2182,2,1,0,0.0,1.5,0,0,15.57,0
3010,DOC_014,doctor,update_diagnosis,fb36d3d9-666c-c4c2-bb96-c9195538d4df,2026-04-12 09:21:43,condition,CONDITION_9928,23,13,0,0.21,1.371,0,0,70.61,0
3011,PATUSER_027,patient,cancel_appointment,6367a5b3-1689-57b4-634f-693bb600e552,2026-04-02 06:45:21,appointment,APPOINTMENT_7675,2,3,0,0.0,1.53,0,0,63.72,0
3012,DOC_001,doctor,view_record,4642b627-0caa-32c4-a7cd-87689252d332,2026-04-15 09:00:09,medical_record,MEDICAL_RECORD_2814,6,13,0,0.13,1.842,0,0,19.78,0
3013,DOC_007,doctor,create_prescription,a24f1dcf-ef87-f609-183a-d00bcc9b7292,2026-04-27 12:23:23,prescription,PRESCRIPTION_5229,17,15,0,0.21,1.906,0,0,16.25,0
3014,PATUSER_019,patient,view_own_record,3eee4689-2d02-6ec9-c257-42b3adfdcd70,2026-04-14 11:42:04,medical_record,MEDICAL_RECORD_8640,2,2,0,0.0,1.842,0,0,56.83,0
3015,PATUSER_020,patient,view_queue,dd55f477-af88-4543-f8c0-dca25a96c4cb,2026-04-29 01:14:18,queue,QUEUE_7702,2,2,1,0.0,1.53,0,0,35.12,0
3016,DOC_001,doctor,view_observation,155649eb-5d3e-41ca-5a2c-78972a1721f4,2026-03-26 07:15:18,observation,OBSERVATION_3448,14,4,0,0.08,1.936,0,0,64.45,0
3017,PATUSER_005,patient,view_queue,d1838618-2a96-9761-0b8d-89a92a022bcc,2026-04-06 11:26:36,queue,QUEUE_4200,6,3,0,0.0,1.614,0,0,72.32,0
3018,PATUSER_027,patient,view_own_record,a82f0145-e797-d65d-bebf-e49dd38bac1e,2026-05-06 08:52:25,medical_record,MEDICAL_RECORD_4227,3,2,0,0.0,1.5,0,0,53.2,0
3019,PATUSER_011,patient,view_queue,bfb0d055-557b-4579-1a3b-78cc2ead82c9,2026-05-05 05:35:02,queue,QUEUE_7597,6,2,1,0.0,1.53,0,0,45.47,0
3020,DOC_014,doctor,view_observation,4ca3be26-4f97-27f0-32fa-6ea155eba23a,2026-04-19 01:59:58,observation,OBSERVATION_5361,17,12,1,0.17,1.837,0,0,73.04,0
3021,DOC_003,doctor,view_observation,20f1f5b5-38be-6554-7a24-9fcc8d4bd6c4,2026-04-14 01:52:42,observation,OBSERVATION_7272,23,17,1,0.17,1.299,0,0,12.94,0
3022,PATUSER_028,patient,view_queue,20f1f5b5-38be-6554-7a24-9fcc8d4bd6c4,2026-04-04 03:16:18,queue,QUEUE_5990,4,3,1,0.0,1.281,0,0,72.3,0
3023,DOC_013,doctor,view_observation,dd0de87d-2596-9c38-a834-6f5246a48a51,2026-04-04 08:53:58,observation,OBSERVATION_5186,7,7,0,0.2,1.891,0,0,38.09,0
3024,PATUSER_019,patient,view_own_record,12a088f3-264b-6a9f-9a57-678747110969,2026-04-16 01:28:29,medical_record,MEDICAL_RECORD_8691,4,2,1,0.0,1.485,0,0,39.12,0
3025,PATUSER_020,patient,book_appointment,5e236a28-42bb-348c-3267-03ed1a052b40,2026-05-19 07:13:32,appointment,APPOINTMENT_2359,5,2,0,0.0,1.922,0,0,15.5,0
3026,PATUSER_008,patient,view_queue,88f931d5-4cfa-4be9-c6be-738d5fc8c215,2026-05-10 01:26:04,queue,QUEUE_7844,2,2,1,0.0,1.459,0,0,5.09,0
3027,PATUSER_009,patient,view_own_record,ed1c3b46-34b9-221b-cb10-682e9ed9ddbd,2026-05-15 10:58:08,medical_record,MEDICAL_RECORD_3405,1,3,0,0.0,0.918,0,0,67.4,0
3028,NUR_001,nurse,view_audit,7225d50f-9363-214e-02d6-3fdc2a246bdc,2026-05-01 20:00:29,audit,AUDIT_1631,79,41,0,0.82,2.046,1,1,361.96,1
3029,PATUSER_010,patient,view_own_record,1290bba5-c164-4273-9694-c3ce92270ef2,2026-05-09 02:10:52,medical_record,MEDICAL_RECORD_8273,6,1,1,0.0,1.988,0,0,21.63,0
3030,NUR_005,nurse,update_diagnosis,b09b332a-a8b1-5541-6855-d6420f922505,2026-04-13 15:45:20,condition,CONDITION_4863,64,56,0,0.88,2.118,1,1,397.64,1
3031,PATUSER_013,patient,view_queue,d998bd61-bed8-3eb5-dcb5-297579cf936f,2026-05-15 09:50:34,queue,QUEUE_3458,3,1,0,0.0,1.842,0,0,52.3,0
3032,ADM_003,admin,manage_user,4ca3be26-4f97-27f0-32fa-6ea155eba23a,2026-05-23 11:09:32,user,USER_7466,2,5,0,0.07,1.5,0,0,48.4,0
3033,PATUSER_018,patient,cancel_appointment,df4576f2-f38f-02c0-b20f-6153754c41a6,2026-04-02 03:15:31,appointment,APPOINTMENT_7735,5,1,1,0.0,1.959,0,0,22.02,0
3034,PATUSER_007,patient,cancel_appointment,dda456b9-cd60-e91b-8a88-fd381a9e4611,2026-05-10 02:28:13,appointment,APPOINTMENT_5174,3,1,1,0.0,1.555,0,0,32.27,0
3035,PATUSER_026,patient,view_own_record,2faf5170-7c17-9c76-c091-5349b5ecad23,2026-05-18 00:49:05,medical_record,MEDICAL_RECORD_5545,6,3,1,0.0,1.585,0,0,69.84,0
3036,PATUSER_028,patient,cancel_appointment,e60a6ecc-5639-5800-4bf2-8e8a2865e55c,2026-05-15 02:22:50,appointment,APPOINTMENT_6637,5,1,1,0.0,1.95,0,0,44.26,0
3037,DOC_005,doctor,view_record,9b5ce034-80bf-4c6b-f400-3a89fc0d135b,2026-04-27 00:58:27,medical_record,MEDICAL_RECORD_5344,21,4,1,0.12,1.842,0,0,71.87,0
3038,DOC_010,doctor,update_diagnosis,79402472-6884-1aca-759a-a23f36ee8dca,2026-05-01 11:37:49,condition,CONDITION_3574,16,17,0,0.01,1.5,0,0,30.47,0
3039,PATUSER_014,patient,view_record,a2ff83e0-2cc0-50a4-b008-52a1add72ced,2026-05-20 19:23:25,medical_record,MEDICAL_RECORD_2513,80,47,0,0.9,1.868,1,1,304.6,1
3040,ADM_003,admin,view_audit,7225d50f-9363-214e-02d6-3fdc2a246bdc,2026-05-14 07:36:55,audit,AUDIT_4057,4,7,0,0.01,0.971,0,0,25.47,0
3041,DOC_002,doctor,create_prescription,12a088f3-264b-6a9f-9a57-678747110969,2026-04-28 10:18:22,prescription,PRESCRIPTION_9456,7,12,0,0.16,1.522,0,0,63.61,0
3042,PATUSER_014,patient,book_appointment,8e21cb1f-b016-dda9-1d06-c920c24a0b37,2026-04-30 01:01:02,appointment,APPOINTMENT_5958,4,1,1,0.0,1.585,0,0,46.17,0
3043,DOC_010,doctor,view_record,a8bef5c2-6743-79e8-8477-bc3b6244c334,2026-05-11 08:57:21,medical_record,MEDICAL_RECORD_4083,20,15,0,0.11,1.988,1,0,46.13,0
3044,PATUSER_009,patient,cancel_appointment,2b31de7e-3596-37c7-1d46-db12d82e73ef,2026-04-10 05:01:12,appointment,APPOINTMENT_5186,1,1,1,0.0,1.352,0,0,55.05,0
3045,DOC_003,doctor,create_prescription,a8bef5c2-6743-79e8-8477-bc3b6244c334,2026-05-04 12:18:35,prescription,PRESCRIPTION_4987,22,14,0,0.17,1.922,0,0,5.65,0
3046,DOC_006,doctor,view_observation,392c8ae6-3c3b-1ff7-c35c-4e64946db9b6,2026-05-07 10:35:21,observation,OBSERVATION_8124,24,16,0,0.06,1.549,0,0,53.86,0
3047,PATUSER_010,patient,view_own_record,e94fc8e2-b867-5164-0607-5e5eb581b150,2026-03-25 04:21:27,medical_record,MEDICAL_RECORD_5185,2,2,1,0.0,1.522,0,0,10.58,0
3048,PATUSER_025,patient,view_own_record,744a7169-4e89-61ff-27f2-3c736abf4368,2026-05-15 07:22:25,medical_record,MEDICAL_RECORD_5557,5,1,0,0.0,1.436,0,0,44.19,0
3049,NUR_007,nurse,register_walkin,3c6d02df-84f2-f9e2-8e09-852349757293,2026-04-18 12:10:56,appointment,APPOINTMENT_4571,20,15,0,0.1,1.95,0,0,21.71,0
3050,DOC_004,doctor,view_observation,2d457e3d-90cb-357e-f7e0-3014068d2f29,2026-04-16 10:38:50,observation,OBSERVATION_7106,14,18,0,0.2,1.834,0,0,6.71,0
3051,NUR_003,nurse,update_vitals,c5d42b3b-72de-b953-545d-1de4cf59d279,2026-05-03 03:58:04,observation,OBSERVATION_4768,13,14,1,0.05,1.664,0,0,29.92,0
3052,PATUSER_012,patient,view_queue,a992fe7d-cd9b-0ace-6e0b-f6f0b5f01fc3,2026-05-18 01:34:16,queue,QUEUE_8978,5,3,1,0.0,1.776,0,0,24.11,0
3053,PATUSER_003,patient,cancel_appointment,a82f0145-e797-d65d-bebf-e49dd38bac1e,2026-03-25 06:52:54,appointment,APPOINTMENT_9862,3,3,0,0.0,1.826,0,0,23.65,0
3054,PATUSER_007,patient,view_own_record,e60a6ecc-5639-5800-4bf2-8e8a2865e55c,2026-05-22 10:36:31,medical_record,MEDICAL_RECORD_8330,2,3,0,0.0,1.5,0,0,18.24,0
3055,PATUSER_028,patient,view_own_record,4f74c441-7628-4f98-82a7-f4c99d926736,2026-03-29 04:01:21,medical_record,MEDICAL_RECORD_1970,5,2,1,0.0,1.922,0,0,33.56,0
3056,PATUSER_020,patient,view_own_record,d998bd61-bed8-3eb5-dcb5-297579cf936f,2026-04-26 06:18:48,medical_record,MEDICAL_RECORD_9398,5,1,0,0.0,1.906,0,0,30.29,0
3057,PATUSER_026,patient,book_appointment,c95c96d5-ac6e-6ab6-143b-6da3e3923f39,2026-04-27 09:46:51,appointment,APPOINTMENT_6498,4,2,0,0.0,1.379,0,0,20.66,0
3058,DOC_010,doctor,view_record,9e25d332-9229-0803-ad9f-ca235142458e,2026-04-01 12:21:04,medical_record,MEDICAL_RECORD_9535,7,18,0,0.14,1.614,0,0,74.98,0
3059,DOC_006,doctor,create_prescription,d1838618-2a96-9761-0b8d-89a92a022bcc,2026-05-21 10:39:31,prescription,PRESCRIPTION_7315,23,16,0,0.15,1.561,0,0,31.39,0
3060,PATUSER_027,patient,view_queue,3408cffd-cbea-0de1-e3a8-8b0b86bb5637,2026-05-17 04:40:24,queue,QUEUE_5463,3,3,1,0.0,1.449,0,0,27.69,0
3061,PATUSER_005,patient,book_appointment,2b31de7e-3596-37c7-1d46-db12d82e73ef,2026-04-17 10:42:16,appointment,APPOINTMENT_5720,4,1,0,0.0,1.0,0,0,74.83,0
3062,DOC_001,doctor,view_record,88f931d5-4cfa-4be9-c6be-738d5fc8c215,2026-04-28 01:58:15,medical_record,MEDICAL_RECORD_7842,7,7,1,0.13,1.522,0,0,39.17,0
3063,PATUSER_017,patient,book_appointment,e7fccc97-5df9-b27f-8322-44fd5b624936,2026-05-04 01:08:59,appointment,APPOINTMENT_3709,4,1,1,0.0,1.617,0,0,58.7,0
3064,DOC_009,doctor,view_observation,d1838618-2a96-9761-0b8d-89a92a022bcc,2026-04-13 09:17:27,observation,OBSERVATION_2767,14,17,0,0.17,1.5,0,0,7.49,0
3065,PATUSER_014,patient,cancel_appointment,073b376b-9659-3e78-c6a6-a08b74d710da,2026-05-03 09:19:27,appointment,APPOINTMENT_6491,1,2,0,0.0,1.5,0,0,11.76,0
3066,PATUSER_003,patient,view_audit,744a7169-4e89-61ff-27f2-3c736abf4368,2026-05-20 18:51:16,audit,AUDIT_6371,59,56,0,0.77,2.2,1,1,201.64,1
3067,DOC_009,doctor,create_prescription,11b2d013-d581-7187-e88b-7a04781d307b,2026-05-01 01:12:20,prescription,PRESCRIPTION_3239,14,3,1,0.14,1.459,0,0,38.79,0
3068,PATUSER_025,patient,book_appointment,a8bef5c2-6743-79e8-8477-bc3b6244c334,2026-04-13 10:21:34,appointment,APPOINTMENT_8486,3,1,0,0.0,1.884,0,0,18.12,0
3069,DOC_015,doctor,view_observation,d1838618-2a96-9761-0b8d-89a92a022bcc,2026-04-26 02:25:23,observation,OBSERVATION_6579,11,15,1,0.16,1.352,0,0,37.64,0
3070,DOC_008,doctor,view_observation,668a10b4-c005-0df3-522e-b068e0d29ea9,2026-04-02 02:22:47,observation,OBSERVATION_7982,14,10,1,0.09,1.5,0,0,21.79,0
3071,PATUSER_030,patient,view_own_record,a992fe7d-cd9b-0ace-6e0b-f6f0b5f01fc3,2026-04-30 02:22:12,medical_record,MEDICAL_RECORD_4310,3,2,1,0.0,1.922,0,0,30.4,0
3072,PATUSER_012,patient,book_appointment,01974f36-ced2-c38e-32c5-1b09e1fe1638,2026-05-22 05:04:53,appointment,APPOINTMENT_6801,3,2,1,0.0,1.842,0,0,48.92,0
3073,PATUSER_001,patient,cancel_appointment,20f1f5b5-38be-6554-7a24-9fcc8d4bd6c4,2026-04-13 05:27:40,appointment,APPOINTMENT_1336,1,2,1,0.0,1.658,0,0,41.81,0
3074,NUR_001,nurse,register_walkin,10751dec-9152-b658-beeb-ba433fbb9213,2026-04-01 06:27:46,appointment,APPOINTMENT_6019,26,13,0,0.05,1.906,0,0,7.49,0
3075,PATUSER_016,patient,book_appointment,671064b5-039b-51a8-7e40-8e6baa0a7e35,2026-04-13 01:04:36,appointment,APPOINTMENT_6512,5,2,1,0.0,1.922,0,0,35.59,0
3076,PATUSER_016,patient,book_appointment,d20dc49f-5674-961e-a123-6e3000654b95,2026-03-29 07:10:38,appointment,APPOINTMENT_4553,2,1,0,0.0,0.722,0,0,47.04,0
3077,PATUSER_010,patient,view_queue,754c6983-a899-1c3c-f51d-2af172b88b91,2026-05-11 03:58:19,queue,QUEUE_6250,6,3,1,0.0,1.669,1,0,7.35,0
3078,DOC_003,doctor,view_record,11b2d013-d581-7187-e88b-7a04781d307b,2026-03-31 04:21:27,medical_record,MEDICAL_RECORD_4771,12,5,1,0.15,1.5,0,0,60.19,0
3079,NUR_003,nurse,view_appointment,57b901cb-d3d2-258c-2773-57008eb32345,2026-04-09 10:03:49,appointment,APPOINTMENT_1290,24,25,0,0.06,1.79,0,0,22.17,0
3080,DOC_003,doctor,view_observation,1c39de5b-289a-3a1a-669b-2f756efb8bcb,2026-05-06 04:01:26,observation,OBSERVATION_9314,6,8,1,0.0,1.5,0,0,47.58,0
3081,ADM_001,admin,update_schedule,a992fe7d-cd9b-0ace-6e0b-f6f0b5f01fc3,2026-05-18 06:10:28,schedule,SCHEDULE_3270,7,5,0,0.0,1.371,0,0,43.07,0
3082,NUR_004,nurse,register_walkin,bfb0d055-557b-4579-1a3b-78cc2ead82c9,2026-03-30 06:28:01,appointment,APPOINTMENT_2689,23,21,0,0.09,2.0,1,0,23.0,0
3083,DOC_013,doctor,update_diagnosis,717861a2-ab2b-2d2a-6a8f-6388dbff69d2,2026-04-19 10:43:37,condition,CONDITION_9000,23,18,0,0.06,1.918,0,0,41.83,0
3084,PATUSER_024,patient,cancel_appointment,3eee4689-2d02-6ec9-c257-42b3adfdcd70,2026-04-20 01:48:53,appointment,APPOINTMENT_1991,1,2,1,0.0,1.842,0,0,35.93,0
3085,DOC_002,doctor,create_prescription,a2ff83e0-2cc0-50a4-b008-52a1add72ced,2026-04-22 00:55:53,prescription,PRESCRIPTION_2591,5,8,1,0.06,1.846,1,0,60.31,0
3086,DOC_009,doctor,view_observation,cc4e166f-53eb-f57b-fb9c-72dddeeb448f,2026-04-10 05:16:26,observation,OBSERVATION_2413,21,12,1,0.04,1.522,0,0,56.43,0
3087,DOC_013,doctor,view_record,668a10b4-c005-0df3-522e-b068e0d29ea9,2026-05-04 01:35:53,medical_record,MEDICAL_RECORD_4206,18,5,1,0.14,1.959,0,0,25.62,0
3088,DOC_003,doctor,update_diagnosis,d1838618-2a96-9761-0b8d-89a92a022bcc,2026-05-17 08:37:27,condition,CONDITION_4433,20,4,0,0.05,1.73,0,0,16.31,0
3089,PATUSER_027,patient,cancel_appointment,235bd53d-07f7-5874-c952-5126acfab01e,2026-04-30 06:33:44,appointment,APPOINTMENT_3710,3,2,0,0.0,1.522,0,0,35.35,0
3090,PATUSER_022,patient,update_diagnosis,1f534514-2f45-191e-04b4-ad9e93bdf422,2026-04-28 15:30:39,condition,CONDITION_2171,68,25,0,0.77,2.122,1,1,226.62,1
3091,NUR_001,nurse,view_appointment,d7b30817-a7e4-d7c5-8582-63d251b6f98c,2026-04-17 05:54:30,appointment,APPOINTMENT_2419,30,11,1,0.02,1.522,0,0,45.28,0
3092,PATUSER_024,patient,view_own_record,bfb0d055-557b-4579-1a3b-78cc2ead82c9,2026-04-26 02:32:47,medical_record,MEDICAL_RECORD_5487,3,2,1,0.0,1.906,0,0,38.66,0
3093,PATUSER_029,patient,book_appointment,4f0c6acb-066b-1f8d-228d-5e5a973d1fef,2026-03-25 10:30:55,appointment,APPOINTMENT_7892,1,2,0,0.0,1.906,0,0,21.23,0
3094,PATUSER_001,patient,view_queue,ed1c3b46-34b9-221b-cb10-682e9ed9ddbd,2026-04-03 06:17:04,queue,QUEUE_2524,3,3,0,0.0,1.561,0,0,11.51,0
3095,NUR_005,nurse,view_appointment,d1838618-2a96-9761-0b8d-89a92a022bcc,2026-04-15 02:38:35,appointment,APPOINTMENT_1171,13,10,1,0.07,1.295,0,0,53.36,0
3096,DOC_002,doctor,view_record,1c39de5b-289a-3a1a-669b-2f756efb8bcb,2026-05-13 12:22:58,medical_record,MEDICAL_RECORD_2306,12,3,0,0.15,1.522,0,0,58.85,0
3097,DOC_015,doctor,view_record,12a088f3-264b-6a9f-9a57-678747110969,2026-04-15 08:55:27,medical_record,MEDICAL_RECORD_9959,20,3,0,0.21,1.239,0,0,41.64,0
3098,PATUSER_010,patient,cancel_appointment,19e9c5a5-4114-0f95-e5e8-29cd6749d4e1,2026-04-03 12:08:02,appointment,APPOINTMENT_2465,4,3,0,0.0,1.322,0,0,19.09,0
3099,DOC_007,doctor,view_observation,5dd32bff-9eaf-50ef-db4f-c6065be13792,2026-04-06 10:44:01,observation,OBSERVATION_5758,7,5,0,0.08,1.459,0,0,64.33,0
3100,DOC_002,doctor,view_observation,a8bef5c2-6743-79e8-8477-bc3b6244c334,2026-05-01 02:05:51,observation,OBSERVATION_1744,11,12,1,0.21,1.922,0,0,44.21,0
3101,DOC_007,doctor,view_record,a8bef5c2-6743-79e8-8477-bc3b6244c334,2026-04-05 04:41:02,medical_record,MEDICAL_RECORD_4014,16,5,1,0.14,1.888,0,0,23.96,0
3102,PATUSER_023,patient,cancel_appointment,ad37dc95-561f-9348-6577-eff9b22d47c2,2026-04-06 02:54:56,appointment,APPOINTMENT_8288,5,1,1,0.0,1.522,0,0,59.65,0
3103,DOC_009,doctor,view_record,57b901cb-d3d2-258c-2773-57008eb32345,2026-04-17 03:03:00,medical_record,MEDICAL_RECORD_4960,6,16,1,0.09,2.0,0,0,24.19,0
3104,PATUSER_006,patient,book_appointment,754c6983-a899-1c3c-f51d-2af172b88b91,2026-03-25 06:11:54,appointment,APPOINTMENT_7877,6,1,0,0.0,1.918,0,0,58.76,0
3105,PATUSER_007,patient,view_own_record,219c0f88-2190-9af2-4122-bcf1c4f4a0bf,2026-04-21 05:25:24,medical_record,MEDICAL_RECORD_8998,2,2,1,0.0,1.823,0,0,58.54,0
3106,DOC_001,doctor,update_diagnosis,20f1f5b5-38be-6554-7a24-9fcc8d4bd6c4,2026-05-07 07:37:46,condition,CONDITION_1354,20,4,0,0.19,1.449,0,0,16.77,0
3107,DOC_014,doctor,update_diagnosis,d1838618-2a96-9761-0b8d-89a92a022bcc,2026-04-03 07:57:30,condition,CONDITION_9867,13,4,0,0.01,1.825,0,0,56.1,0
3108,PATUSER_026,patient,view_own_record,392c8ae6-3c3b-1ff7-c35c-4e64946db9b6,2026-05-14 04:22:19,medical_record,MEDICAL_RECORD_9081,1,2,1,0.0,1.585,0,0,26.5,0
3109,NUR_003,nurse,update_queue,2d457e3d-90cb-357e-f7e0-3014068d2f29,2026-04-04 10:38:39,appointment,APPOINTMENT_8952,30,15,0,0.05,1.922,0,0,43.27,0
3110,NUR_004,nurse,update_vitals,cc4e166f-53eb-f57b-fb9c-72dddeeb448f,2026-04-21 06:16:34,observation,OBSERVATION_3571,25,23,0,0.11,1.299,0,0,8.74,0
3111,PATUSER_027,patient,view_own_record,7f857501-0257-2c7f-2e8f-9886705681f3,2026-04-23 11:51:40,medical_record,MEDICAL_RECORD_3967,1,3,0,0.0,1.522,0,0,53.35,0
3112,DOC_006,doctor,view_record,d5d8b210-bca5-a9ce-0711-3d09468bfe47,2026-05-14 04:45:33,medical_record,MEDICAL_RECORD_3425,20,8,1,0.16,1.834,0,0,31.58,0
3113,PATUSER_012,patient,cancel_appointment,8db9c819-1c0b-c9a9-3e31-4b85f52201d2,2026-05-14 12:14:58,appointment,APPOINTMENT_8112,1,3,0,0.0,1.918,0,0,17.1,0
3114,DOC_004,doctor,update_diagnosis,155649eb-5d3e-41ca-5a2c-78972a1721f4,2026-04-24 06:31:05,condition,CONDITION_5561,9,3,0,0.05,1.895,0,0,25.16,0
3115,DOC_002,doctor,create_prescription,7f857501-0257-2c7f-2e8f-9886705681f3,2026-05-16 09:03:29,prescription,PRESCRIPTION_3833,7,10,0,0.21,0.811,0,0,62.49,0
3116,PATUSER_005,patient,view_own_record,073b376b-9659-3e78-c6a6-a08b74d710da,2026-04-20 12:09:26,medical_record,MEDICAL_RECORD_3671,2,3,0,0.0,1.95,0,0,25.83,0
3117,NUR_002,nurse,view_appointment,1c39de5b-289a-3a1a-669b-2f756efb8bcb,2026-04-21 03:45:55,appointment,APPOINTMENT_7318,28,14,1,0.09,1.664,0,0,54.98,0
3118,DOC_014,doctor,view_observation,20f1f5b5-38be-6554-7a24-9fcc8d4bd6c4,2026-04-23 07:48:55,observation,OBSERVATION_9362,16,18,0,0.14,1.571,0,0,27.08,0
3119,DOC_007,doctor,view_record,054e161c-d33f-0970-2018-1f19582e0813,2026-04-21 10:10:45,medical_record,MEDICAL_RECORD_7538,13,3,0,0.05,1.557,0,0,14.93,0
3120,DOC_007,doctor,view_record,ad37dc95-561f-9348-6577-eff9b22d47c2,2026-04-14 19:20:01,medical_record,MEDICAL_RECORD_6790,71,52,0,0.71,1.95,1,0,132.87,1
3121,DOC_014,doctor,update_diagnosis,f84719a0-d28d-ec20-64a8-a17992dcd9ac,2026-03-30 09:28:03,condition,CONDITION_8041,6,4,0,0.07,1.435,0,0,20.16,0
3122,NUR_003,nurse,create_prescription,d1838618-2a96-9761-0b8d-89a92a022bcc,2026-05-08 16:18:31,prescription,PRESCRIPTION_6845,79,58,0,0.94,1.891,0,1,410.6,1
3123,PATUSER_012,patient,view_own_record,5dd32bff-9eaf-50ef-db4f-c6065be13792,2026-05-02 12:10:57,medical_record,MEDICAL_RECORD_8706,3,3,0,0.0,1.761,0,0,68.91,0
3124,PATUSER_025,patient,view_record,d5d8b210-bca5-a9ce-0711-3d09468bfe47,2026-04-27 17:38:54,medical_record,MEDICAL_RECORD_2200,70,22,0,0.87,2.25,0,1,328.16,1
3125,NUR_005,nurse,update_vitals,4ca3be26-4f97-27f0-32fa-6ea155eba23a,2026-04-29 08:57:40,observation,OBSERVATION_1237,11,8,0,0.01,1.371,0,0,25.6,0
3126,DOC_012,doctor,view_observation,155649eb-5d3e-41ca-5a2c-78972a1721f4,2026-05-23 03:55:43,observation,OBSERVATION_6084,22,11,1,0.08,1.449,0,0,30.38,0
3127,DOC_013,doctor,create_prescription,4ca3be26-4f97-27f0-32fa-6ea155eba23a,2026-05-23 11:11:20,prescription,PRESCRIPTION_1237,17,15,0,0.15,1.459,0,0,47.33,0
3128,PATUSER_024,patient,view_own_record,f2df6bf3-460e-f410-cac9-472739e5df85,2026-04-15 02:12:04,medical_record,MEDICAL_RECORD_4310,3,2,1,0.0,1.95,0,0,53.69,0
3129,PATUSER_030,patient,view_queue,a2ff83e0-2cc0-50a4-b008-52a1add72ced,2026-05-22 06:05:46,queue,QUEUE_6372,2,1,0,0.0,1.868,0,0,22.12,0
3130,NUR_002,nurse,update_vitals,392c8ae6-3c3b-1ff7-c35c-4e64946db9b6,2026-03-30 03:35:41,observation,OBSERVATION_9664,24,19,1,0.07,1.918,0,0,68.53,0
3131,NUR_006,nurse,update_queue,2faf5170-7c17-9c76-c091-5349b5ecad23,2026-05-12 04:05:16,appointment,APPOINTMENT_6042,20,19,1,0.05,1.459,0,0,68.89,0
3132,PATUSER_007,patient,view_audit,3844e0c5-14c7-8f87-19b0-8f769b3bdd70,2026-05-02 16:19:20,audit,AUDIT_9726,40,31,0,0.68,1.664,0,1,374.31,1
3133,PATUSER_008,patient,view_queue,9b5ce034-80bf-4c6b-f400-3a89fc0d135b,2026-03-25 05:44:32,queue,QUEUE_6524,4,2,1,0.0,1.888,0,0,58.17,0
3134,PATUSER_007,patient,cancel_appointment,8fcbd58f-7e61-d74d-9b35-46d267ecbbd3,2026-05-23 02:34:43,appointment,APPOINTMENT_5059,5,3,1,0.0,1.5,0,0,23.77,0
3135,PATUSER_013,patient,view_queue,8c562216-cb73-0829-2fa4-123468939df6,2026-04-06 11:01:14,queue,QUEUE_6814,5,2,0,0.0,1.842,1,0,53.99,0
3136,PATUSER_026,patient,book_appointment,d9044272-63af-eca3-2a0c-ec9f9c10a98f,2026-05-06 05:34:10,appointment,APPOINTMENT_5663,4,3,1,0.0,1.855,0,0,61.4,0
3137,PATUSER_009,patient,cancel_appointment,3c6d02df-84f2-f9e2-8e09-852349757293,2026-05-02 02:32:09,appointment,APPOINTMENT_6087,4,2,1,0.0,1.922,0,0,56.32,0
3138,DOC_003,doctor,create_prescription,4ca3be26-4f97-27f0-32fa-6ea155eba23a,2026-03-30 02:10:06,prescription,PRESCRIPTION_9456,13,17,1,0.17,1.371,1,0,17.38,0
3139,NUR_002,nurse,register_walkin,a24f1dcf-ef87-f609-183a-d00bcc9b7292,2026-04-10 11:49:49,appointment,APPOINTMENT_6010,13,20,0,0.12,1.792,0,0,40.49,0
3140,PATUSER_024,patient,book_appointment,c72a8c6e-1dfd-0a8b-20e7-066eadd4931c,2026-04-19 04:47:36,appointment,APPOINTMENT_4159,4,2,1,0.0,1.95,0,0,57.53,0
3141,PATUSER_005,patient,book_appointment,6383af50-c8f6-0c22-1dd4-6ee2be572cb1,2026-04-01 11:12:37,appointment,APPOINTMENT_8086,6,1,0,0.0,1.95,0,0,31.38,0
3142,PATUSER_016,patient,view_queue,917ffe5d-46b2-36f1-0de8-35e5ed017fa7,2026-04-05 04:41:21,queue,QUEUE_1545,3,1,1,0.0,1.891,0,0,30.62,0
3143,DOC_012,doctor,update_diagnosis,d5d8b210-bca5-a9ce-0711-3d09468bfe47,2026-04-02 09:37:22,condition,CONDITION_5070,22,12,0,0.08,1.891,0,0,68.93,0
3144,PATUSER_017,patient,book_appointment,6383af50-c8f6-0c22-1dd4-6ee2be572cb1,2026-04-03 10:39:32,appointment,APPOINTMENT_8815,2,2,0,0.0,1.922,1,0,49.23,0
3145,PATUSER_026,patient,view_queue,01974f36-ced2-c38e-32c5-1b09e1fe1638,2026-04-02 02:31:25,queue,QUEUE_1267,5,2,1,0.0,1.761,0,0,13.36,0
3146,DOC_014,doctor,view_observation,a8bef5c2-6743-79e8-8477-bc3b6244c334,2026-05-16 03:34:12,observation,OBSERVATION_3989,21,16,1,0.15,1.837,0,0,32.02,0
3147,DOC_012,doctor,view_observation,8e21cb1f-b016-dda9-1d06-c920c24a0b37,2026-03-28 10:26:44,observation,OBSERVATION_1459,20,15,0,0.16,1.922,0,0,37.35,0
3148,PATUSER_029,patient,view_queue,5e236a28-42bb-348c-3267-03ed1a052b40,2026-04-10 01:47:29,queue,QUEUE_7848,4,1,1,0.0,1.95,0,0,23.85,0
3149,DOC_007,doctor,create_prescription,e8b56457-438e-7a2e-04ee-e0b2ec149f61,2026-04-22 06:02:20,prescription,PRESCRIPTION_2876,15,8,0,0.18,1.5,0,0,7.11,0
3150,DOC_015,doctor,update_diagnosis,dd0de87d-2596-9c38-a834-6f5246a48a51,2026-05-04 09:10:22,condition,CONDITION_8868,12,14,0,0.04,1.891,0,0,35.35,0
3151,PATUSER_026,patient,view_audit,754c6983-a899-1c3c-f51d-2af172b88b91,2026-03-25 16:09:24,audit,AUDIT_1868,89,33,0,0.81,1.5,1,1,234.94,1
3152,NUR_007,nurse,update_queue,e126e379-083f-ea08-0358-303361acf072,2026-04-05 01:02:15,appointment,APPOINTMENT_1666,30,19,1,0.03,1.5,0,0,11.17,0
3153,PATUSER_005,patient,book_appointment,20f1f5b5-38be-6554-7a24-9fcc8d4bd6c4,2026-04-14 04:40:35,appointment,APPOINTMENT_3560,2,3,1,0.0,1.842,0,0,67.16,0
3154,DOC_010,doctor,view_record,2d457e3d-90cb-357e-f7e0-3014068d2f29,2026-04-02 11:53:15,medical_record,MEDICAL_RECORD_1440,7,5,0,0.05,1.826,0,0,25.55,0
3155,PATUSER_021,patient,cancel_appointment,219c0f88-2190-9af2-4122-bcf1c4f4a0bf,2026-04-22 09:30:07,appointment,APPOINTMENT_2699,3,2,0,0.0,0.971,0,0,40.75,0
3156,DOC_012,doctor,update_diagnosis,a8bef5c2-6743-79e8-8477-bc3b6244c334,2026-05-03 03:39:29,condition,CONDITION_2876,24,11,1,0.19,1.888,0,0,73.57,0
3157,PATUSER_026,patient,book_appointment,d5d8b210-bca5-a9ce-0711-3d09468bfe47,2026-04-29 06:53:29,appointment,APPOINTMENT_1517,3,3,0,0.0,1.522,0,0,74.92,0
3158,PATUSER_008,patient,view_record,5dd32bff-9eaf-50ef-db4f-c6065be13792,2026-04-23 20:59:32,medical_record,MEDICAL_RECORD_9333,80,58,0,0.83,1.922,1,1,314.39,1
3159,PATUSER_017,patient,book_appointment,155649eb-5d3e-41ca-5a2c-78972a1721f4,2026-05-13 05:20:12,appointment,APPOINTMENT_1124,6,2,1,0.0,1.837,0,0,65.01,0
3160,PATUSER_012,patient,book_appointment,d7b30817-a7e4-d7c5-8582-63d251b6f98c,2026-03-29 11:52:50,appointment,APPOINTMENT_1002,6,3,0,0.0,1.922,0,0,33.14,0
3161,DOC_001,doctor,update_diagnosis,a8bef5c2-6743-79e8-8477-bc3b6244c334,2026-04-09 08:56:26,condition,CONDITION_4111,22,18,0,0.14,1.459,0,0,60.11,0
3162,DOC_006,doctor,view_record,4f0c6acb-066b-1f8d-228d-5e5a973d1fef,2026-05-10 05:26:00,medical_record,MEDICAL_RECORD_8332,23,10,1,0.08,1.459,0,0,10.03,0
3163,PATUSER_006,patient,cancel_appointment,8db9c819-1c0b-c9a9-3e31-4b85f52201d2,2026-05-08 02:17:41,appointment,APPOINTMENT_1644,1,1,1,0.0,1.309,0,0,62.27,0
3164,PATUSER_018,patient,update_diagnosis,2d457e3d-90cb-357e-f7e0-3014068d2f29,2026-04-22 19:16:08,condition,CONDITION_9771,87,47,0,0.94,2.055,1,1,160.3,1
3165,PATUSER_018,patient,view_queue,0369610a-4641-e2d5-80b2-844b2bd99f16,2026-05-22 10:55:55,queue,QUEUE_1124,4,1,0,0.0,1.761,0,0,30.8,0
3166,DOC_012,doctor,view_observation,1c39de5b-289a-3a1a-669b-2f756efb8bcb,2026-04-01 07:35:36,observation,OBSERVATION_5350,11,18,0,0.18,1.722,0,0,6.99,0
3167,DOC_011,doctor,view_observation,843d8b33-f833-1324-2aa6-e07c91e49204,2026-04-26 06:00:05,observation,OBSERVATION_8837,14,12,0,0.09,1.784,1,0,50.8,0
3168,PATUSER_014,patient,cancel_appointment,b23941a4-269e-2ac4-8ced-75d1ac8b1b1d,2026-05-19 03:49:16,appointment,APPOINTMENT_2581,3,3,1,0.0,1.549,0,0,29.24,0
3169,PATUSER_001,patient,view_queue,235bd53d-07f7-5874-c952-5126acfab01e,2026-05-13 02:14:47,queue,QUEUE_3048,4,3,1,0.0,1.936,0,0,55.41,0
3170,DOC_008,doctor,view_record,07052ffe-5096-f813-923b-f3a32be34399,2026-05-08 01:20:03,medical_record,MEDICAL_RECORD_3463,18,15,1,0.0,1.761,0,0,58.0,0
3171,DOC_004,doctor,view_observation,a8bef5c2-6743-79e8-8477-bc3b6244c334,2026-05-13 04:24:54,observation,OBSERVATION_1586,5,17,1,0.19,1.557,0,0,31.55,0
3172,DOC_003,doctor,update_diagnosis,3844e0c5-14c7-8f87-19b0-8f769b3bdd70,2026-03-29 08:54:26,condition,CONDITION_8705,15,11,0,0.13,1.95,0,0,53.28,0
3173,DOC_004,doctor,create_prescription,7bbc22dd-2b36-8b49-3bcc-14c25dafd13e,2026-05-20 06:27:33,prescription,PRESCRIPTION_6343,21,10,0,0.19,1.75,0,0,61.01,0
3174,PATUSER_011,patient,view_own_record,3bc81e09-7091-bc59-a58a-39b485d9e48b,2026-04-08 09:28:22,medical_record,MEDICAL_RECORD_5026,6,2,0,0.0,2.0,0,0,43.81,0
3175,PATUSER_023,patient,view_own_record,e60a6ecc-5639-5800-4bf2-8e8a2865e55c,2026-05-23 10:01:00,medical_record,MEDICAL_RECORD_1572,6,1,0,0.0,1.761,1,0,43.96,0
3176,PATUSER_003,patient,view_own_record,07052ffe-5096-f813-923b-f3a32be34399,2026-05-14 11:50:34,medical_record,MEDICAL_RECORD_2175,1,3,0,0.0,1.988,0,0,40.52,0
3177,PATUSER_011,patient,book_appointment,9b5ce034-80bf-4c6b-f400-3a89fc0d135b,2026-04-18 06:07:33,appointment,APPOINTMENT_2038,1,1,0,0.0,1.891,0,0,26.06,0
3178,NUR_006,nurse,update_queue,2d457e3d-90cb-357e-f7e0-3014068d2f29,2026-05-14 03:17:42,appointment,APPOINTMENT_4722,10,10,1,0.01,1.868,0,0,48.76,0
3179,PATUSER_005,patient,cancel_appointment,392c8ae6-3c3b-1ff7-c35c-4e64946db9b6,2026-05-05 07:32:30,appointment,APPOINTMENT_5295,3,2,0,0.0,1.922,0,0,57.07,0
3180,PATUSER_013,patient,cancel_appointment,a24f1dcf-ef87-f609-183a-d00bcc9b7292,2026-05-10 01:46:52,appointment,APPOINTMENT_3770,2,1,1,0.0,0.65,0,0,70.42,0
3181,PATUSER_008,patient,book_appointment,bee08b10-0c18-396e-9f8a-03e41691509b,2026-04-03 01:49:25,appointment,APPOINTMENT_2767,3,1,1,0.0,1.73,0,0,57.67,0
3182,DOC_005,doctor,view_observation,5dd32bff-9eaf-50ef-db4f-c6065be13792,2026-04-24 11:12:13,observation,OBSERVATION_9999,12,18,0,0.03,1.626,0,0,73.97,0
3183,DOC_014,doctor,view_record,5dd32bff-9eaf-50ef-db4f-c6065be13792,2026-05-02 01:08:21,medical_record,MEDICAL_RECORD_7668,21,18,1,0.13,1.379,0,0,20.33,0
3184,PATUSER_018,patient,book_appointment,2b31de7e-3596-37c7-1d46-db12d82e73ef,2026-04-07 12:14:49,appointment,APPOINTMENT_7682,5,3,0,0.0,1.888,0,0,13.34,0
3185,PATUSER_011,patient,book_appointment,01974f36-ced2-c38e-32c5-1b09e1fe1638,2026-05-23 00:39:10,appointment,APPOINTMENT_3374,2,2,1,0.0,1.988,0,0,23.29,0
3186,PATUSER_026,patient,view_own_record,843d8b33-f833-1324-2aa6-e07c91e49204,2026-04-13 02:55:53,medical_record,MEDICAL_RECORD_5038,6,2,1,0.0,1.95,0,0,43.67,0
3187,PATUSER_029,patient,book_appointment,671064b5-039b-51a8-7e40-8e6baa0a7e35,2026-05-05 05:14:40,appointment,APPOINTMENT_2174,3,2,1,0.0,1.95,0,0,34.5,0
3188,PATUSER_006,patient,cancel_appointment,ed1c3b46-34b9-221b-cb10-682e9ed9ddbd,2026-04-13 10:08:56,appointment,APPOINTMENT_7293,4,2,0,0.0,1.53,0,0,71.66,0
3189,DOC_008,doctor,view_observation,10751dec-9152-b658-beeb-ba433fbb9213,2026-03-25 00:51:27,observation,OBSERVATION_5445,10,8,1,0.14,1.888,0,0,28.76,0
3190,PATUSER_010,patient,view_own_record,910f9d72-b5f2-60bf-8302-274ac5d74635,2026-04-28 04:33:00,medical_record,MEDICAL_RECORD_1194,5,3,1,0.0,1.658,0,0,52.52,0
3191,PATUSER_016,patient,view_record,f8540aed-49fc-9dd6-b195-288635b1d17a,2026-04-07 20:53:51,medical_record,MEDICAL_RECORD_7943,72,62,0,0.81,1.5,0,1,314.5,1
3192,PATUSER_004,patient,view_queue,4f0c6acb-066b-1f8d-228d-5e5a973d1fef,2026-03-28 04:46:50,queue,QUEUE_4189,2,1,1,0.0,1.5,0,0,5.45,0
3193,PATUSER_028,patient,book_appointment,910f9d72-b5f2-60bf-8302-274ac5d74635,2026-05-07 04:58:13,appointment,APPOINTMENT_6434,2,3,1,0.0,1.884,0,0,58.67,0
3194,PATUSER_023,patient,view_own_record,c5d42b3b-72de-b953-545d-1de4cf59d279,2026-03-27 05:55:13,medical_record,MEDICAL_RECORD_2436,2,2,1,0.0,1.959,0,0,16.85,0
3195,DOC_006,doctor,view_record,2d457e3d-90cb-357e-f7e0-3014068d2f29,2026-03-30 07:16:01,medical_record,MEDICAL_RECORD_2770,21,8,0,0.1,1.522,0,0,57.02,0
3196,PATUSER_011,patient,view_own_record,5dd32bff-9eaf-50ef-db4f-c6065be13792,2026-05-13 08:39:17,medical_record,MEDICAL_RECORD_8318,6,1,0,0.0,1.826,0,0,50.27,0
3197,PATUSER_022,patient,cancel_appointment,88f931d5-4cfa-4be9-c6be-738d5fc8c215,2026-04-11 11:56:43,appointment,APPOINTMENT_5327,5,2,0,0.0,1.811,0,0,58.13,0
3198,PATUSER_019,patient,view_own_record,dda456b9-cd60-e91b-8a88-fd381a9e4611,2026-04-22 09:30:37,medical_record,MEDICAL_RECORD_6809,2,1,0,0.0,1.842,0,0,50.54,0
3199,NUR_003,nurse,register_walkin,671064b5-039b-51a8-7e40-8e6baa0a7e35,2026-04-11 03:09:35,appointment,APPOINTMENT_7027,15,20,1,0.03,1.837,0,0,36.62,0
3200,PATUSER_012,patient,view_queue,047f3ed4-bdea-7cd6-6e80-8537a3979cc6,2026-04-14 01:14:50,queue,QUEUE_1074,4,1,1,0.0,1.855,0,0,40.4,0
3201,DOC_005,doctor,create_prescription,820d39a0-d304-2b9d-25a8-d705deede745,2026-04-25 07:26:03,prescription,PRESCRIPTION_9525,18,15,0,0.15,1.571,0,0,62.59,0
3202,DOC_005,doctor,create_prescription,cc4e166f-53eb-f57b-fb9c-72dddeeb448f,2026-03-30 02:05:50,prescription,PRESCRIPTION_3368,11,15,1,0.19,1.571,0,0,40.5,0
3203,PATUSER_017,patient,cancel_appointment,d1838618-2a96-9761-0b8d-89a92a022bcc,2026-04-26 06:22:04,appointment,APPOINTMENT_8850,1,2,0,0.0,-0.0,0,0,31.74,0
3204,NUR_004,nurse,update_queue,a24f1dcf-ef87-f609-183a-d00bcc9b7292,2026-05-06 00:55:24,appointment,APPOINTMENT_3918,12,23,1,0.12,1.75,0,0,20.71,0
3205,PATUSER_018,patient,view_queue,bee08b10-0c18-396e-9f8a-03e41691509b,2026-05-02 03:15:55,queue,QUEUE_3246,5,3,1,0.0,1.936,0,0,62.88,0
3206,DOC_006,doctor,create_prescription,d5d8b210-bca5-a9ce-0711-3d09468bfe47,2026-04-11 05:58:10,prescription,PRESCRIPTION_1975,23,4,1,0.07,1.379,1,0,69.02,0
3207,ADM_003,admin,manage_user,8fcbd58f-7e61-d74d-9b35-46d267ecbbd3,2026-04-29 01:20:52,user,USER_5911,11,6,1,0.03,1.352,0,0,45.06,0
3208,NUR_003,nurse,register_walkin,465dd060-e77a-9924-0d7a-75d52d39a714,2026-04-26 11:49:49,appointment,APPOINTMENT_7677,26,9,0,0.03,1.5,0,0,64.05,0
3209,NUR_002,nurse,create_prescription,f2df6bf3-460e-f410-cac9-472739e5df85,2026-04-25 19:34:40,prescription,PRESCRIPTION_3083,52,26,0,0.77,1.75,0,1,410.5,1
3210,NUR_001,nurse,view_appointment,917ffe5d-46b2-36f1-0de8-35e5ed017fa7,2026-05-23 12:23:22,appointment,APPOINTMENT_6192,13,9,0,0.03,1.522,0,0,52.73,0
3211,DOC_003,doctor,view_record,d1838618-2a96-9761-0b8d-89a92a022bcc,2026-05-02 02:19:23,medical_record,MEDICAL_RECORD_9850,13,5,1,0.09,1.891,0,0,53.33,0
3212,DOC_006,doctor,update_diagnosis,d1838618-2a96-9761-0b8d-89a92a022bcc,2026-05-08 11:11:36,condition,CONDITION_4424,12,13,0,0.18,1.79,0,0,48.33,0
3213,PATUSER_022,patient,cancel_appointment,073b376b-9659-3e78-c6a6-a08b74d710da,2026-04-01 07:25:29,appointment,APPOINTMENT_9106,6,2,0,0.0,1.959,0,0,10.48,0
3214,DOC_013,doctor,create_prescription,b4679b26-64ac-c348-6667-1e9093ae866f,2026-03-28 06:14:09,prescription,PRESCRIPTION_6090,9,9,0,0.13,1.761,0,0,74.03,0
3215,PATUSER_027,patient,view_queue,1f534514-2f45-191e-04b4-ad9e93bdf422,2026-04-02 00:47:20,queue,QUEUE_1267,1,1,1,0.0,1.842,1,0,73.41,0
3216,PATUSER_001,patient,view_own_record,d1838618-2a96-9761-0b8d-89a92a022bcc,2026-04-30 08:38:28,medical_record,MEDICAL_RECORD_5733,5,2,0,0.0,1.5,0,0,63.79,0
3217,DOC_003,doctor,update_diagnosis,ad37dc95-561f-9348-6577-eff9b22d47c2,2026-04-14 03:09:32,condition,CONDITION_1215,17,5,1,0.09,1.975,0,0,73.67,0
3218,NUR_004,nurse,update_vitals,7bbc22dd-2b36-8b49-3bcc-14c25dafd13e,2026-03-27 10:48:11,observation,OBSERVATION_9408,27,23,0,0.02,1.5,0,0,9.55,0
3219,DOC_007,doctor,update_diagnosis,9cefc3e8-33f8-beac-d280-fb10e474151c,2026-05-16 03:39:30,condition,CONDITION_1709,12,11,1,0.21,1.846,0,0,18.43,0
3220,PATUSER_017,patient,cancel_appointment,ea7deb48-7fa5-3406-28b9-051b0c18d363,2026-04-10 04:29:50,appointment,APPOINTMENT_1569,3,3,1,0.0,1.658,0,0,73.75,0
3221,NUR_002,nurse,update_queue,d1838618-2a96-9761-0b8d-89a92a022bcc,2026-05-12 05:09:30,appointment,APPOINTMENT_2603,30,15,1,0.1,1.53,0,0,53.98,0
3222,PATUSER_027,patient,cancel_appointment,b4679b26-64ac-c348-6667-1e9093ae866f,2026-05-22 11:34:40,appointment,APPOINTMENT_7722,5,2,0,0.0,1.557,0,0,45.86,0
3223,PATUSER_023,patient,cancel_appointment,a8bef5c2-6743-79e8-8477-bc3b6244c334,2026-04-22 05:01:10,appointment,APPOINTMENT_6697,5,2,1,0.0,1.895,0,0,28.88,0
3224,DOC_007,doctor,view_record,0369610a-4641-e2d5-80b2-844b2bd99f16,2026-04-21 02:23:53,medical_record,MEDICAL_RECORD_4317,21,12,1,0.08,1.891,0,0,12.37,0
3225,NUR_006,nurse,view_appointment,2faf5170-7c17-9c76-c091-5349b5ecad23,2026-05-17 01:14:50,appointment,APPOINTMENT_8775,10,17,1,0.05,1.826,0,0,37.09,0
3226,PATUSER_005,patient,view_queue,671064b5-039b-51a8-7e40-8e6baa0a7e35,2026-05-22 02:18:52,queue,QUEUE_6858,6,2,1,0.0,1.761,0,0,62.35,0
3227,NUR_007,nurse,update_vitals,ed1c3b46-34b9-221b-cb10-682e9ed9ddbd,2026-04-30 01:51:07,observation,OBSERVATION_6646,22,9,1,0.01,1.826,0,0,62.65,0
3228,PATUSER_002,patient,view_queue,f5de0af7-bfb4-270e-8175-e12515583ea8,2026-05-04 08:44:33,queue,QUEUE_8696,2,2,0,0.0,1.557,0,0,24.91,0
3229,PATUSER_010,patient,cancel_appointment,392c8ae6-3c3b-1ff7-c35c-4e64946db9b6,2026-03-27 07:39:50,appointment,APPOINTMENT_7435,4,3,0,0.0,1.371,0,0,20.03,0
3230,DOC_007,doctor,update_diagnosis,f8540aed-49fc-9dd6-b195-288635b1d17a,2026-05-18 04:55:26,condition,CONDITION_3134,17,12,1,0.12,1.906,0,0,31.35,0
3231,PATUSER_010,patient,book_appointment,c95c96d5-ac6e-6ab6-143b-6da3e3923f39,2026-03-30 06:55:43,appointment,APPOINTMENT_3601,2,1,0,0.0,1.761,0,0,69.1,0
3232,PATUSER_007,patient,view_queue,744a7169-4e89-61ff-27f2-3c736abf4368,2026-03-29 02:42:58,queue,QUEUE_7470,6,1,1,0.0,1.922,0,0,54.87,0
3233,DOC_008,doctor,update_diagnosis,11b2d013-d581-7187-e88b-7a04781d307b,2026-05-10 10:54:40,condition,CONDITION_5935,9,9,0,0.06,1.906,0,0,54.39,0
3234,PATUSER_027,patient,view_queue,754c6983-a899-1c3c-f51d-2af172b88b91,2026-04-26 02:17:33,queue,QUEUE_2898,1,3,1,0.0,1.557,0,0,69.42,0
3235,ADM_001,admin,view_audit,df4576f2-f38f-02c0-b20f-6153754c41a6,2026-04-28 07:15:50,audit,AUDIT_4183,9,0,0,0.03,1.884,0,0,50.32,0
3236,DOC_001,doctor,view_record,8e21cb1f-b016-dda9-1d06-c920c24a0b37,2026-05-23 09:42:32,medical_record,MEDICAL_RECORD_1058,19,14,0,0.12,1.406,0,0,53.49,0
3237,PATUSER_001,patient,view_own_record,8db9c819-1c0b-c9a9-3e31-4b85f52201d2,2026-05-04 05:18:17,medical_record,MEDICAL_RECORD_6152,5,2,1,0.0,0.811,0,0,70.49,0
3238,PATUSER_030,patient,cancel_appointment,8db9c819-1c0b-c9a9-3e31-4b85f52201d2,2026-04-27 05:11:45,appointment,APPOINTMENT_9219,6,3,1,0.0,1.0,0,0,54.81,0
3239,PATUSER_005,patient,update_diagnosis,910f9d72-b5f2-60bf-8302-274ac5d74635,2026-04-07 17:48:11,condition,CONDITION_3044,69,58,0,0.85,2.156,0,1,257.54,1
3240,PATUSER_013,patient,cancel_appointment,d9044272-63af-eca3-2a0c-ec9f9c10a98f,2026-05-14 06:09:57,appointment,APPOINTMENT_3265,2,2,0,0.0,1.959,0,0,24.41,0
3241,PATUSER_009,patient,view_own_record,45f758c8-34c3-3fa5-41f9-5906127ba1bd,2026-04-23 06:41:41,medical_record,MEDICAL_RECORD_1649,2,2,0,0.0,1.842,0,0,35.48,0
3242,PATUSER_022,patient,book_appointment,4f74c441-7628-4f98-82a7-f4c99d926736,2026-04-11 00:39:36,appointment,APPOINTMENT_3027,1,2,1,0.0,1.252,0,0,63.9,0
3243,PATUSER_030,patient,book_appointment,e300c149-9eaa-3d5a-57d9-ea8d4c996597,2026-03-26 04:22:49,appointment,APPOINTMENT_9695,2,2,1,0.0,1.5,0,0,11.19,0
3244,PATUSER_015,patient,cancel_appointment,42c1eb05-09a9-eeda-a957-d822de66c536,2026-04-17 02:51:48,appointment,APPOINTMENT_1245,6,3,1,0.0,1.753,0,0,7.33,0
3245,PATUSER_025,patient,cancel_appointment,8fcbd58f-7e61-d74d-9b35-46d267ecbbd3,2026-04-10 09:41:10,appointment,APPOINTMENT_1309,4,1,0,0.0,1.95,0,0,35.53,0
3246,PATUSER_002,patient,book_appointment,e7fccc97-5df9-b27f-8322-44fd5b624936,2026-04-07 01:30:40,appointment,APPOINTMENT_3613,1,3,1,0.0,1.0,0,0,64.08,0
3247,PATUSER_003,patient,view_own_record,dd0de87d-2596-9c38-a834-6f5246a48a51,2026-04-06 07:47:30,medical_record,MEDICAL_RECORD_3238,2,1,0,0.0,1.906,0,0,33.78,0
3248,NUR_004,nurse,update_queue,3c6d02df-84f2-f9e2-8e09-852349757293,2026-05-01 08:36:33,appointment,APPOINTMENT_5331,18,9,0,0.08,1.406,0,0,41.78,0
3249,ADM_003,admin,view_audit,8e21cb1f-b016-dda9-1d06-c920c24a0b37,2026-05-11 07:57:42,audit,AUDIT_5761,8,6,0,0.05,1.5,0,0,8.81,0
3250,PATUSER_030,patient,book_appointment,1290bba5-c164-4273-9694-c3ce92270ef2,2026-04-17 05:09:57,appointment,APPOINTMENT_9386,2,3,1,0.0,0.954,0,0,6.18,0
3251,PATUSER_010,patient,book_appointment,01974f36-ced2-c38e-32c5-1b09e1fe1638,2026-05-18 11:00:31,appointment,APPOINTMENT_9776,3,1,0,0.0,1.906,0,0,45.7,0
3252,DOC_002,doctor,update_diagnosis,e94fc8e2-b867-5164-0607-5e5eb581b150,2026-05-13 07:50:57,condition,CONDITION_8849,16,10,0,0.22,1.5,0,0,54.22,0
3253,DOC_003,doctor,update_diagnosis,57b901cb-d3d2-258c-2773-57008eb32345,2026-05-04 03:39:12,condition,CONDITION_5221,24,16,1,0.17,1.959,0,0,56.56,0
3254,PATUSER_025,patient,cancel_appointment,744a7169-4e89-61ff-27f2-3c736abf4368,2026-05-04 08:10:20,appointment,APPOINTMENT_2762,6,3,0,0.0,0.954,0,0,43.79,0
3255,NUR_004,nurse,update_queue,bfb0d055-557b-4579-1a3b-78cc2ead82c9,2026-03-31 09:16:14,appointment,APPOINTMENT_7294,22,14,0,0.04,1.837,0,0,50.56,0
3256,NUR_006,nurse,view_appointment,dd0de87d-2596-9c38-a834-6f5246a48a51,2026-05-13 02:09:14,appointment,APPOINTMENT_4178,16,9,1,0.08,1.0,0,0,52.29,0
3257,DOC_009,doctor,update_diagnosis,465dd060-e77a-9924-0d7a-75d52d39a714,2026-05-22 03:15:16,condition,CONDITION_1460,13,16,1,0.05,1.384,0,0,17.62,0
3258,DOC_015,doctor,update_diagnosis,917ffe5d-46b2-36f1-0de8-35e5ed017fa7,2026-04-24 02:06:05,condition,CONDITION_8878,8,8,1,0.06,1.906,0,0,10.74,0
3259,PATUSER_023,patient,book_appointment,57b901cb-d3d2-258c-2773-57008eb32345,2026-04-25 02:33:30,appointment,APPOINTMENT_3111,5,3,1,0.0,1.669,0,0,40.77,0
3260,NUR_003,nurse,update_queue,d20dc49f-5674-961e-a123-6e3000654b95,2026-04-16 08:02:53,appointment,APPOINTMENT_8237,18,23,0,0.09,1.522,0,0,12.18,0
3261,PATUSER_004,patient,book_appointment,c5d42b3b-72de-b953-545d-1de4cf59d279,2026-04-27 01:30:07,appointment,APPOINTMENT_5398,4,1,1,0.0,1.846,0,0,27.11,0
3262,DOC_003,doctor,view_observation,19e9c5a5-4114-0f95-e5e8-29cd6749d4e1,2026-04-12 07:07:09,observation,OBSERVATION_5113,6,10,0,0.07,1.658,0,0,56.3,0
3263,PATUSER_015,patient,cancel_appointment,c95c96d5-ac6e-6ab6-143b-6da3e3923f39,2026-04-08 08:15:02,appointment,APPOINTMENT_9002,4,2,0,0.0,1.522,0,0,35.34,0
3264,DOC_014,doctor,update_diagnosis,d1838618-2a96-9761-0b8d-89a92a022bcc,2026-04-13 02:45:04,condition,CONDITION_3301,17,12,1,0.18,1.5,0,0,47.05,0
3265,PATUSER_026,patient,view_own_record,c72a8c6e-1dfd-0a8b-20e7-066eadd4931c,2026-04-14 05:57:11,medical_record,MEDICAL_RECORD_9364,5,3,1,0.0,1.895,0,0,71.82,0
3266,PATUSER_004,patient,view_audit,2faf5170-7c17-9c76-c091-5349b5ecad23,2026-04-02 17:23:33,audit,AUDIT_5758,71,23,0,0.77,1.918,1,1,248.01,1
3267,DOC_015,doctor,update_diagnosis,2b31de7e-3596-37c7-1d46-db12d82e73ef,2026-04-10 02:50:27,condition,CONDITION_7139,24,7,1,0.16,1.685,0,0,34.67,0
3268,PATUSER_021,patient,book_appointment,e126e379-083f-ea08-0358-303361acf072,2026-04-15 08:16:13,appointment,APPOINTMENT_8740,3,1,0,0.0,1.888,0,0,66.63,0
3269,PATUSER_029,patient,view_own_record,8db9c819-1c0b-c9a9-3e31-4b85f52201d2,2026-04-17 02:02:06,medical_record,MEDICAL_RECORD_8643,5,3,1,0.0,1.371,0,0,28.03,0
3270,PATUSER_009,patient,view_own_record,9b5ce034-80bf-4c6b-f400-3a89fc0d135b,2026-04-16 09:20:54,medical_record,MEDICAL_RECORD_8981,6,2,0,0.0,0.722,0,0,30.48,0
3271,PATUSER_021,patient,view_queue,0369610a-4641-e2d5-80b2-844b2bd99f16,2026-04-27 09:48:20,queue,QUEUE_1067,3,1,0,0.0,1.5,0,0,28.0,0
3272,PATUSER_010,patient,view_own_record,20f1f5b5-38be-6554-7a24-9fcc8d4bd6c4,2026-04-03 02:17:24,medical_record,MEDICAL_RECORD_4883,3,2,1,0.0,1.406,0,0,46.23,0
3273,DOC_008,doctor,view_record,d9044272-63af-eca3-2a0c-ec9f9c10a98f,2026-05-11 04:50:25,medical_record,MEDICAL_RECORD_7352,20,3,1,0.22,1.459,0,0,32.56,0
3274,DOC_009,doctor,view_observation,cc4e166f-53eb-f57b-fb9c-72dddeeb448f,2026-04-20 16:40:30,observation,OBSERVATION_4143,49,38,0,0.7,1.922,0,0,195.44,1
3275,PATUSER_023,patient,cancel_appointment,a82f0145-e797-d65d-bebf-e49dd38bac1e,2026-04-22 09:00:27,appointment,APPOINTMENT_4238,2,3,0,0.0,1.959,0,0,39.85,0
3276,PATUSER_024,patient,view_queue,4642b627-0caa-32c4-a7cd-87689252d332,2026-04-14 08:45:34,queue,QUEUE_1440,2,3,0,0.0,1.379,0,0,48.31,0
3277,PATUSER_027,patient,cancel_appointment,671064b5-039b-51a8-7e40-8e6baa0a7e35,2026-04-01 12:24:41,appointment,APPOINTMENT_8522,3,2,0,0.0,1.776,0,0,18.45,0
3278,PATUSER_008,patient,view_own_record,4642b627-0caa-32c4-a7cd-87689252d332,2026-03-25 07:44:22,medical_record,MEDICAL_RECORD_8635,3,3,0,0.0,1.837,0,0,31.79,0
3279,DOC_014,doctor,view_observation,dda456b9-cd60-e91b-8a88-fd381a9e4611,2026-05-10 02:33:39,observation,OBSERVATION_3355,17,14,1,0.04,1.922,0,0,26.86,0
3280,ADM_001,admin,update_schedule,054e161c-d33f-0970-2018-1f19582e0813,2026-05-22 08:28:01,schedule,SCHEDULE_9094,7,3,0,0.09,1.891,0,0,8.58,0
3281,NUR_003,nurse,update_vitals,12a088f3-264b-6a9f-9a57-678747110969,2026-04-18 07:04:37,observation,OBSERVATION_5669,23,23,0,0.1,1.846,0,0,20.58,0
3282,DOC_002,doctor,view_record,2b31de7e-3596-37c7-1d46-db12d82e73ef,2026-04-09 12:25:50,medical_record,MEDICAL_RECORD_6930,15,6,0,0.07,0.918,0,0,5.89,0
3283,DOC_003,doctor,create_prescription,7225d50f-9363-214e-02d6-3fdc2a246bdc,2026-04-21 20:36:04,prescription,PRESCRIPTION_6939,41,51,0,0.92,1.981,1,0,308.62,1
3284,PATUSER_023,patient,book_appointment,07052ffe-5096-f813-923b-f3a32be34399,2026-05-08 06:08:06,appointment,APPOINTMENT_8456,6,1,0,0.0,1.585,0,0,20.02,0
3285,NUR_002,nurse,update_vitals,7225d50f-9363-214e-02d6-3fdc2a246bdc,2026-05-10 08:49:00,observation,OBSERVATION_5131,25,19,0,0.07,1.834,0,0,43.65,0
3286,DOC_007,doctor,create_prescription,1c39de5b-289a-3a1a-669b-2f756efb8bcb,2026-03-26 03:52:47,prescription,PRESCRIPTION_9212,5,4,1,0.16,1.459,0,0,70.23,0
3287,NUR_001,nurse,update_queue,4642b627-0caa-32c4-a7cd-87689252d332,2026-05-02 01:51:41,appointment,APPOINTMENT_3517,26,15,1,0.09,1.5,0,0,7.03,0
3288,PATUSER_029,patient,book_appointment,bee08b10-0c18-396e-9f8a-03e41691509b,2026-04-04 09:13:56,appointment,APPOINTMENT_9703,1,1,0,0.0,1.65,0,0,12.51,0
3289,DOC_007,doctor,view_record,2d457e3d-90cb-357e-f7e0-3014068d2f29,2026-03-29 01:06:34,medical_record,MEDICAL_RECORD_4480,15,10,1,0.03,1.522,0,0,34.79,0
3290,PATUSER_009,patient,book_appointment,047f3ed4-bdea-7cd6-6e80-8537a3979cc6,2026-04-04 08:31:37,appointment,APPOINTMENT_1519,6,1,0,0.0,1.842,0,0,10.35,0
3291,PATUSER_004,patient,cancel_appointment,0369610a-4641-e2d5-80b2-844b2bd99f16,2026-05-09 04:29:31,appointment,APPOINTMENT_5960,3,1,1,0.0,1.239,0,0,8.3,0
3292,DOC_007,doctor,view_observation,843d8b33-f833-1324-2aa6-e07c91e49204,2026-05-13 03:15:28,observation,OBSERVATION_1680,15,4,1,0.18,0.811,0,0,16.66,0
3293,DOC_013,doctor,update_diagnosis,9b5ce034-80bf-4c6b-f400-3a89fc0d135b,2026-05-02 09:42:00,condition,CONDITION_7709,20,10,0,0.12,1.46,0,0,46.26,0
3294,DOC_005,doctor,create_prescription,3c6d02df-84f2-f9e2-8e09-852349757293,2026-04-14 19:26:07,prescription,PRESCRIPTION_5934,70,34,0,0.91,1.459,1,0,281.83,1
3295,PATUSER_006,patient,book_appointment,e8b56457-438e-7a2e-04ee-e0b2ec149f61,2026-05-10 10:09:15,appointment,APPOINTMENT_1574,6,1,0,0.0,1.981,0,0,58.55,0
3296,PATUSER_016,patient,view_own_record,01974f36-ced2-c38e-32c5-1b09e1fe1638,2026-03-31 11:00:52,medical_record,MEDICAL_RECORD_3159,3,3,0,0.0,1.241,0,0,40.42,0
3297,PATUSER_005,patient,view_record,dd0de87d-2596-9c38-a834-6f5246a48a51,2026-04-09 15:27:59,medical_record,MEDICAL_RECORD_8650,59,26,0,0.96,2.197,1,1,171.76,1
3298,PATUSER_017,patient,cancel_appointment,88f931d5-4cfa-4be9-c6be-738d5fc8c215,2026-04-09 06:43:14,appointment,APPOINTMENT_4882,1,2,0,0.0,1.224,0,0,9.35,0
3299,PATUSER_024,patient,book_appointment,717861a2-ab2b-2d2a-6a8f-6388dbff69d2,2026-04-20 05:15:42,appointment,APPOINTMENT_6224,4,3,1,0.0,1.53,0,0,32.99,0
3300,NUR_007,nurse,register_walkin,2b31de7e-3596-37c7-1d46-db12d82e73ef,2026-04-06 09:50:03,appointment,APPOINTMENT_4359,27,11,0,0.06,0.722,0,0,52.46,0
3301,DOC_007,doctor,view_observation,d1838618-2a96-9761-0b8d-89a92a022bcc,2026-05-06 11:12:02,observation,OBSERVATION_3306,20,17,0,0.01,1.459,0,0,38.01,0
3302,PATUSER_028,patient,view_queue,1290bba5-c164-4273-9694-c3ce92270ef2,2026-04-05 05:06:50,queue,QUEUE_3562,1,1,1,0.0,1.826,0,0,5.37,0
3303,PATUSER_008,patient,view_own_record,047f3ed4-bdea-7cd6-6e80-8537a3979cc6,2026-04-22 10:08:29,medical_record,MEDICAL_RECORD_7722,4,1,0,0.0,1.371,0,0,44.11,0
3304,PATUSER_019,patient,view_queue,917ffe5d-46b2-36f1-0de8-35e5ed017fa7,2026-04-30 02:06:57,queue,QUEUE_2898,4,2,1,0.0,1.842,0,0,18.36,0
3305,PATUSER_019,patient,view_own_record,7f857501-0257-2c7f-2e8f-9886705681f3,2026-04-10 05:59:52,medical_record,MEDICAL_RECORD_9003,1,3,1,0.0,1.891,0,0,24.76,0
3306,DOC_008,doctor,view_record,d1838618-2a96-9761-0b8d-89a92a022bcc,2026-03-25 06:56:45,medical_record,MEDICAL_RECORD_3347,16,4,0,0.05,1.65,0,0,27.64,0
3307,PATUSER_001,patient,view_queue,19e9c5a5-4114-0f95-e5e8-29cd6749d4e1,2026-05-07 02:57:05,queue,QUEUE_8638,1,2,1,0.0,1.79,0,0,52.57,0
3308,NUR_001,nurse,update_queue,9b5ce034-80bf-4c6b-f400-3a89fc0d135b,2026-04-01 09:06:51,appointment,APPOINTMENT_2283,22,24,0,0.03,1.522,0,0,64.61,0
3309,DOC_015,doctor,view_observation,d9044272-63af-eca3-2a0c-ec9f9c10a98f,2026-05-10 07:33:59,observation,OBSERVATION_2267,7,4,0,0.13,1.352,0,0,58.96,0
3310,DOC_009,doctor,view_record,2d457e3d-90cb-357e-f7e0-3014068d2f29,2026-05-15 06:08:59,medical_record,MEDICAL_RECORD_5476,6,17,0,0.08,1.918,0,0,18.7,0
3311,NUR_005,nurse,register_walkin,d20dc49f-5674-961e-a123-6e3000654b95,2026-03-28 00:58:58,appointment,APPOINTMENT_5046,13,22,1,0.06,1.371,0,0,64.56,0
3312,NUR_006,nurse,update_queue,4f0c6acb-066b-1f8d-228d-5e5a973d1fef,2026-03-28 00:26:58,appointment,APPOINTMENT_9602,14,22,1,0.01,1.959,0,0,41.39,0
3313,PATUSER_014,patient,view_own_record,3eee4689-2d02-6ec9-c257-42b3adfdcd70,2026-05-03 03:16:12,medical_record,MEDICAL_RECORD_1364,2,2,1,0.0,1.406,0,0,36.15,0
3314,PATUSER_021,patient,view_own_record,f5de0af7-bfb4-270e-8175-e12515583ea8,2026-05-22 06:47:17,medical_record,MEDICAL_RECORD_3954,2,2,0,0.0,1.922,0,0,10.55,0
3315,PATUSER_005,patient,view_queue,19e9c5a5-4114-0f95-e5e8-29cd6749d4e1,2026-04-16 01:20:55,queue,QUEUE_7951,4,3,1,0.0,2.0,0,0,34.62,0
3316,NUR_005,nurse,update_vitals,f5de0af7-bfb4-270e-8175-e12515583ea8,2026-04-21 08:07:26,observation,OBSERVATION_2985,10,11,0,0.1,1.522,0,0,25.96,0
3317,PATUSER_019,patient,view_queue,42c1eb05-09a9-eeda-a957-d822de66c536,2026-04-27 02:24:44,queue,QUEUE_4528,6,3,1,0.0,1.577,0,0,45.79,0
3318,ADM_002,admin,view_report,4ca3be26-4f97-27f0-32fa-6ea155eba23a,2026-05-16 16:04:47,report,REPORT_5573,80,34,0,0.71,1.252,1,0,275.81,1
3319,NUR_004,nurse,view_appointment,d1838618-2a96-9761-0b8d-89a92a022bcc,2026-05-18 02:49:46,appointment,APPOINTMENT_9903,17,16,1,0.05,1.971,0,0,45.06,0
3320,DOC_006,doctor,update_diagnosis,d1838618-2a96-9761-0b8d-89a92a022bcc,2026-04-11 01:45:40,condition,CONDITION_1181,20,5,1,0.08,1.95,0,0,73.12,0
3321,NUR_005,nurse,view_appointment,f84719a0-d28d-ec20-64a8-a17992dcd9ac,2026-04-24 10:33:39,appointment,APPOINTMENT_7272,29,17,0,0.12,2.0,0,0,55.64,0
3322,PATUSER_011,patient,update_diagnosis,d9044272-63af-eca3-2a0c-ec9f9c10a98f,2026-05-03 17:04:59,condition,CONDITION_6940,59,70,0,0.84,2.231,1,1,162.31,1
3323,PATUSER_008,patient,book_appointment,9e25d332-9229-0803-ad9f-ca235142458e,2026-04-11 01:53:21,appointment,APPOINTMENT_7575,5,3,1,0.0,1.522,0,0,26.69,0
3324,PATUSER_004,patient,view_audit,d5d8b210-bca5-a9ce-0711-3d09468bfe47,2026-04-24 16:42:01,audit,AUDIT_1073,62,26,0,0.9,1.5,1,1,184.42,1
3325,PATUSER_019,patient,view_queue,e8b56457-438e-7a2e-04ee-e0b2ec149f61,2026-03-29 01:51:44,queue,QUEUE_5680,5,2,1,0.0,1.0,0,0,13.94,0
3326,PATUSER_015,patient,book_appointment,744a7169-4e89-61ff-27f2-3c736abf4368,2026-05-16 05:45:32,appointment,APPOINTMENT_6933,5,1,1,0.0,2.0,0,0,38.32,0
3327,DOC_002,doctor,view_observation,054e161c-d33f-0970-2018-1f19582e0813,2026-04-25 10:27:33,observation,OBSERVATION_3524,12,13,0,0.1,1.379,0,0,11.55,0
3328,PATUSER_028,patient,view_queue,c5d42b3b-72de-b953-545d-1de4cf59d279,2026-04-11 11:24:10,queue,QUEUE_4661,1,3,0,0.0,1.5,0,0,50.91,0
3329,PATUSER_024,patient,book_appointment,d998bd61-bed8-3eb5-dcb5-297579cf936f,2026-05-06 02:57:53,appointment,APPOINTMENT_3384,5,3,1,0.0,1.557,0,0,19.84,0
3330,NUR_004,nurse,update_queue,f5de0af7-bfb4-270e-8175-e12515583ea8,2026-05-05 02:41:43,appointment,APPOINTMENT_3456,12,11,1,0.11,1.149,0,0,38.52,0
3331,PATUSER_018,patient,cancel_appointment,d20dc49f-5674-961e-a123-6e3000654b95,2026-04-27 06:39:48,appointment,APPOINTMENT_5734,1,2,0,0.0,1.75,0,0,69.69,0
3332,PATUSER_022,patient,view_queue,4ca3be26-4f97-27f0-32fa-6ea155eba23a,2026-04-08 10:49:20,queue,QUEUE_1435,2,2,0,0.0,1.859,0,0,64.47,0
3333,PATUSER_028,patient,cancel_appointment,01974f36-ced2-c38e-32c5-1b09e1fe1638,2026-05-17 02:31:46,appointment,APPOINTMENT_9015,5,1,1,0.0,1.224,0,0,35.72,0
3334,DOC_010,doctor,create_prescription,717861a2-ab2b-2d2a-6a8f-6388dbff69d2,2026-04-25 04:09:51,prescription,PRESCRIPTION_4532,10,10,1,0.04,1.936,0,0,42.31,0
3335,DOC_008,doctor,view_observation,a8bef5c2-6743-79e8-8477-bc3b6244c334,2026-05-22 06:49:22,observation,OBSERVATION_8845,13,14,0,0.21,1.5,0,0,48.08,0
3336,DOC_006,doctor,update_diagnosis,717861a2-ab2b-2d2a-6a8f-6388dbff69d2,2026-04-19 10:37:18,condition,CONDITION_5266,7,10,0,0.2,1.53,0,0,20.86,0
3337,DOC_006,doctor,create_prescription,a8bef5c2-6743-79e8-8477-bc3b6244c334,2026-04-01 17:28:34,prescription,PRESCRIPTION_7780,63,32,0,0.92,1.449,0,0,127.09,1
3338,PATUSER_002,patient,cancel_appointment,42c1eb05-09a9-eeda-a957-d822de66c536,2026-04-28 08:00:55,appointment,APPOINTMENT_2325,1,3,0,0.0,1.842,0,0,33.92,0
3339,DOC_006,doctor,update_diagnosis,668a10b4-c005-0df3-522e-b068e0d29ea9,2026-03-25 03:19:05,condition,CONDITION_5749,24,12,1,0.13,1.585,0,0,65.23,0
3340,PATUSER_030,patient,view_own_record,45f758c8-34c3-3fa5-41f9-5906127ba1bd,2026-05-18 06:42:15,medical_record,MEDICAL_RECORD_4302,2,3,0,0.0,2.0,0,0,8.86,0
3341,DOC_011,doctor,update_diagnosis,9b5ce034-80bf-4c6b-f400-3a89fc0d135b,2026-05-20 12:10:17,condition,CONDITION_5130,17,5,0,0.18,1.371,0,0,31.41,0
3342,PATUSER_002,patient,view_queue,fb36d3d9-666c-c4c2-bb96-c9195538d4df,2026-04-29 09:35:56,queue,QUEUE_5617,2,1,0,0.0,0.811,0,0,59.39,0
3343,PATUSER_005,patient,update_diagnosis,e8b56457-438e-7a2e-04ee-e0b2ec149f61,2026-05-12 18:22:03,condition,CONDITION_1351,45,46,0,0.66,2.236,0,1,368.15,1
3344,ADM_002,admin,view_report,dd55f477-af88-4543-f8c0-dca25a96c4cb,2026-05-19 09:23:16,report,REPORT_1544,10,3,0,0.01,1.918,0,0,54.24,0
3345,PATUSER_024,patient,book_appointment,a2ff83e0-2cc0-50a4-b008-52a1add72ced,2026-05-09 11:00:39,appointment,APPOINTMENT_1093,5,2,0,0.0,1.252,0,0,74.17,0
3346,PATUSER_002,patient,view_queue,a8bef5c2-6743-79e8-8477-bc3b6244c334,2026-05-07 11:27:47,queue,QUEUE_4949,5,2,0,0.0,0.65,0,0,26.17,0
3347,DOC_007,doctor,update_diagnosis,57b901cb-d3d2-258c-2773-57008eb32345,2026-04-02 00:35:27,condition,CONDITION_1212,24,12,1,0.07,1.846,0,0,55.91,0
3348,PATUSER_006,patient,view_queue,fb36d3d9-666c-c4c2-bb96-c9195538d4df,2026-05-22 02:49:31,queue,QUEUE_7802,2,1,1,0.0,1.906,0,0,73.32,0
3349,DOC_001,doctor,view_observation,2925a752-da6a-ef1f-31aa-68b0c2ff5027,2026-04-08 02:13:30,observation,OBSERVATION_9933,17,5,1,0.1,1.557,0,0,71.23,0
3350,NUR_002,nurse,update_queue,d1838618-2a96-9761-0b8d-89a92a022bcc,2026-05-14 06:59:08,appointment,APPOINTMENT_3232,14,25,0,0.01,1.792,0,0,12.16,0
3351,DOC_014,doctor,view_observation,dd0de87d-2596-9c38-a834-6f5246a48a51,2026-04-13 02:30:30,observation,OBSERVATION_6529,9,10,1,0.18,1.906,0,0,14.18,0
3352,PATUSER_024,patient,book_appointment,047f3ed4-bdea-7cd6-6e80-8537a3979cc6,2026-04-16 06:34:00,appointment,APPOINTMENT_9790,1,3,0,0.0,1.557,0,0,12.56,0
3353,PATUSER_029,patient,view_own_record,047f3ed4-bdea-7cd6-6e80-8537a3979cc6,2026-04-21 10:04:55,medical_record,MEDICAL_RECORD_8297,2,3,0,0.0,1.846,0,0,6.87,0
3354,PATUSER_028,patient,view_queue,a992fe7d-cd9b-0ace-6e0b-f6f0b5f01fc3,2026-05-15 11:18:12,queue,QUEUE_3622,6,3,0,0.0,1.73,0,0,15.32,0
3355,PATUSER_006,patient,cancel_appointment,820d39a0-d304-2b9d-25a8-d705deede745,2026-05-09 08:00:40,appointment,APPOINTMENT_3807,6,2,0,0.0,1.406,0,0,73.26,0
3356,DOC_003,doctor,create_prescription,21adc8c0-7e1e-5167-1ac1-5449a6a2c73f,2026-05-09 18:14:12,prescription,PRESCRIPTION_3832,66,62,0,0.78,1.371,0,0,228.61,1
3357,PATUSER_024,patient,update_diagnosis,4f0c6acb-066b-1f8d-228d-5e5a973d1fef,2026-04-24 19:06:32,condition,CONDITION_1630,61,67,0,0.77,1.868,1,1,167.52,1
3358,NUR_003,nurse,register_walkin,054e161c-d33f-0970-2018-1f19582e0813,2026-04-02 01:24:34,appointment,APPOINTMENT_6546,23,20,1,0.07,1.557,1,0,6.96,0
3359,DOC_001,doctor,view_record,20f1f5b5-38be-6554-7a24-9fcc8d4bd6c4,2026-05-02 07:00:52,medical_record,MEDICAL_RECORD_3296,10,18,0,0.03,1.299,0,0,31.9,0
3360,PATUSER_016,patient,view_queue,01974f36-ced2-c38e-32c5-1b09e1fe1638,2026-04-14 10:30:54,queue,QUEUE_8806,1,3,0,0.0,1.522,0,0,59.27,0
3361,PATUSER_029,patient,cancel_appointment,cc4e166f-53eb-f57b-fb9c-72dddeeb448f,2026-04-01 00:49:38,appointment,APPOINTMENT_4361,3,1,1,0.0,1.585,0,0,9.52,0
3362,PATUSER_027,patient,view_own_record,8fcbd58f-7e61-d74d-9b35-46d267ecbbd3,2026-04-05 07:39:25,medical_record,MEDICAL_RECORD_4384,4,1,0,0.0,1.561,0,0,41.05,0
3363,PATUSER_007,patient,view_own_record,cc4e166f-53eb-f57b-fb9c-72dddeeb448f,2026-04-22 00:41:59,medical_record,MEDICAL_RECORD_1231,2,3,1,0.0,1.361,0,0,49.1,0
3364,NUR_003,nurse,register_walkin,d1838618-2a96-9761-0b8d-89a92a022bcc,2026-05-01 11:03:46,appointment,APPOINTMENT_1715,21,6,0,0.01,1.449,0,0,58.09,0
3365,DOC_012,doctor,update_diagnosis,f5de0af7-bfb4-270e-8175-e12515583ea8,2026-05-22 07:47:57,condition,CONDITION_8108,24,7,0,0.09,0.971,0,0,71.11,0
3366,ADM_003,admin,update_schedule,671064b5-039b-51a8-7e40-8e6baa0a7e35,2026-05-19 19:32:27,schedule,SCHEDULE_4597,49,37,0,0.65,1.834,1,0,146.42,1
3367,DOC_013,doctor,view_observation,2b31de7e-3596-37c7-1d46-db12d82e73ef,2026-04-13 07:03:46,observation,OBSERVATION_6371,13,11,0,0.06,1.922,0,0,40.75,0
3368,PATUSER_015,patient,view_queue,d1e9c67e-e701-dbf5-aa21-bb9ae3751b97,2026-05-08 07:19:06,queue,QUEUE_3544,4,2,0,0.0,1.614,0,0,6.28,0
3369,PATUSER_020,patient,view_queue,6367a5b3-1689-57b4-634f-693bb600e552,2026-03-29 11:45:59,queue,QUEUE_8386,2,1,0,0.0,1.846,0,0,43.5,0
3370,PATUSER_015,patient,cancel_appointment,e94fc8e2-b867-5164-0607-5e5eb581b150,2026-05-08 12:01:55,appointment,APPOINTMENT_7526,4,2,0,0.0,1.5,0,0,36.14,0
3371,DOC_005,doctor,create_prescription,4bab2d0f-4783-619c-46b2-f656667ffb67,2026-05-18 06:49:33,prescription,PRESCRIPTION_3933,18,7,0,0.07,1.918,0,0,29.28,0
3372,DOC_010,doctor,view_record,0e697a7b-149b-602d-af6f-7e76ca18c5d7,2026-04-07 10:54:02,medical_record,MEDICAL_RECORD_2532,14,18,0,0.06,1.95,0,0,41.5,0
3373,PATUSER_004,patient,view_own_record,465dd060-e77a-9924-0d7a-75d52d39a714,2026-04-16 02:00:01,medical_record,MEDICAL_RECORD_7947,1,1,1,0.0,1.959,0,0,17.64,0
3374,DOC_002,doctor,view_record,2d457e3d-90cb-357e-f7e0-3014068d2f29,2026-05-01 02:08:44,medical_record,MEDICAL_RECORD_4682,21,8,1,0.14,1.352,0,0,70.07,0
3375,DOC_006,doctor,view_record,d1838618-2a96-9761-0b8d-89a92a022bcc,2026-04-09 19:22:08,medical_record,MEDICAL_RECORD_3734,65,72,0,0.94,1.855,1,0,255.64,1
3376,PATUSER_008,patient,book_appointment,a82f0145-e797-d65d-bebf-e49dd38bac1e,2026-04-28 10:56:13,appointment,APPOINTMENT_3926,1,1,0,0.0,1.959,0,0,51.52,0
3377,PATUSER_004,patient,view_queue,671064b5-039b-51a8-7e40-8e6baa0a7e35,2026-03-28 01:23:18,queue,QUEUE_9858,5,1,1,0.0,1.826,0,0,57.71,0
3378,PATUSER_026,patient,view_audit,2b31de7e-3596-37c7-1d46-db12d82e73ef,2026-05-19 19:50:09,audit,AUDIT_2215,50,30,0,0.95,1.5,0,1,364.54,1
3379,PATUSER_008,patient,cancel_appointment,820d39a0-d304-2b9d-25a8-d705deede745,2026-05-05 08:30:11,appointment,APPOINTMENT_2353,5,1,0,0.0,1.922,0,0,68.46,0
3380,PATUSER_002,patient,update_diagnosis,dd0de87d-2596-9c38-a834-6f5246a48a51,2026-05-22 17:47:45,condition,CONDITION_9473,86,49,0,0.8,1.522,0,1,322.56,1
3381,DOC_008,doctor,create_prescription,8e21cb1f-b016-dda9-1d06-c920c24a0b37,2026-03-28 12:25:30,prescription,PRESCRIPTION_7679,10,6,0,0.11,1.811,0,0,44.66,0
3382,PATUSER_028,patient,view_own_record,054e161c-d33f-0970-2018-1f19582e0813,2026-03-30 02:19:30,medical_record,MEDICAL_RECORD_7580,1,3,1,0.0,1.459,0,0,7.54,0
3383,NUR_006,nurse,register_walkin,e1571870-cf37-1c6b-c97f-c4ab9a32b172,2026-04-06 07:42:33,appointment,APPOINTMENT_6644,11,25,0,0.04,1.73,0,0,38.78,0
3384,PATUSER_029,patient,book_appointment,3c6d02df-84f2-f9e2-8e09-852349757293,2026-04-01 11:37:18,appointment,APPOINTMENT_2539,1,2,0,0.0,1.753,0,0,29.1,0
3385,DOC_014,doctor,view_observation,5dd32bff-9eaf-50ef-db4f-c6065be13792,2026-05-19 02:10:34,observation,OBSERVATION_5093,5,9,1,0.19,1.922,0,0,6.84,0
3386,NUR_006,nurse,register_walkin,a8bef5c2-6743-79e8-8477-bc3b6244c334,2026-03-25 06:39:24,appointment,APPOINTMENT_9489,25,9,0,0.07,1.842,0,0,62.9,0
3387,DOC_005,doctor,create_prescription,2d457e3d-90cb-357e-f7e0-3014068d2f29,2026-04-07 12:15:56,prescription,PRESCRIPTION_5329,22,3,0,0.21,1.918,0,0,39.65,0
3388,PATUSER_025,patient,view_own_record,4f74c441-7628-4f98-82a7-f4c99d926736,2026-05-23 05:34:55,medical_record,MEDICAL_RECORD_6729,4,2,1,0.0,1.959,0,0,9.66,0
3389,DOC_009,doctor,update_diagnosis,1290bba5-c164-4273-9694-c3ce92270ef2,2026-04-11 10:54:45,condition,CONDITION_3813,17,14,0,0.04,0.971,0,0,39.69,0
3390,PATUSER_004,patient,book_appointment,2d457e3d-90cb-357e-f7e0-3014068d2f29,2026-05-17 06:18:15,appointment,APPOINTMENT_9543,3,2,0,0.0,1.459,0,0,16.85,0
3391,PATUSER_023,patient,cancel_appointment,f84719a0-d28d-ec20-64a8-a17992dcd9ac,2026-04-06 12:05:57,appointment,APPOINTMENT_3136,1,1,0,0.0,1.53,0,0,72.82,0
3392,PATUSER_019,patient,view_queue,1c39de5b-289a-3a1a-669b-2f756efb8bcb,2026-05-16 01:12:45,queue,QUEUE_7063,1,3,1,0.0,1.371,0,0,13.51,0
3393,PATUSER_028,patient,view_queue,9b5ce034-80bf-4c6b-f400-3a89fc0d135b,2026-03-26 01:10:20,queue,QUEUE_8590,5,3,1,0.0,1.75,0,0,54.01,0
3394,PATUSER_002,patient,book_appointment,88f931d5-4cfa-4be9-c6be-738d5fc8c215,2026-05-22 07:27:13,appointment,APPOINTMENT_8925,3,3,0,0.0,1.459,0,0,35.87,0
3395,PATUSER_014,patient,view_queue,f5de0af7-bfb4-270e-8175-e12515583ea8,2026-04-12 11:38:03,queue,QUEUE_9403,1,2,0,0.0,1.449,0,0,50.54,0
3396,PATUSER_030,patient,cancel_appointment,bee08b10-0c18-396e-9f8a-03e41691509b,2026-05-10 04:05:40,appointment,APPOINTMENT_9788,1,1,1,0.0,1.825,0,0,20.06,0
3397,DOC_008,doctor,create_prescription,d5d8b210-bca5-a9ce-0711-3d09468bfe47,2026-05-06 06:12:38,prescription,PRESCRIPTION_8703,17,5,0,0.04,1.906,0,0,20.35,0
3398,DOC_009,doctor,view_record,a2ff83e0-2cc0-50a4-b008-52a1add72ced,2026-05-14 09:26:00,medical_record,MEDICAL_RECORD_6268,6,6,0,0.11,1.959,0,0,47.34,0
3399,PATUSER_020,patient,view_record,21b4ddc5-081e-1ecd-3573-f2ea42677b66,2026-04-05 15:28:48,medical_record,MEDICAL_RECORD_2710,81,33,0,0.97,1.761,1,1,144.85,1
3400,PATUSER_026,patient,view_queue,fb36d3d9-666c-c4c2-bb96-c9195538d4df,2026-04-23 01:23:36,queue,QUEUE_2050,4,1,1,0.0,1.491,0,0,32.13,0
3401,PATUSER_003,patient,view_own_record,7225d50f-9363-214e-02d6-3fdc2a246bdc,2026-03-28 02:54:42,medical_record,MEDICAL_RECORD_2395,4,3,1,0.0,1.522,0,0,45.64,0
3402,PATUSER_027,patient,view_queue,3eee4689-2d02-6ec9-c257-42b3adfdcd70,2026-05-12 09:35:58,queue,QUEUE_3453,4,3,0,0.0,1.371,0,0,47.47,0
3403,PATUSER_011,patient,view_queue,b23941a4-269e-2ac4-8ced-75d1ac8b1b1d,2026-04-26 03:20:46,queue,QUEUE_7185,4,2,1,0.0,1.975,0,0,56.45,0
3404,PATUSER_008,patient,view_queue,744a7169-4e89-61ff-27f2-3c736abf4368,2026-04-24 03:33:27,queue,QUEUE_9052,4,1,1,0.0,1.837,0,0,23.63,0
3405,PATUSER_022,patient,book_appointment,bfb0d055-557b-4579-1a3b-78cc2ead82c9,2026-04-01 03:46:33,appointment,APPOINTMENT_9641,4,3,1,0.0,1.459,0,0,62.35,0
3406,PATUSER_021,patient,book_appointment,2faf5170-7c17-9c76-c091-5349b5ecad23,2026-04-25 07:54:14,appointment,APPOINTMENT_1454,3,2,0,0.0,1.349,0,0,29.6,0
3407,DOC_006,doctor,update_diagnosis,a8bef5c2-6743-79e8-8477-bc3b6244c334,2026-04-09 02:44:31,condition,CONDITION_8143,11,13,1,0.14,1.371,0,0,47.94,0
3408,NUR_002,nurse,view_appointment,a2ff83e0-2cc0-50a4-b008-52a1add72ced,2026-04-01 11:40:34,appointment,APPOINTMENT_4314,30,15,0,0.06,1.971,1,0,27.08,0
3409,PATUSER_022,patient,cancel_appointment,668a10b4-c005-0df3-522e-b068e0d29ea9,2026-05-14 06:59:29,appointment,APPOINTMENT_3811,1,3,0,0.0,2.0,0,0,10.33,0
3410,DOC_015,doctor,view_record,e126e379-083f-ea08-0358-303361acf072,2026-04-04 00:57:04,medical_record,MEDICAL_RECORD_9606,15,12,1,0.05,1.922,0,0,55.4,0
3411,PATUSER_006,patient,view_own_record,a992fe7d-cd9b-0ace-6e0b-f6f0b5f01fc3,2026-03-27 01:13:50,medical_record,MEDICAL_RECORD_9597,2,1,1,0.0,1.5,0,0,37.97,0
3412,ADM_003,admin,view_report,45f758c8-34c3-3fa5-41f9-5906127ba1bd,2026-05-17 05:32:49,report,REPORT_5057,12,2,1,0.03,1.392,1,0,42.58,0
3413,PATUSER_025,patient,cancel_appointment,b3c9a883-40ea-1452-7b76-62e552e033d2,2026-04-04 02:20:46,appointment,APPOINTMENT_6993,3,3,1,0.0,1.5,0,0,44.91,0
3414,NUR_004,nurse,update_queue,e94fc8e2-b867-5164-0607-5e5eb581b150,2026-05-09 01:34:38,appointment,APPOINTMENT_5555,26,8,1,0.09,1.392,0,0,8.52,0
3415,PATUSER_021,patient,cancel_appointment,d998bd61-bed8-3eb5-dcb5-297579cf936f,2026-04-27 02:10:16,appointment,APPOINTMENT_9819,4,3,1,0.0,1.959,0,0,9.55,0
3416,PATUSER_005,patient,view_queue,a8bef5c2-6743-79e8-8477-bc3b6244c334,2026-04-21 07:57:29,queue,QUEUE_4726,3,1,0,0.0,1.561,0,0,17.16,0
3417,PATUSER_014,patient,update_diagnosis,b3c9a883-40ea-1452-7b76-62e552e033d2,2026-04-26 17:15:20,condition,CONDITION_8649,69,23,0,0.82,2.128,1,1,162.16,1
3418,DOC_003,doctor,update_diagnosis,754c6983-a899-1c3c-f51d-2af172b88b91,2026-05-14 02:08:06,condition,CONDITION_7947,24,5,1,0.16,1.449,0,0,9.47,0
3419,PATUSER_002,patient,view_queue,917ffe5d-46b2-36f1-0de8-35e5ed017fa7,2026-04-20 03:17:17,queue,QUEUE_5976,6,1,1,0.0,2.0,0,0,67.52,0
3420,DOC_005,doctor,view_record,155649eb-5d3e-41ca-5a2c-78972a1721f4,2026-04-02 17:16:53,medical_record,MEDICAL_RECORD_1848,80,27,0,0.86,1.891,0,0,146.96,1
3421,NUR_005,nurse,register_walkin,21b4ddc5-081e-1ecd-3573-f2ea42677b66,2026-05-15 03:22:08,appointment,APPOINTMENT_5804,24,23,1,0.06,1.811,0,0,35.23,0
3422,PATUSER_022,patient,view_own_record,dd0de87d-2596-9c38-a834-6f5246a48a51,2026-03-31 04:34:39,medical_record,MEDICAL_RECORD_7804,1,1,1,0.0,1.922,0,0,62.05,0
3423,PATUSER_003,patient,cancel_appointment,3844e0c5-14c7-8f87-19b0-8f769b3bdd70,2026-05-12 03:03:14,appointment,APPOINTMENT_5649,5,2,1,0.0,1.884,0,0,69.46,0
3424,DOC_013,doctor,view_record,d1838618-2a96-9761-0b8d-89a92a022bcc,2026-04-21 02:29:14,medical_record,MEDICAL_RECORD_2675,24,4,1,0.16,1.971,0,0,11.17,0
3425,DOC_001,doctor,create_prescription,1290bba5-c164-4273-9694-c3ce92270ef2,2026-04-01 01:17:38,prescription,PRESCRIPTION_7319,11,18,1,0.06,1.826,0,0,45.02,0
3426,DOC_009,doctor,view_record,754c6983-a899-1c3c-f51d-2af172b88b91,2026-05-11 03:45:22,medical_record,MEDICAL_RECORD_4525,23,12,1,0.11,1.322,0,0,33.6,0
3427,PATUSER_028,patient,view_own_record,dda456b9-cd60-e91b-8a88-fd381a9e4611,2026-04-08 06:32:52,medical_record,MEDICAL_RECORD_4717,2,3,0,0.0,1.5,0,0,56.32,0
3428,DOC_001,doctor,view_observation,a8bef5c2-6743-79e8-8477-bc3b6244c334,2026-04-29 03:08:04,observation,OBSERVATION_1927,13,16,1,0.11,1.5,0,0,51.52,0
3429,PATUSER_008,patient,update_diagnosis,f5de0af7-bfb4-270e-8175-e12515583ea8,2026-05-02 21:12:56,condition,CONDITION_6591,77,80,0,0.67,1.792,1,1,316.73,1
3430,PATUSER_030,patient,view_own_record,d5d8b210-bca5-a9ce-0711-3d09468bfe47,2026-04-22 01:18:25,medical_record,MEDICAL_RECORD_9066,2,2,1,0.0,1.5,0,0,24.82,0
3431,PATUSER_016,patient,update_diagnosis,e300c149-9eaa-3d5a-57d9-ea8d4c996597,2026-04-10 20:42:09,condition,CONDITION_4418,49,61,0,0.72,2.156,1,1,358.7,1
3432,PATUSER_012,patient,book_appointment,a2ff83e0-2cc0-50a4-b008-52a1add72ced,2026-04-10 12:09:34,appointment,APPOINTMENT_8069,2,3,0,0.0,1.975,0,0,19.35,0
3433,PATUSER_029,patient,view_queue,235bd53d-07f7-5874-c952-5126acfab01e,2026-04-30 11:53:52,queue,QUEUE_5038,2,1,0,0.0,1.406,0,0,9.27,0
3434,PATUSER_015,patient,cancel_appointment,df4576f2-f38f-02c0-b20f-6153754c41a6,2026-05-19 01:15:33,appointment,APPOINTMENT_5767,5,3,1,0.0,1.936,0,0,52.73,0
3435,DOC_011,doctor,create_prescription,d1838618-2a96-9761-0b8d-89a92a022bcc,2026-05-16 01:54:16,prescription,PRESCRIPTION_7076,15,7,1,0.02,1.557,0,0,65.08,0
3436,ADM_002,admin,update_schedule,9e25d332-9229-0803-ad9f-ca235142458e,2026-04-06 01:48:07,schedule,SCHEDULE_6828,2,3,1,0.06,1.522,0,0,34.99,0
3437,ADM_003,admin,update_schedule,19e9c5a5-4114-0f95-e5e8-29cd6749d4e1,2026-04-10 04:35:37,schedule,SCHEDULE_2330,7,3,1,0.05,1.846,0,0,7.52,0
3438,NUR_005,nurse,register_walkin,11b2d013-d581-7187-e88b-7a04781d307b,2026-04-09 11:34:59,appointment,APPOINTMENT_3999,14,23,0,0.11,1.371,0,0,63.87,0
3439,DOC_010,doctor,view_record,8c562216-cb73-0829-2fa4-123468939df6,2026-04-24 09:45:46,medical_record,MEDICAL_RECORD_9327,9,7,0,0.11,1.922,0,0,17.83,0
3440,PATUSER_029,patient,view_own_record,054e161c-d33f-0970-2018-1f19582e0813,2026-05-12 02:37:17,medical_record,MEDICAL_RECORD_1195,6,3,1,0.0,1.522,0,0,27.62,0
3441,PATUSER_020,patient,view_queue,d998bd61-bed8-3eb5-dcb5-297579cf936f,2026-04-28 01:12:57,queue,QUEUE_2422,6,3,1,0.0,1.922,0,0,68.58,0
3442,PATUSER_010,patient,view_own_record,dda456b9-cd60-e91b-8a88-fd381a9e4611,2026-04-14 10:43:12,medical_record,MEDICAL_RECORD_5901,4,2,0,0.0,1.371,0,0,7.92,0
3443,PATUSER_013,patient,cancel_appointment,3eee4689-2d02-6ec9-c257-42b3adfdcd70,2026-05-19 03:29:25,appointment,APPOINTMENT_8748,2,2,1,0.0,1.483,0,0,49.4,0
3444,PATUSER_006,patient,view_queue,cc4e166f-53eb-f57b-fb9c-72dddeeb448f,2026-04-12 03:01:45,queue,QUEUE_6289,2,3,1,0.0,1.891,0,0,35.95,0
3445,NUR_007,nurse,register_walkin,2d457e3d-90cb-357e-f7e0-3014068d2f29,2026-05-10 06:24:23,appointment,APPOINTMENT_2151,19,17,0,0.06,1.884,0,0,45.01,0
3446,DOC_015,doctor,view_record,e94fc8e2-b867-5164-0607-5e5eb581b150,2026-05-18 09:20:18,medical_record,MEDICAL_RECORD_2498,11,7,0,0.16,1.922,0,0,67.95,0
3447,PATUSER_024,patient,book_appointment,12a088f3-264b-6a9f-9a57-678747110969,2026-04-07 07:32:38,appointment,APPOINTMENT_1156,2,3,0,0.0,1.837,0,0,7.11,0
3448,ADM_001,admin,view_audit,a992fe7d-cd9b-0ace-6e0b-f6f0b5f01fc3,2026-03-28 05:01:28,audit,AUDIT_4958,2,4,1,0.08,1.922,0,0,61.61,0
3449,PATUSER_025,patient,cancel_appointment,e8b56457-438e-7a2e-04ee-e0b2ec149f61,2026-04-11 10:03:12,appointment,APPOINTMENT_3462,2,2,0,0.0,1.761,0,0,35.06,0
3450,ADM_002,admin,update_schedule,671064b5-039b-51a8-7e40-8e6baa0a7e35,2026-05-21 01:56:39,schedule,SCHEDULE_1549,8,2,1,0.07,1.738,0,0,8.99,0
3451,PATUSER_007,patient,view_audit,a82f0145-e797-d65d-bebf-e49dd38bac1e,2026-04-16 18:26:27,audit,AUDIT_9274,84,22,0,0.65,2.055,1,1,205.28,1
3452,PATUSER_006,patient,book_appointment,3408cffd-cbea-0de1-e3a8-8b0b86bb5637,2026-04-28 10:52:27,appointment,APPOINTMENT_3319,4,1,0,0.0,1.295,0,0,74.88,0
3453,PATUSER_011,patient,cancel_appointment,57b901cb-d3d2-258c-2773-57008eb32345,2026-05-07 03:52:16,appointment,APPOINTMENT_6513,4,2,1,0.0,1.5,0,0,54.65,0
3454,PATUSER_006,patient,view_queue,843d8b33-f833-1324-2aa6-e07c91e49204,2026-05-23 02:29:28,queue,QUEUE_7038,2,3,1,0.0,1.842,0,0,73.17,0
3455,PATUSER_019,patient,view_queue,9e25d332-9229-0803-ad9f-ca235142458e,2026-04-22 05:26:09,queue,QUEUE_1322,3,1,1,0.0,1.891,0,0,64.78,0
3456,PATUSER_004,patient,view_queue,d7b30817-a7e4-d7c5-8582-63d251b6f98c,2026-05-17 04:49:21,queue,QUEUE_6268,3,3,1,0.0,1.918,0,0,65.74,0
3457,DOC_009,doctor,create_prescription,d9044272-63af-eca3-2a0c-ec9f9c10a98f,2026-05-10 00:57:24,prescription,PRESCRIPTION_1919,5,9,1,0.01,1.0,0,0,60.67,0
3458,DOC_013,doctor,create_prescription,bfb0d055-557b-4579-1a3b-78cc2ead82c9,2026-05-04 03:51:42,prescription,PRESCRIPTION_7301,9,6,1,0.18,1.557,0,0,69.38,0
3459,DOC_002,doctor,view_record,a82f0145-e797-d65d-bebf-e49dd38bac1e,2026-05-23 10:55:15,medical_record,MEDICAL_RECORD_8614,24,10,0,0.05,1.5,0,0,43.4,0
3460,DOC_005,doctor,update_diagnosis,155649eb-5d3e-41ca-5a2c-78972a1721f4,2026-03-29 09:20:43,condition,CONDITION_9824,21,3,0,0.15,1.922,0,0,48.74,0
3461,ADM_003,admin,update_schedule,1c39de5b-289a-3a1a-669b-2f756efb8bcb,2026-05-18 02:04:45,schedule,SCHEDULE_9394,2,7,1,0.05,0.971,0,0,17.03,0
3462,PATUSER_015,patient,view_queue,235bd53d-07f7-5874-c952-5126acfab01e,2026-03-27 02:45:08,queue,QUEUE_9714,2,3,1,0.0,1.75,0,0,55.22,0
3463,PATUSER_029,patient,view_own_record,2d457e3d-90cb-357e-f7e0-3014068d2f29,2026-04-09 03:54:37,medical_record,MEDICAL_RECORD_1858,1,2,1,0.0,1.75,0,0,45.66,0
3464,PATUSER_007,patient,cancel_appointment,d9044272-63af-eca3-2a0c-ec9f9c10a98f,2026-05-03 06:21:39,appointment,APPOINTMENT_4218,2,3,0,0.0,1.5,0,0,5.56,0
3465,PATUSER_013,patient,book_appointment,45f758c8-34c3-3fa5-41f9-5906127ba1bd,2026-03-28 10:58:01,appointment,APPOINTMENT_7598,2,2,0,0.0,1.95,0,0,55.83,0
3466,DOC_007,doctor,view_record,820d39a0-d304-2b9d-25a8-d705deede745,2026-05-07 05:52:30,medical_record,MEDICAL_RECORD_4941,20,6,1,0.19,2.0,0,0,18.29,0
3467,PATUSER_019,patient,view_audit,21adc8c0-7e1e-5167-1ac1-5449a6a2c73f,2026-04-06 16:30:01,audit,AUDIT_8520,53,77,0,0.66,2.0,0,1,338.07,1
3468,PATUSER_029,patient,book_appointment,f2df6bf3-460e-f410-cac9-472739e5df85,2026-04-09 07:34:43,appointment,APPOINTMENT_7361,4,3,0,0.0,1.837,0,0,16.81,0
3469,DOC_012,doctor,view_observation,e94fc8e2-b867-5164-0607-5e5eb581b150,2026-05-17 11:27:59,observation,OBSERVATION_6129,13,8,0,0.1,1.918,0,0,35.23,0
3470,DOC_004,doctor,view_record,3c6d02df-84f2-f9e2-8e09-852349757293,2026-05-18 01:43:25,medical_record,MEDICAL_RECORD_6528,14,8,1,0.02,1.5,1,0,50.58,0
3471,PATUSER_008,patient,book_appointment,d7b30817-a7e4-d7c5-8582-63d251b6f98c,2026-05-14 00:43:45,appointment,APPOINTMENT_6449,6,3,1,0.0,1.922,0,0,9.5,0
3472,NUR_001,nurse,update_queue,ed1c3b46-34b9-221b-cb10-682e9ed9ddbd,2026-05-15 00:38:09,appointment,APPOINTMENT_7072,27,10,1,0.03,1.459,0,0,37.97,0
3473,DOC_014,doctor,update_diagnosis,155649eb-5d3e-41ca-5a2c-78972a1721f4,2026-04-26 03:01:23,condition,CONDITION_5326,16,5,1,0.11,1.252,0,0,61.71,0
3474,PATUSER_011,patient,view_own_record,754c6983-a899-1c3c-f51d-2af172b88b91,2026-04-19 03:32:24,medical_record,MEDICAL_RECORD_7965,1,3,1,0.0,1.418,0,0,19.28,0
3475,PATUSER_020,patient,view_queue,79402472-6884-1aca-759a-a23f36ee8dca,2026-04-11 11:53:24,queue,QUEUE_7003,2,3,0,0.0,1.884,0,0,68.83,0
3476,ADM_002,admin,view_audit,bee08b10-0c18-396e-9f8a-03e41691509b,2026-04-25 09:54:35,audit,AUDIT_7424,2,8,0,0.03,1.891,0,0,67.15,0
3477,PATUSER_013,patient,view_queue,1f534514-2f45-191e-04b4-ad9e93bdf422,2026-03-25 02:04:08,queue,QUEUE_3452,5,3,1,0.0,1.918,0,0,69.43,0
3478,PATUSER_003,patient,cancel_appointment,83948281-33ad-4a11-0a3d-04484caf2ab9,2026-04-03 04:30:57,appointment,APPOINTMENT_3994,5,1,1,0.0,1.842,0,0,12.8,0
3479,NUR_004,nurse,update_vitals,e1571870-cf37-1c6b-c97f-c4ab9a32b172,2026-05-13 01:57:25,observation,OBSERVATION_5736,18,11,1,0.04,1.95,0,0,74.16,0
3480,DOC_015,doctor,view_observation,2d457e3d-90cb-357e-f7e0-3014068d2f29,2026-05-09 00:55:50,observation,OBSERVATION_8458,22,14,1,0.14,1.95,0,0,24.33,0
3481,PATUSER_017,patient,view_queue,07052ffe-5096-f813-923b-f3a32be34399,2026-05-13 03:02:20,queue,QUEUE_8402,1,1,1,0.0,1.922,0,0,53.64,0
3482,PATUSER_020,patient,view_record,6383af50-c8f6-0c22-1dd4-6ee2be572cb1,2026-04-16 20:41:09,medical_record,MEDICAL_RECORD_9137,52,79,0,0.87,1.826,1,1,338.86,1
3483,DOC_009,doctor,view_observation,3bc81e09-7091-bc59-a58a-39b485d9e48b,2026-04-24 04:42:52,observation,OBSERVATION_6448,19,3,1,0.18,1.868,0,0,58.43,0
3484,PATUSER_020,patient,view_own_record,6383af50-c8f6-0c22-1dd4-6ee2be572cb1,2026-04-04 06:20:23,medical_record,MEDICAL_RECORD_6186,4,2,0,0.0,1.5,0,0,40.97,0
3485,ADM_001,admin,manage_user,e94fc8e2-b867-5164-0607-5e5eb581b150,2026-04-27 00:55:39,user,USER_5909,13,4,1,0.0,1.617,0,0,24.47,0
3486,NUR_002,nurse,register_walkin,465dd060-e77a-9924-0d7a-75d52d39a714,2026-03-27 02:51:41,appointment,APPOINTMENT_2274,15,10,1,0.07,1.959,1,0,57.07,0
3487,DOC_009,doctor,update_diagnosis,a8bef5c2-6743-79e8-8477-bc3b6244c334,2026-04-29 05:23:02,condition,CONDITION_2866,6,9,1,0.17,1.5,0,0,9.35,0
3488,PATUSER_011,patient,cancel_appointment,155649eb-5d3e-41ca-5a2c-78972a1721f4,2026-03-28 04:05:55,appointment,APPOINTMENT_9913,2,1,1,0.0,1.379,0,0,27.87,0
3489,NUR_001,nurse,update_queue,5dd32bff-9eaf-50ef-db4f-c6065be13792,2026-04-14 04:14:02,appointment,APPOINTMENT_6734,14,20,1,0.08,1.53,0,0,51.8,0
3490,NUR_007,nurse,update_queue,668a10b4-c005-0df3-522e-b068e0d29ea9,2026-03-28 04:28:55,appointment,APPOINTMENT_5441,20,15,1,0.02,1.971,0,0,17.81,0
3491,PATUSER_018,patient,cancel_appointment,1f534514-2f45-191e-04b4-ad9e93bdf422,2026-04-22 09:53:42,appointment,APPOINTMENT_8433,1,3,0,0.0,1.936,0,0,25.41,0
3492,PATUSER_003,patient,view_queue,5e236a28-42bb-348c-3267-03ed1a052b40,2026-05-02 05:02:58,queue,QUEUE_2140,5,1,1,0.0,1.53,0,0,11.87,0
3493,DOC_015,doctor,view_record,1f534514-2f45-191e-04b4-ad9e93bdf422,2026-04-09 02:35:37,medical_record,MEDICAL_RECORD_7632,10,13,1,0.08,1.371,0,0,10.03,0
3494,PATUSER_003,patient,cancel_appointment,d1e9c67e-e701-dbf5-aa21-bb9ae3751b97,2026-04-25 07:37:18,appointment,APPOINTMENT_4418,1,3,0,0.0,0.722,0,0,10.59,0
3495,PATUSER_022,patient,cancel_appointment,e8b56457-438e-7a2e-04ee-e0b2ec149f61,2026-04-06 09:13:24,appointment,APPOINTMENT_9141,6,1,0,0.0,0.811,0,0,73.02,0
3496,PATUSER_029,patient,view_own_record,fb36d3d9-666c-c4c2-bb96-c9195538d4df,2026-04-24 03:13:08,medical_record,MEDICAL_RECORD_1432,6,1,1,0.0,1.842,0,0,42.78,0
3497,PATUSER_029,patient,cancel_appointment,3eee4689-2d02-6ec9-c257-42b3adfdcd70,2026-05-18 10:42:15,appointment,APPOINTMENT_8414,2,2,0,0.0,1.988,0,0,26.03,0
3498,NUR_001,nurse,update_vitals,9b5ce034-80bf-4c6b-f400-3a89fc0d135b,2026-04-01 12:25:58,observation,OBSERVATION_3512,13,10,0,0.11,1.922,0,0,58.34,0
3499,NUR_005,nurse,view_appointment,e7fccc97-5df9-b27f-8322-44fd5b624936,2026-04-13 05:37:33,appointment,APPOINTMENT_5862,8,12,1,0.04,1.379,0,0,42.46,0
3500,DOC_002,doctor,view_record,d1e9c67e-e701-dbf5-aa21-bb9ae3751b97,2026-05-19 19:47:39,medical_record,MEDICAL_RECORD_7053,72,56,0,0.81,1.539,1,0,210.86,1
3501,PATUSER_024,patient,view_queue,c5d42b3b-72de-b953-545d-1de4cf59d279,2026-04-28 01:13:54,queue,QUEUE_3616,2,3,1,0.0,1.837,0,0,5.47,0
3502,DOC_010,doctor,update_diagnosis,2faf5170-7c17-9c76-c091-5349b5ecad23,2026-03-28 07:30:41,condition,CONDITION_6292,5,11,0,0.03,1.868,0,0,74.58,0
3503,DOC_010,doctor,view_observation,21b4ddc5-081e-1ecd-3573-f2ea42677b66,2026-04-12 20:40:35,observation,OBSERVATION_6595,49,30,0,0.78,1.459,1,0,203.02,1
3504,PATUSER_009,patient,view_queue,4f74c441-7628-4f98-82a7-f4c99d926736,2026-05-20 06:00:17,queue,QUEUE_5108,4,1,0,0.0,1.459,0,0,69.13,0
3505,PATUSER_011,patient,view_queue,3c6d02df-84f2-f9e2-8e09-852349757293,2026-04-26 10:05:29,queue,QUEUE_4611,3,3,0,0.0,1.573,1,0,23.56,0
3506,PATUSER_017,patient,view_audit,e8b56457-438e-7a2e-04ee-e0b2ec149f61,2026-04-05 19:53:56,audit,AUDIT_3876,75,71,0,0.88,1.5,1,1,156.77,1
3507,DOC_002,doctor,view_observation,f5de0af7-bfb4-270e-8175-e12515583ea8,2026-05-09 20:30:11,observation,OBSERVATION_3663,36,75,0,0.82,1.79,0,0,330.61,1
3508,DOC_005,doctor,update_diagnosis,d9044272-63af-eca3-2a0c-ec9f9c10a98f,2026-04-29 09:35:06,condition,CONDITION_1913,11,3,0,0.07,1.5,0,0,60.16,0
3509,PATUSER_027,patient,view_own_record,9cefc3e8-33f8-beac-d280-fb10e474151c,2026-04-17 08:14:54,medical_record,MEDICAL_RECORD_9306,2,3,0,0.0,1.75,0,0,14.72,0
3510,DOC_007,doctor,update_diagnosis,054e161c-d33f-0970-2018-1f19582e0813,2026-04-14 05:17:57,condition,CONDITION_4093,20,12,1,0.2,1.837,0,0,60.26,0
3511,PATUSER_026,patient,book_appointment,10751dec-9152-b658-beeb-ba433fbb9213,2026-04-02 01:03:00,appointment,APPOINTMENT_3367,4,3,1,0.0,0.918,0,0,66.02,0
3512,NUR_001,nurse,update_queue,744a7169-4e89-61ff-27f2-3c736abf4368,2026-04-27 07:59:03,appointment,APPOINTMENT_1948,29,6,0,0.08,1.5,0,0,62.03,0
3513,PATUSER_016,patient,cancel_appointment,21adc8c0-7e1e-5167-1ac1-5449a6a2c73f,2026-03-31 01:22:30,appointment,APPOINTMENT_8935,4,1,1,0.0,1.522,0,0,63.57,0
3514,PATUSER_006,patient,cancel_appointment,e94fc8e2-b867-5164-0607-5e5eb581b150,2026-05-09 07:22:23,appointment,APPOINTMENT_4472,6,2,0,0.0,1.936,0,0,35.96,0
3515,PATUSER_011,patient,view_own_record,ea7deb48-7fa5-3406-28b9-051b0c18d363,2026-04-27 10:30:05,medical_record,MEDICAL_RECORD_3145,5,2,0,0.0,1.371,0,0,11.22,0
3516,PATUSER_021,patient,view_own_record,3bc81e09-7091-bc59-a58a-39b485d9e48b,2026-04-10 06:25:36,medical_record,MEDICAL_RECORD_5692,6,1,0,0.0,1.459,0,0,5.68,0
3517,DOC_006,doctor,create_prescription,ed1c3b46-34b9-221b-cb10-682e9ed9ddbd,2026-05-06 21:12:33,prescription,PRESCRIPTION_3419,43,51,0,0.81,1.922,0,0,193.19,1
3518,PATUSER_013,patient,cancel_appointment,57b901cb-d3d2-258c-2773-57008eb32345,2026-04-16 01:43:29,appointment,APPOINTMENT_8922,5,1,1,0.0,1.868,0,0,68.96,0
3519,NUR_004,nurse,update_queue,1c39de5b-289a-3a1a-669b-2f756efb8bcb,2026-05-20 00:56:44,appointment,APPOINTMENT_3472,23,25,1,0.02,1.918,0,0,30.9,0
3520,PATUSER_027,patient,book_appointment,b3c9a883-40ea-1452-7b76-62e552e033d2,2026-04-01 12:23:03,appointment,APPOINTMENT_7388,4,1,0,0.0,1.753,0,0,33.44,0
3521,DOC_014,doctor,update_diagnosis,4f0c6acb-066b-1f8d-228d-5e5a973d1fef,2026-05-01 10:30:06,condition,CONDITION_5907,22,18,0,0.06,1.561,0,0,19.27,0
3522,PATUSER_011,patient,cancel_appointment,07052ffe-5096-f813-923b-f3a32be34399,2026-05-05 05:22:27,appointment,APPOINTMENT_9803,1,1,1,0.0,1.727,0,0,74.74,0
3523,DOC_002,doctor,view_record,a8bef5c2-6743-79e8-8477-bc3b6244c334,2026-03-26 03:55:35,medical_record,MEDICAL_RECORD_4304,14,13,1,0.15,2.0,0,0,37.15,0
3524,DOC_005,doctor,update_diagnosis,1c39de5b-289a-3a1a-669b-2f756efb8bcb,2026-04-25 07:02:56,condition,CONDITION_3758,14,7,0,0.01,1.79,1,0,36.22,0
3525,DOC_015,doctor,view_observation,12a088f3-264b-6a9f-9a57-678747110969,2026-04-01 11:37:29,observation,OBSERVATION_1499,23,15,0,0.09,1.352,0,0,43.47,0
3526,PATUSER_001,patient,view_own_record,57b901cb-d3d2-258c-2773-57008eb32345,2026-03-30 10:49:11,medical_record,MEDICAL_RECORD_9993,5,1,0,0.0,1.922,0,0,10.96,0
3527,DOC_001,doctor,create_prescription,5dd32bff-9eaf-50ef-db4f-c6065be13792,2026-05-01 04:48:19,prescription,PRESCRIPTION_2772,18,18,1,0.1,1.0,0,0,68.09,0
3528,NUR_002,nurse,view_appointment,3c6d02df-84f2-f9e2-8e09-852349757293,2026-03-30 03:46:21,appointment,APPOINTMENT_9088,18,7,1,0.02,1.252,0,0,36.55,0
3529,PATUSER_007,patient,cancel_appointment,3c6d02df-84f2-f9e2-8e09-852349757293,2026-05-23 06:55:55,appointment,APPOINTMENT_4127,5,2,0,0.0,0.722,0,0,21.48,0
3530,PATUSER_008,patient,cancel_appointment,ad37dc95-561f-9348-6577-eff9b22d47c2,2026-05-18 00:35:34,appointment,APPOINTMENT_9711,1,3,1,0.0,1.299,0,0,62.97,0
3531,ADM_003,admin,manage_user,11b2d013-d581-7187-e88b-7a04781d307b,2026-04-01 06:29:20,user,USER_8267,6,5,0,0.02,1.561,0,0,36.9,0
3532,PATUSER_005,patient,cancel_appointment,ad37dc95-561f-9348-6577-eff9b22d47c2,2026-05-21 05:45:34,appointment,APPOINTMENT_6968,2,1,1,0.0,1.936,0,0,23.46,0
3533,DOC_005,doctor,view_observation,5dd32bff-9eaf-50ef-db4f-c6065be13792,2026-04-25 10:22:14,observation,OBSERVATION_9972,21,17,0,0.22,1.0,0,0,26.85,0
3534,PATUSER_005,patient,view_audit,235bd53d-07f7-5874-c952-5126acfab01e,2026-03-26 16:38:46,audit,AUDIT_1576,43,70,0,0.9,1.922,0,1,415.28,1
3535,DOC_006,doctor,create_prescription,d1838618-2a96-9761-0b8d-89a92a022bcc,2026-05-18 18:16:57,prescription,PRESCRIPTION_1613,38,26,0,0.77,2.0,1,0,345.74,1
3536,PATUSER_008,patient,view_queue,e8b56457-438e-7a2e-04ee-e0b2ec149f61,2026-04-02 04:22:03,queue,QUEUE_7374,5,3,1,0.0,0.971,0,0,10.99,0
3537,PATUSER_015,patient,view_record,054e161c-d33f-0970-2018-1f19582e0813,2026-05-12 19:00:41,medical_record,MEDICAL_RECORD_3064,66,57,0,0.7,1.891,0,1,318.78,1
3538,PATUSER_020,patient,view_queue,4bab2d0f-4783-619c-46b2-f656667ffb67,2026-04-09 09:33:03,queue,QUEUE_9756,3,1,0,0.0,1.198,0,0,58.53,0
3539,PATUSER_009,patient,view_queue,3c6d02df-84f2-f9e2-8e09-852349757293,2026-04-21 11:48:38,queue,QUEUE_2905,5,2,0,0.0,1.895,0,0,46.87,0
3540,PATUSER_017,patient,cancel_appointment,7225d50f-9363-214e-02d6-3fdc2a246bdc,2026-04-01 05:13:29,appointment,APPOINTMENT_8807,2,3,1,0.0,1.252,0,0,31.26,0
3541,PATUSER_025,patient,book_appointment,7bbc22dd-2b36-8b49-3bcc-14c25dafd13e,2026-05-10 00:54:44,appointment,APPOINTMENT_2319,6,3,1,0.0,1.825,0,0,14.38,0
3542,PATUSER_018,patient,view_own_record,79402472-6884-1aca-759a-a23f36ee8dca,2026-05-03 11:12:03,medical_record,MEDICAL_RECORD_7164,5,1,0,0.0,1.5,0,0,73.02,0
3543,PATUSER_017,patient,view_queue,cc4e166f-53eb-f57b-fb9c-72dddeeb448f,2026-04-25 04:11:28,queue,QUEUE_3787,6,1,1,0.0,1.761,0,0,56.47,0
3544,DOC_002,doctor,view_observation,7225d50f-9363-214e-02d6-3fdc2a246bdc,2026-04-12 03:09:12,observation,OBSERVATION_8152,19,8,1,0.04,1.826,0,0,71.82,0
3545,PATUSER_013,patient,view_queue,3eee4689-2d02-6ec9-c257-42b3adfdcd70,2026-05-21 02:51:21,queue,QUEUE_1152,4,2,1,0.0,1.826,0,0,15.66,0
3546,DOC_012,doctor,view_observation,820d39a0-d304-2b9d-25a8-d705deede745,2026-03-26 11:06:20,observation,OBSERVATION_5078,20,4,0,0.14,1.922,0,0,52.51,0
3547,ADM_003,admin,view_report,4bab2d0f-4783-619c-46b2-f656667ffb67,2026-05-04 03:44:11,report,REPORT_8487,11,3,1,0.02,1.922,0,0,46.37,0
3548,PATUSER_021,patient,update_diagnosis,5e236a28-42bb-348c-3267-03ed1a052b40,2026-05-10 17:28:06,condition,CONDITION_4726,43,75,0,0.88,2.128,0,1,255.14,1
3549,PATUSER_014,patient,view_audit,e7fccc97-5df9-b27f-8322-44fd5b624936,2026-04-28 16:41:22,audit,AUDIT_3857,56,63,0,0.93,1.792,0,1,293.43,1
3550,PATUSER_009,patient,view_audit,21adc8c0-7e1e-5167-1ac1-5449a6a2c73f,2026-04-14 19:05:24,audit,AUDIT_7348,76,70,0,0.83,1.5,0,1,310.93,1
3551,PATUSER_005,patient,cancel_appointment,d998bd61-bed8-3eb5-dcb5-297579cf936f,2026-04-20 10:02:16,appointment,APPOINTMENT_8732,5,1,0,0.0,1.895,0,0,66.55,0
3552,DOC_009,doctor,view_observation,754c6983-a899-1c3c-f51d-2af172b88b91,2026-04-25 07:35:59,observation,OBSERVATION_5907,10,9,0,0.07,1.149,0,0,35.39,0
3553,PATUSER_017,patient,book_appointment,4ca3be26-4f97-27f0-32fa-6ea155eba23a,2026-03-31 01:52:27,appointment,APPOINTMENT_9233,5,1,1,0.0,1.825,0,0,40.73,0
3554,DOC_002,doctor,create_prescription,2d457e3d-90cb-357e-f7e0-3014068d2f29,2026-05-03 04:24:23,prescription,PRESCRIPTION_4187,16,8,1,0.09,1.5,0,0,32.2,0
3555,PATUSER_001,patient,view_own_record,f84719a0-d28d-ec20-64a8-a17992dcd9ac,2026-05-16 01:12:50,medical_record,MEDICAL_RECORD_1053,3,3,1,0.0,0.811,0,0,49.29,0
3556,DOC_003,doctor,view_record,054e161c-d33f-0970-2018-1f19582e0813,2026-04-20 09:23:58,medical_record,MEDICAL_RECORD_2282,20,8,0,0.09,1.459,0,0,15.04,0
3557,ADM_002,admin,update_schedule,8fcbd58f-7e61-d74d-9b35-46d267ecbbd3,2026-04-12 11:36:10,schedule,SCHEDULE_4461,4,3,0,0.06,1.483,0,0,22.62,0
3558,PATUSER_023,patient,cancel_appointment,3408cffd-cbea-0de1-e3a8-8b0b86bb5637,2026-05-06 07:01:05,appointment,APPOINTMENT_4517,1,1,0,0.0,1.888,0,0,44.24,0
3559,DOC_007,doctor,view_record,2b31de7e-3596-37c7-1d46-db12d82e73ef,2026-04-12 10:37:11,medical_record,MEDICAL_RECORD_8134,6,7,0,0.08,1.95,0,0,50.72,0
3560,DOC_005,doctor,view_record,f8540aed-49fc-9dd6-b195-288635b1d17a,2026-04-21 04:07:40,medical_record,MEDICAL_RECORD_6105,8,7,1,0.21,1.846,0,0,41.94,0
3561,PATUSER_001,patient,update_diagnosis,20f1f5b5-38be-6554-7a24-9fcc8d4bd6c4,2026-04-16 20:26:16,condition,CONDITION_5195,71,66,0,0.9,1.922,1,1,210.57,1
3562,PATUSER_017,patient,view_own_record,d5d8b210-bca5-a9ce-0711-3d09468bfe47,2026-04-10 10:48:23,medical_record,MEDICAL_RECORD_6890,6,1,0,0.0,1.73,0,0,18.47,0
3563,PATUSER_001,patient,view_queue,d7b30817-a7e4-d7c5-8582-63d251b6f98c,2026-04-26 01:10:25,queue,QUEUE_5717,1,2,1,0.0,1.371,0,0,9.33,0
3564,DOC_003,doctor,create_prescription,b3c9a883-40ea-1452-7b76-62e552e033d2,2026-04-26 01:22:39,prescription,PRESCRIPTION_8086,15,12,1,0.21,1.918,0,0,55.62,0
3565,PATUSER_027,patient,book_appointment,c5d42b3b-72de-b953-545d-1de4cf59d279,2026-05-14 09:35:49,appointment,APPOINTMENT_7015,4,1,0,0.0,1.76,0,0,41.74,0
3566,PATUSER_026,patient,view_queue,3844e0c5-14c7-8f87-19b0-8f769b3bdd70,2026-05-01 03:42:53,queue,QUEUE_6403,5,3,1,0.0,1.79,0,0,39.21,0
3567,PATUSER_006,patient,cancel_appointment,f5de0af7-bfb4-270e-8175-e12515583ea8,2026-04-20 07:38:56,appointment,APPOINTMENT_5367,3,3,0,0.0,1.971,0,0,11.51,0
3568,PATUSER_005,patient,view_queue,fb36d3d9-666c-c4c2-bb96-c9195538d4df,2026-04-18 03:05:06,queue,QUEUE_1493,4,1,1,0.0,1.918,0,0,27.57,0
3569,DOC_005,doctor,view_observation,155649eb-5d3e-41ca-5a2c-78972a1721f4,2026-04-25 05:09:21,observation,OBSERVATION_9327,20,6,1,0.08,1.526,0,0,45.45,0
3570,NUR_004,nurse,view_appointment,9e25d332-9229-0803-ad9f-ca235142458e,2026-04-02 03:04:43,appointment,APPOINTMENT_6334,20,14,1,0.1,1.792,0,0,67.49,0
3571,PATUSER_026,patient,book_appointment,df4576f2-f38f-02c0-b20f-6153754c41a6,2026-04-02 02:08:56,appointment,APPOINTMENT_2639,5,2,1,0.0,1.846,0,0,62.06,0
3572,PATUSER_009,patient,view_queue,754c6983-a899-1c3c-f51d-2af172b88b91,2026-05-23 06:20:17,queue,QUEUE_7406,3,2,0,0.0,1.784,0,0,8.56,0
3573,PATUSER_030,patient,book_appointment,e94fc8e2-b867-5164-0607-5e5eb581b150,2026-04-22 09:32:28,appointment,APPOINTMENT_7650,4,2,0,0.0,1.459,0,0,43.06,0
3574,PATUSER_024,patient,cancel_appointment,07052ffe-5096-f813-923b-f3a32be34399,2026-04-28 03:26:23,appointment,APPOINTMENT_4537,3,2,1,0.0,1.922,0,0,39.5,0
3575,DOC_011,doctor,view_observation,dd55f477-af88-4543-f8c0-dca25a96c4cb,2026-04-12 02:10:25,observation,OBSERVATION_5469,9,17,1,0.11,1.868,0,0,36.87,0
3576,DOC_002,doctor,update_diagnosis,3408cffd-cbea-0de1-e3a8-8b0b86bb5637,2026-04-07 05:32:56,condition,CONDITION_3949,6,13,1,0.12,1.859,0,0,70.06,0
3577,PATUSER_010,patient,book_appointment,a2ff83e0-2cc0-50a4-b008-52a1add72ced,2026-04-02 06:20:02,appointment,APPOINTMENT_8864,4,3,0,0.0,1.495,0,0,45.18,0
3578,PATUSER_005,patient,view_queue,9cefc3e8-33f8-beac-d280-fb10e474151c,2026-04-22 11:16:03,queue,QUEUE_9249,6,3,0,0.0,1.891,0,0,22.35,0
3579,PATUSER_019,patient,view_own_record,b3c9a883-40ea-1452-7b76-62e552e033d2,2026-05-03 02:53:20,medical_record,MEDICAL_RECORD_9494,2,3,1,0.0,1.868,0,0,65.71,0
3580,PATUSER_009,patient,view_queue,2faf5170-7c17-9c76-c091-5349b5ecad23,2026-05-23 03:10:25,queue,QUEUE_1638,5,1,1,0.0,1.727,0,0,5.62,0
3581,PATUSER_016,patient,cancel_appointment,9cefc3e8-33f8-beac-d280-fb10e474151c,2026-05-19 06:54:19,appointment,APPOINTMENT_2191,5,1,0,0.0,1.895,0,0,55.41,0
3582,NUR_002,nurse,update_vitals,d1838618-2a96-9761-0b8d-89a92a022bcc,2026-04-06 01:33:11,observation,OBSERVATION_9709,13,11,1,0.06,1.906,0,0,34.03,0
3583,NUR_007,nurse,update_queue,2d457e3d-90cb-357e-f7e0-3014068d2f29,2026-03-31 09:09:13,appointment,APPOINTMENT_6086,9,11,0,0.0,1.5,0,0,11.45,0
3584,PATUSER_015,patient,book_appointment,717861a2-ab2b-2d2a-6a8f-6388dbff69d2,2026-04-14 02:13:15,appointment,APPOINTMENT_2694,5,3,1,0.0,1.868,0,0,25.83,0
3585,PATUSER_002,patient,cancel_appointment,3844e0c5-14c7-8f87-19b0-8f769b3bdd70,2026-05-17 08:48:47,appointment,APPOINTMENT_1012,3,2,0,0.0,1.5,0,0,17.76,0
3586,PATUSER_001,patient,cancel_appointment,e126e379-083f-ea08-0358-303361acf072,2026-05-07 08:36:35,appointment,APPOINTMENT_9837,1,2,0,0.0,1.79,0,0,5.58,0
3587,NUR_005,nurse,update_vitals,f8540aed-49fc-9dd6-b195-288635b1d17a,2026-04-19 02:13:11,observation,OBSERVATION_6642,29,20,1,0.02,1.868,0,0,22.02,0
3588,PATUSER_012,patient,view_own_record,8e21cb1f-b016-dda9-1d06-c920c24a0b37,2026-04-29 07:43:11,medical_record,MEDICAL_RECORD_3047,1,1,0,0.0,1.971,0,0,70.44,0
3589,PATUSER_010,patient,view_audit,20f1f5b5-38be-6554-7a24-9fcc8d4bd6c4,2026-05-04 16:19:44,audit,AUDIT_7223,85,53,0,0.82,1.922,0,1,361.83,1
3590,DOC_004,doctor,view_observation,cc4e166f-53eb-f57b-fb9c-72dddeeb448f,2026-04-15 12:16:24,observation,OBSERVATION_9090,6,3,0,0.16,0.918,0,0,37.18,0
3591,PATUSER_004,patient,view_own_record,7bbc22dd-2b36-8b49-3bcc-14c25dafd13e,2026-04-19 08:39:13,medical_record,MEDICAL_RECORD_6188,1,3,0,0.0,1.846,0,0,19.0,0
3592,NUR_007,nurse,register_walkin,12a088f3-264b-6a9f-9a57-678747110969,2026-05-06 12:13:01,appointment,APPOINTMENT_4886,21,17,0,0.05,1.922,0,0,43.5,0
3593,PATUSER_008,patient,view_record,a8bef5c2-6743-79e8-8477-bc3b6244c334,2026-04-28 19:53:58,medical_record,MEDICAL_RECORD_3479,87,68,0,0.81,1.79,1,1,206.82,1
3594,PATUSER_013,patient,view_own_record,ad37dc95-561f-9348-6577-eff9b22d47c2,2026-05-21 04:14:11,medical_record,MEDICAL_RECORD_7345,4,1,1,0.0,1.826,0,0,15.3,0
3595,PATUSER_006,patient,view_queue,1c39de5b-289a-3a1a-669b-2f756efb8bcb,2026-03-26 09:42:24,queue,QUEUE_9921,4,2,0,0.0,1.918,0,0,62.19,0
3596,NUR_001,nurse,update_queue,d5d8b210-bca5-a9ce-0711-3d09468bfe47,2026-04-07 08:18:53,appointment,APPOINTMENT_6741,29,16,0,0.1,1.922,0,0,20.36,0
3597,DOC_005,doctor,create_prescription,5dd32bff-9eaf-50ef-db4f-c6065be13792,2026-04-12 11:13:01,prescription,PRESCRIPTION_6641,22,8,0,0.19,1.95,0,0,16.14,0
3598,ADM_002,admin,manage_user,8db9c819-1c0b-c9a9-3e31-4b85f52201d2,2026-04-25 06:48:01,user,USER_3799,8,3,0,0.06,1.561,0,0,42.53,0
3599,PATUSER_005,patient,view_queue,3408cffd-cbea-0de1-e3a8-8b0b86bb5637,2026-04-16 01:05:49,queue,QUEUE_2815,1,3,1,0.0,1.826,0,0,50.72,0
3600,PATUSER_002,patient,view_queue,8fcbd58f-7e61-d74d-9b35-46d267ecbbd3,2026-04-19 08:30:42,queue,QUEUE_6398,1,2,0,0.0,1.918,0,0,61.16,0
3601,NUR_001,nurse,update_vitals,7bbc22dd-2b36-8b49-3bcc-14c25dafd13e,2026-04-02 11:43:46,observation,OBSERVATION_4258,25,14,0,0.04,1.837,0,0,49.49,0
3602,PATUSER_006,patient,view_queue,8fcbd58f-7e61-d74d-9b35-46d267ecbbd3,2026-04-28 02:53:11,queue,QUEUE_2977,3,3,1,0.0,0.811,0,0,66.29,0
3603,PATUSER_030,patient,cancel_appointment,1290bba5-c164-4273-9694-c3ce92270ef2,2026-03-31 06:31:51,appointment,APPOINTMENT_7815,3,2,0,0.0,0.985,0,0,70.87,0
3604,PATUSER_001,patient,book_appointment,12a088f3-264b-6a9f-9a57-678747110969,2026-05-04 05:32:41,appointment,APPOINTMENT_9846,4,3,1,0.0,1.5,0,0,38.85,0
3605,DOC_003,doctor,create_prescription,4bab2d0f-4783-619c-46b2-f656667ffb67,2026-05-13 12:20:44,prescription,PRESCRIPTION_6414,18,10,0,0.16,1.526,0,0,21.38,0
3606,DOC_006,doctor,update_diagnosis,d5d8b210-bca5-a9ce-0711-3d09468bfe47,2026-04-24 01:23:11,condition,CONDITION_2317,5,11,1,0.18,1.5,0,0,27.86,0
3607,PATUSER_007,patient,cancel_appointment,4bab2d0f-4783-619c-46b2-f656667ffb67,2026-05-06 02:49:29,appointment,APPOINTMENT_4067,1,1,1,0.0,1.522,0,0,29.59,0
3608,PATUSER_013,patient,cancel_appointment,2b31de7e-3596-37c7-1d46-db12d82e73ef,2026-05-20 05:17:41,appointment,APPOINTMENT_5953,2,1,1,0.0,1.379,0,0,29.23,0
3609,DOC_013,doctor,view_record,465dd060-e77a-9924-0d7a-75d52d39a714,2026-04-09 02:34:37,medical_record,MEDICAL_RECORD_2982,15,9,1,0.05,1.846,1,0,32.99,0
3610,PATUSER_029,patient,update_diagnosis,671064b5-039b-51a8-7e40-8e6baa0a7e35,2026-05-17 16:02:00,condition,CONDITION_8536,63,78,0,0.86,1.722,1,1,124.0,1
3611,PATUSER_008,patient,view_own_record,668a10b4-c005-0df3-522e-b068e0d29ea9,2026-04-06 07:39:16,medical_record,MEDICAL_RECORD_6344,1,1,0,0.0,1.522,0,0,40.52,0
3612,DOC_002,doctor,view_record,79402472-6884-1aca-759a-a23f36ee8dca,2026-04-19 05:42:20,medical_record,MEDICAL_RECORD_3058,6,10,1,0.05,1.918,0,0,31.18,0
3613,PATUSER_027,patient,book_appointment,4ca3be26-4f97-27f0-32fa-6ea155eba23a,2026-04-19 01:23:08,appointment,APPOINTMENT_4021,2,2,1,0.0,1.459,0,0,18.06,0
3614,PATUSER_014,patient,view_own_record,10751dec-9152-b658-beeb-ba433fbb9213,2026-03-25 01:15:40,medical_record,MEDICAL_RECORD_6870,1,3,1,0.0,1.557,0,0,28.12,0
3615,PATUSER_016,patient,view_own_record,a2ff83e0-2cc0-50a4-b008-52a1add72ced,2026-05-12 12:19:57,medical_record,MEDICAL_RECORD_3846,3,3,0,0.0,1.557,0,0,71.09,0
3616,PATUSER_022,patient,view_own_record,9cefc3e8-33f8-beac-d280-fb10e474151c,2026-05-13 03:42:25,medical_record,MEDICAL_RECORD_3713,5,2,1,0.0,0.811,0,0,20.23,0
3617,PATUSER_015,patient,view_own_record,c72a8c6e-1dfd-0a8b-20e7-066eadd4931c,2026-05-01 00:48:24,medical_record,MEDICAL_RECORD_6334,2,1,1,0.0,1.677,0,0,46.74,0
3618,ADM_001,admin,manage_user,5dd32bff-9eaf-50ef-db4f-c6065be13792,2026-05-16 04:07:19,user,USER_1114,3,8,1,0.1,1.5,1,0,54.44,0
3619,ADM_001,admin,view_audit,a992fe7d-cd9b-0ace-6e0b-f6f0b5f01fc3,2026-05-11 06:04:00,audit,AUDIT_7320,11,6,0,0.01,1.842,0,0,21.54,0
3620,PATUSER_007,patient,view_own_record,b23941a4-269e-2ac4-8ced-75d1ac8b1b1d,2026-04-11 04:36:24,medical_record,MEDICAL_RECORD_5066,5,3,1,0.0,1.557,0,0,71.41,0
3621,DOC_005,doctor,update_diagnosis,668a10b4-c005-0df3-522e-b068e0d29ea9,2026-04-04 01:05:52,condition,CONDITION_9795,8,10,1,0.13,1.842,0,0,53.92,0
3622,PATUSER_020,patient,book_appointment,820d39a0-d304-2b9d-25a8-d705deede745,2026-05-06 09:01:18,appointment,APPOINTMENT_2485,3,2,0,0.0,1.459,0,0,40.12,0
3623,PATUSER_001,patient,cancel_appointment,668a10b4-c005-0df3-522e-b068e0d29ea9,2026-04-16 09:03:23,appointment,APPOINTMENT_4915,6,2,0,0.0,1.906,0,0,65.28,0
3624,PATUSER_015,patient,cancel_appointment,7bbc22dd-2b36-8b49-3bcc-14c25dafd13e,2026-04-04 01:16:43,appointment,APPOINTMENT_4727,6,3,1,0.0,1.837,0,0,65.72,0
3625,NUR_007,nurse,update_vitals,392c8ae6-3c3b-1ff7-c35c-4e64946db9b6,2026-05-13 03:37:56,observation,OBSERVATION_6641,29,18,1,0.1,1.837,0,0,52.95,0
3626,PATUSER_030,patient,cancel_appointment,d20dc49f-5674-961e-a123-6e3000654b95,2026-04-23 08:26:07,appointment,APPOINTMENT_7191,2,2,0,0.0,1.252,0,0,53.21,0
3627,DOC_007,doctor,update_diagnosis,5e236a28-42bb-348c-3267-03ed1a052b40,2026-04-25 06:13:12,condition,CONDITION_1894,12,15,0,0.01,1.971,0,0,25.09,0
3628,DOC_002,doctor,create_prescription,054e161c-d33f-0970-2018-1f19582e0813,2026-05-13 07:38:38,prescription,PRESCRIPTION_2115,7,6,0,0.01,1.784,0,0,40.61,0
3629,DOC_012,doctor,view_record,e8b56457-438e-7a2e-04ee-e0b2ec149f61,2026-04-09 12:17:04,medical_record,MEDICAL_RECORD_2268,10,7,0,0.13,1.922,0,0,9.14,0
3630,PATUSER_011,patient,view_queue,2925a752-da6a-ef1f-31aa-68b0c2ff5027,2026-04-24 07:46:56,queue,QUEUE_2800,5,1,0,0.0,1.322,0,0,67.51,0
3631,PATUSER_028,patient,view_own_record,5e236a28-42bb-348c-3267-03ed1a052b40,2026-04-27 09:12:57,medical_record,MEDICAL_RECORD_4468,5,2,0,0.0,1.685,0,0,24.76,0
3632,DOC_011,doctor,create_prescription,b3c9a883-40ea-1452-7b76-62e552e033d2,2026-04-19 11:45:32,prescription,PRESCRIPTION_3975,21,6,0,0.05,1.922,0,0,71.91,0
3633,PATUSER_023,patient,cancel_appointment,f84719a0-d28d-ec20-64a8-a17992dcd9ac,2026-05-02 02:25:15,appointment,APPOINTMENT_3775,6,1,1,0.0,1.459,0,0,15.01,0
3634,DOC_006,doctor,view_record,a992fe7d-cd9b-0ace-6e0b-f6f0b5f01fc3,2026-04-10 08:40:48,medical_record,MEDICAL_RECORD_5115,9,13,0,0.19,1.73,0,0,59.38,0
3635,PATUSER_020,patient,book_appointment,910f9d72-b5f2-60bf-8302-274ac5d74635,2026-05-09 06:00:41,appointment,APPOINTMENT_5506,5,2,0,0.0,1.95,0,0,48.47,0
3636,PATUSER_014,patient,view_own_record,2b31de7e-3596-37c7-1d46-db12d82e73ef,2026-04-25 07:23:22,medical_record,MEDICAL_RECORD_3837,3,1,0,0.0,1.5,0,0,74.86,0
3637,DOC_012,doctor,view_record,5dd32bff-9eaf-50ef-db4f-c6065be13792,2026-05-07 01:32:58,medical_record,MEDICAL_RECORD_6148,19,17,1,0.13,1.5,0,0,58.94,0
3638,PATUSER_015,patient,view_own_record,3bc81e09-7091-bc59-a58a-39b485d9e48b,2026-04-24 09:37:22,medical_record,MEDICAL_RECORD_9025,1,1,0,0.0,1.776,0,0,38.03,0
3639,DOC_008,doctor,view_record,4bab2d0f-4783-619c-46b2-f656667ffb67,2026-04-17 08:52:44,medical_record,MEDICAL_RECORD_3621,18,8,0,0.08,1.555,0,0,33.15,0
3640,PATUSER_009,patient,book_appointment,a2ff83e0-2cc0-50a4-b008-52a1add72ced,2026-04-29 07:07:20,appointment,APPOINTMENT_4991,6,3,0,0.0,1.888,0,0,62.41,0
3641,DOC_008,doctor,view_observation,01974f36-ced2-c38e-32c5-1b09e1fe1638,2026-05-20 03:23:02,observation,OBSERVATION_2162,20,4,1,0.1,1.826,0,0,27.4,0
3642,PATUSER_008,patient,view_queue,6383af50-c8f6-0c22-1dd4-6ee2be572cb1,2026-04-10 00:45:23,queue,QUEUE_1363,2,3,1,0.0,1.834,0,0,35.74,0
3643,DOC_003,doctor,update_diagnosis,12a088f3-264b-6a9f-9a57-678747110969,2026-03-31 02:54:48,condition,CONDITION_6757,22,16,1,0.05,1.406,0,0,24.66,0
3644,NUR_007,nurse,update_vitals,79402472-6884-1aca-759a-a23f36ee8dca,2026-05-12 03:33:00,observation,OBSERVATION_1457,22,12,1,0.03,1.834,0,0,74.33,0
3645,PATUSER_005,patient,view_queue,12a088f3-264b-6a9f-9a57-678747110969,2026-04-01 02:22:11,queue,QUEUE_5568,3,1,1,0.0,1.42,0,0,41.03,0
3646,PATUSER_014,patient,view_own_record,4ca3be26-4f97-27f0-32fa-6ea155eba23a,2026-04-30 10:24:01,medical_record,MEDICAL_RECORD_7905,2,1,0,0.0,1.906,0,0,43.83,0
3647,PATUSER_016,patient,book_appointment,8c562216-cb73-0829-2fa4-123468939df6,2026-05-22 10:16:17,appointment,APPOINTMENT_6190,4,1,0,0.0,1.149,0,0,21.38,0
3648,NUR_006,nurse,register_walkin,2d457e3d-90cb-357e-f7e0-3014068d2f29,2026-05-05 02:31:03,appointment,APPOINTMENT_9958,22,7,1,0.04,1.491,0,0,49.65,0
3649,PATUSER_026,patient,book_appointment,6383af50-c8f6-0c22-1dd4-6ee2be572cb1,2026-05-02 01:57:37,appointment,APPOINTMENT_3130,2,1,1,0.0,1.0,0,0,22.79,0
3650,PATUSER_015,patient,cancel_appointment,917ffe5d-46b2-36f1-0de8-35e5ed017fa7,2026-04-26 09:16:06,appointment,APPOINTMENT_6865,5,3,0,0.0,1.379,0,0,29.76,0
3651,DOC_001,doctor,update_diagnosis,2d457e3d-90cb-357e-f7e0-3014068d2f29,2026-04-06 21:23:04,condition,CONDITION_2148,39,71,0,0.89,1.5,1,0,314.43,1
3652,ADM_001,admin,view_report,4bab2d0f-4783-619c-46b2-f656667ffb67,2026-05-08 01:00:49,report,REPORT_8393,2,5,1,0.07,1.792,0,0,51.92,0
3653,ADM_003,admin,view_audit,d7b30817-a7e4-d7c5-8582-63d251b6f98c,2026-05-07 20:51:07,audit,AUDIT_1847,82,32,0,0.71,1.95,1,0,263.34,1
3654,NUR_002,nurse,register_walkin,668a10b4-c005-0df3-522e-b068e0d29ea9,2026-03-29 03:06:28,appointment,APPOINTMENT_3998,18,24,1,0.11,1.669,1,0,56.87,0
3655,NUR_006,nurse,view_appointment,a992fe7d-cd9b-0ace-6e0b-f6f0b5f01fc3,2026-04-03 11:04:17,appointment,APPOINTMENT_8489,10,11,0,0.11,1.888,0,0,58.11,0
3656,DOC_015,doctor,view_observation,f5de0af7-bfb4-270e-8175-e12515583ea8,2026-03-26 01:08:17,observation,OBSERVATION_4002,7,9,1,0.04,1.906,0,0,29.65,0
3657,NUR_007,nurse,update_vitals,a992fe7d-cd9b-0ace-6e0b-f6f0b5f01fc3,2026-04-07 09:05:23,observation,OBSERVATION_2793,24,23,0,0.04,1.95,0,0,27.81,0
3658,NUR_003,nurse,view_appointment,dd0de87d-2596-9c38-a834-6f5246a48a51,2026-04-20 04:05:22,appointment,APPOINTMENT_7371,18,12,1,0.09,1.823,0,0,71.3,0
3659,DOC_015,doctor,create_prescription,2d457e3d-90cb-357e-f7e0-3014068d2f29,2026-04-23 00:45:14,prescription,PRESCRIPTION_9747,8,14,1,0.2,1.922,0,0,69.2,0
3660,PATUSER_013,patient,cancel_appointment,21b4ddc5-081e-1ecd-3573-f2ea42677b66,2026-03-28 06:02:30,appointment,APPOINTMENT_8594,2,3,0,0.0,1.252,0,0,64.45,0
3661,DOC_013,doctor,view_observation,10751dec-9152-b658-beeb-ba433fbb9213,2026-05-12 04:19:44,observation,OBSERVATION_7840,5,8,1,0.03,1.906,0,0,71.96,0
3662,NUR_003,nurse,update_vitals,ed1c3b46-34b9-221b-cb10-682e9ed9ddbd,2026-05-23 10:29:08,observation,OBSERVATION_1346,22,23,0,0.09,1.557,0,0,62.41,0
3663,DOC_009,doctor,create_prescription,a2ff83e0-2cc0-50a4-b008-52a1add72ced,2026-04-05 12:17:39,prescription,PRESCRIPTION_9359,7,12,0,0.09,1.922,0,0,67.53,0
3664,PATUSER_021,patient,view_own_record,155649eb-5d3e-41ca-5a2c-78972a1721f4,2026-05-19 05:51:40,medical_record,MEDICAL_RECORD_9952,1,2,1,0.0,1.53,0,0,54.07,0
3665,PATUSER_017,patient,book_appointment,744a7169-4e89-61ff-27f2-3c736abf4368,2026-04-20 10:22:30,appointment,APPOINTMENT_1838,2,1,0,0.0,1.75,0,0,60.0,0
3666,PATUSER_022,patient,book_appointment,7225d50f-9363-214e-02d6-3fdc2a246bdc,2026-03-29 10:12:35,appointment,APPOINTMENT_5769,4,2,0,0.0,1.53,0,0,19.4,0
3667,PATUSER_019,patient,book_appointment,047f3ed4-bdea-7cd6-6e80-8537a3979cc6,2026-04-25 05:26:44,appointment,APPOINTMENT_4682,1,2,1,0.0,1.5,0,0,33.8,0
3668,DOC_008,doctor,view_record,4ca3be26-4f97-27f0-32fa-6ea155eba23a,2026-05-18 01:02:35,medical_record,MEDICAL_RECORD_3148,9,17,1,0.14,1.753,0,0,22.07,0
3669,PATUSER_023,patient,view_own_record,21b4ddc5-081e-1ecd-3573-f2ea42677b66,2026-04-22 09:36:51,medical_record,MEDICAL_RECORD_9359,3,3,0,0.0,1.573,0,0,62.33,0
3670,NUR_004,nurse,update_vitals,cc4e166f-53eb-f57b-fb9c-72dddeeb448f,2026-05-23 02:47:24,observation,OBSERVATION_3547,25,9,1,0.02,1.557,0,0,41.01,0
3671,DOC_008,doctor,create_prescription,a82f0145-e797-d65d-bebf-e49dd38bac1e,2026-04-17 07:17:23,prescription,PRESCRIPTION_5868,10,3,0,0.17,1.371,0,0,8.01,0
3672,DOC_012,doctor,view_observation,754c6983-a899-1c3c-f51d-2af172b88b91,2026-03-26 10:39:47,observation,OBSERVATION_2803,18,12,0,0.14,1.846,0,0,39.4,0
3673,PATUSER_001,patient,cancel_appointment,465dd060-e77a-9924-0d7a-75d52d39a714,2026-04-01 02:09:05,appointment,APPOINTMENT_1804,5,2,1,0.0,-0.0,0,0,29.87,0
3674,PATUSER_003,patient,book_appointment,f8540aed-49fc-9dd6-b195-288635b1d17a,2026-04-13 11:30:10,appointment,APPOINTMENT_1219,4,3,0,0.0,1.65,0,0,15.25,0
3675,PATUSER_002,patient,cancel_appointment,88f931d5-4cfa-4be9-c6be-738d5fc8c215,2026-04-21 01:23:58,appointment,APPOINTMENT_5934,2,1,1,0.0,1.753,0,0,13.04,0
3676,PATUSER_025,patient,view_own_record,57b901cb-d3d2-258c-2773-57008eb32345,2026-05-15 00:47:19,medical_record,MEDICAL_RECORD_3599,4,2,1,0.0,1.988,0,0,26.46,0
3677,DOC_008,doctor,update_diagnosis,9e25d332-9229-0803-ad9f-ca235142458e,2026-04-05 04:25:44,condition,CONDITION_2647,20,9,1,0.18,1.557,1,0,12.43,0
3678,PATUSER_007,patient,view_own_record,e60a6ecc-5639-5800-4bf2-8e8a2865e55c,2026-05-20 11:56:33,medical_record,MEDICAL_RECORD_4578,5,2,0,0.0,1.888,0,0,25.42,0
3679,DOC_015,doctor,update_diagnosis,5dd32bff-9eaf-50ef-db4f-c6065be13792,2026-05-08 03:56:38,condition,CONDITION_6880,23,9,1,0.19,1.936,0,0,68.52,0
3680,PATUSER_010,patient,view_own_record,7bbc22dd-2b36-8b49-3bcc-14c25dafd13e,2026-04-06 03:29:19,medical_record,MEDICAL_RECORD_1125,1,1,1,0.0,1.95,0,0,65.38,0
3681,PATUSER_022,patient,view_queue,7225d50f-9363-214e-02d6-3fdc2a246bdc,2026-05-03 07:59:43,queue,QUEUE_2384,3,2,0,0.0,1.252,0,0,63.71,0
3682,PATUSER_005,patient,view_queue,5dd32bff-9eaf-50ef-db4f-c6065be13792,2026-04-23 01:08:19,queue,QUEUE_8380,1,3,1,0.0,1.686,0,0,41.82,0
3683,PATUSER_007,patient,view_queue,219c0f88-2190-9af2-4122-bcf1c4f4a0bf,2026-04-17 11:54:47,queue,QUEUE_6997,3,3,0,0.0,1.823,0,0,12.59,0
3684,ADM_001,admin,view_report,f84719a0-d28d-ec20-64a8-a17992dcd9ac,2026-03-27 11:17:57,report,REPORT_3344,6,5,0,0.04,1.811,0,0,16.62,0
3685,PATUSER_007,patient,book_appointment,054e161c-d33f-0970-2018-1f19582e0813,2026-03-29 12:06:40,appointment,APPOINTMENT_6228,3,2,0,0.0,0.811,0,0,27.47,0
3686,DOC_007,doctor,create_prescription,d5d8b210-bca5-a9ce-0711-3d09468bfe47,2026-04-06 09:54:31,prescription,PRESCRIPTION_5169,13,17,0,0.04,1.884,0,0,33.38,0
3687,PATUSER_025,patient,view_queue,b09b332a-a8b1-5541-6855-d6420f922505,2026-05-08 11:45:28,queue,QUEUE_4555,1,1,0,0.0,1.918,0,0,42.89,0
3688,DOC_011,doctor,view_observation,2d457e3d-90cb-357e-f7e0-3014068d2f29,2026-05-18 05:34:15,observation,OBSERVATION_7584,20,3,1,0.04,1.371,0,0,7.02,0
3689,DOC_010,doctor,update_diagnosis,7bbc22dd-2b36-8b49-3bcc-14c25dafd13e,2026-04-02 08:03:59,condition,CONDITION_2077,13,6,0,0.12,1.906,0,0,38.52,0
3690,PATUSER_007,patient,book_appointment,910f9d72-b5f2-60bf-8302-274ac5d74635,2026-04-22 11:11:14,appointment,APPOINTMENT_2990,3,3,0,0.0,1.459,0,0,62.72,0
3691,DOC_003,doctor,update_diagnosis,2d457e3d-90cb-357e-f7e0-3014068d2f29,2026-05-09 02:24:00,condition,CONDITION_1761,8,6,1,0.21,1.981,0,0,26.0,0
3692,PATUSER_007,patient,book_appointment,fb36d3d9-666c-c4c2-bb96-c9195538d4df,2026-04-01 09:53:37,appointment,APPOINTMENT_9030,4,1,0,0.0,1.352,0,0,34.14,0
3693,PATUSER_023,patient,view_queue,392c8ae6-3c3b-1ff7-c35c-4e64946db9b6,2026-04-11 02:01:50,queue,QUEUE_4639,6,2,1,0.0,1.418,0,0,63.01,0
3694,PATUSER_008,patient,book_appointment,671064b5-039b-51a8-7e40-8e6baa0a7e35,2026-04-25 12:23:55,appointment,APPOINTMENT_3990,3,2,0,0.0,1.823,0,0,34.18,0
3695,DOC_006,doctor,view_record,3408cffd-cbea-0de1-e3a8-8b0b86bb5637,2026-05-17 19:51:42,medical_record,MEDICAL_RECORD_7169,69,80,0,0.69,1.585,1,0,275.22,1
3696,PATUSER_008,patient,cancel_appointment,b09b332a-a8b1-5541-6855-d6420f922505,2026-04-05 12:18:48,appointment,APPOINTMENT_3223,5,1,0,0.0,1.842,0,0,53.91,0
3697,ADM_001,admin,update_schedule,235bd53d-07f7-5874-c952-5126acfab01e,2026-04-01 03:58:40,schedule,SCHEDULE_5238,8,2,1,0.05,1.522,0,0,17.31,0
3698,DOC_010,doctor,view_observation,a8bef5c2-6743-79e8-8477-bc3b6244c334,2026-04-02 05:56:52,observation,OBSERVATION_2850,14,17,1,0.03,1.557,0,0,58.75,0
3699,PATUSER_017,patient,view_queue,4642b627-0caa-32c4-a7cd-87689252d332,2026-05-13 03:45:20,queue,QUEUE_4859,4,3,1,0.0,1.784,0,0,70.4,0
3700,PATUSER_027,patient,cancel_appointment,3844e0c5-14c7-8f87-19b0-8f769b3bdd70,2026-05-01 10:30:54,appointment,APPOINTMENT_2907,6,3,0,0.0,1.776,0,0,9.36,0
3701,PATUSER_030,patient,cancel_appointment,0369610a-4641-e2d5-80b2-844b2bd99f16,2026-04-19 04:50:02,appointment,APPOINTMENT_1360,2,2,1,0.0,1.826,0,0,27.43,0
3702,PATUSER_009,patient,view_queue,1c39de5b-289a-3a1a-669b-2f756efb8bcb,2026-04-03 04:58:30,queue,QUEUE_1399,6,2,1,0.0,1.459,0,0,15.34,0
3703,PATUSER_030,patient,view_own_record,5dd32bff-9eaf-50ef-db4f-c6065be13792,2026-04-24 06:41:56,medical_record,MEDICAL_RECORD_1566,3,1,0,0.0,1.888,0,0,47.11,0
3704,PATUSER_020,patient,cancel_appointment,4bab2d0f-4783-619c-46b2-f656667ffb67,2026-04-10 02:07:04,appointment,APPOINTMENT_5031,1,3,1,0.0,1.891,0,0,41.77,0
3705,DOC_013,doctor,view_record,a2ff83e0-2cc0-50a4-b008-52a1add72ced,2026-03-31 01:55:58,medical_record,MEDICAL_RECORD_4724,20,11,1,0.03,1.846,0,0,68.54,0
3706,PATUSER_014,patient,view_own_record,219c0f88-2190-9af2-4122-bcf1c4f4a0bf,2026-05-21 09:43:09,medical_record,MEDICAL_RECORD_2222,5,3,0,0.0,1.922,0,0,28.74,0
3707,PATUSER_013,patient,update_diagnosis,f2df6bf3-460e-f410-cac9-472739e5df85,2026-05-13 21:20:26,condition,CONDITION_1954,45,45,0,0.81,1.5,0,1,409.27,1
3708,PATUSER_008,patient,cancel_appointment,3844e0c5-14c7-8f87-19b0-8f769b3bdd70,2026-04-20 03:29:29,appointment,APPOINTMENT_6129,6,1,1,0.0,1.677,0,0,28.09,0
3709,PATUSER_026,patient,view_queue,c95c96d5-ac6e-6ab6-143b-6da3e3923f39,2026-04-30 09:46:48,queue,QUEUE_2128,2,1,0,0.0,1.959,0,0,67.26,0
3710,PATUSER_021,patient,view_queue,2faf5170-7c17-9c76-c091-5349b5ecad23,2026-04-02 11:10:11,queue,QUEUE_8710,3,3,0,0.0,1.617,0,0,28.66,0
3711,DOC_002,doctor,view_observation,5dd32bff-9eaf-50ef-db4f-c6065be13792,2026-04-16 05:41:07,observation,OBSERVATION_7500,10,15,1,0.19,1.722,0,0,40.89,0
3712,PATUSER_028,patient,view_own_record,4642b627-0caa-32c4-a7cd-87689252d332,2026-04-23 03:36:18,medical_record,MEDICAL_RECORD_5995,5,3,1,0.0,1.918,0,0,12.29,0
3713,PATUSER_009,patient,view_queue,b4679b26-64ac-c348-6667-1e9093ae866f,2026-05-18 05:41:07,queue,QUEUE_3816,2,1,1,0.0,1.371,0,0,49.37,0
3714,DOC_003,doctor,view_record,d1838618-2a96-9761-0b8d-89a92a022bcc,2026-05-09 00:58:04,medical_record,MEDICAL_RECORD_3963,24,10,1,0.13,1.811,0,0,32.64,0
3715,DOC_014,doctor,view_observation,2b31de7e-3596-37c7-1d46-db12d82e73ef,2026-04-15 02:55:06,observation,OBSERVATION_4643,6,17,1,0.08,1.784,0,0,26.0,0
3716,PATUSER_019,patient,cancel_appointment,dd0de87d-2596-9c38-a834-6f5246a48a51,2026-05-12 02:10:48,appointment,APPOINTMENT_5099,3,3,1,0.0,1.522,0,0,48.98,0
3717,DOC_001,doctor,update_diagnosis,717861a2-ab2b-2d2a-6a8f-6388dbff69d2,2026-03-29 09:34:06,condition,CONDITION_1596,14,3,0,0.22,2.0,0,0,43.41,0
3718,DOC_003,doctor,create_prescription,dd0de87d-2596-9c38-a834-6f5246a48a51,2026-04-08 02:41:21,prescription,PRESCRIPTION_2531,12,14,1,0.05,1.922,0,0,44.57,0
3719,NUR_004,nurse,register_walkin,9cefc3e8-33f8-beac-d280-fb10e474151c,2026-04-14 02:51:32,appointment,APPOINTMENT_3172,28,13,1,0.03,1.842,0,0,68.5,0
3720,PATUSER_007,patient,book_appointment,21adc8c0-7e1e-5167-1ac1-5449a6a2c73f,2026-05-08 05:49:14,appointment,APPOINTMENT_4607,3,3,1,0.0,1.669,0,0,37.7,0
3721,PATUSER_012,patient,book_appointment,dd0de87d-2596-9c38-a834-6f5246a48a51,2026-03-26 11:34:32,appointment,APPOINTMENT_9665,5,3,0,0.0,1.837,0,0,61.71,0
3722,PATUSER_016,patient,book_appointment,d20dc49f-5674-961e-a123-6e3000654b95,2026-04-27 08:53:41,appointment,APPOINTMENT_2830,5,3,0,0.0,1.299,0,0,22.07,0
3723,DOC_003,doctor,view_record,b23941a4-269e-2ac4-8ced-75d1ac8b1b1d,2026-05-19 01:26:44,medical_record,MEDICAL_RECORD_1416,19,15,1,0.04,1.522,0,0,69.28,0
3724,DOC_015,doctor,view_record,e126e379-083f-ea08-0358-303361acf072,2026-04-21 12:05:31,medical_record,MEDICAL_RECORD_3778,19,15,0,0.03,1.149,0,0,68.63,0
3725,DOC_001,doctor,view_observation,88f931d5-4cfa-4be9-c6be-738d5fc8c215,2026-05-13 04:53:15,observation,OBSERVATION_6408,14,5,1,0.12,1.522,0,0,9.84,0
3726,ADM_003,admin,manage_user,235bd53d-07f7-5874-c952-5126acfab01e,2026-05-02 01:41:22,user,USER_4968,3,3,1,0.03,1.061,0,0,20.6,0
3727,NUR_003,nurse,update_queue,a82f0145-e797-d65d-bebf-e49dd38bac1e,2026-04-30 07:32:55,appointment,APPOINTMENT_3215,13,19,0,0.02,1.459,0,0,36.13,0
3728,PATUSER_019,patient,view_own_record,ad37dc95-561f-9348-6577-eff9b22d47c2,2026-03-25 01:23:13,medical_record,MEDICAL_RECORD_2058,2,2,1,0.0,1.53,0,0,57.57,0
3729,PATUSER_007,patient,view_own_record,ed1c3b46-34b9-221b-cb10-682e9ed9ddbd,2026-04-02 11:40:09,medical_record,MEDICAL_RECORD_1511,4,3,0,0.0,1.753,0,0,20.37,0
3730,DOC_005,doctor,view_record,d1e9c67e-e701-dbf5-aa21-bb9ae3751b97,2026-04-09 05:30:06,medical_record,MEDICAL_RECORD_5924,24,3,1,0.05,1.918,0,0,22.78,0
3731,ADM_002,admin,view_report,5e236a28-42bb-348c-3267-03ed1a052b40,2026-05-13 04:05:46,report,REPORT_8952,2,0,1,0.04,1.485,0,0,43.46,0
3732,PATUSER_018,patient,book_appointment,e94fc8e2-b867-5164-0607-5e5eb581b150,2026-05-14 11:44:05,appointment,APPOINTMENT_8787,2,1,0,0.0,1.252,1,0,14.6,0
3733,NUR_005,nurse,update_vitals,11b2d013-d581-7187-e88b-7a04781d307b,2026-05-01 03:09:46,observation,OBSERVATION_1060,27,22,1,0.02,0.811,0,0,18.74,0
3734,NUR_007,nurse,update_vitals,4ca3be26-4f97-27f0-32fa-6ea155eba23a,2026-05-17 09:43:26,observation,OBSERVATION_9192,23,21,0,0.07,1.811,0,0,72.11,0
3735,PATUSER_003,patient,cancel_appointment,e7fccc97-5df9-b27f-8322-44fd5b624936,2026-05-03 09:54:25,appointment,APPOINTMENT_1546,4,3,0,0.0,1.837,0,0,25.54,0
3736,ADM_002,admin,view_audit,3844e0c5-14c7-8f87-19b0-8f769b3bdd70,2026-03-26 07:28:33,audit,AUDIT_9032,11,4,0,0.05,1.658,0,0,27.33,0
3737,NUR_001,nurse,update_queue,ed1c3b46-34b9-221b-cb10-682e9ed9ddbd,2026-05-15 09:27:20,appointment,APPOINTMENT_8842,30,23,0,0.03,1.459,0,0,54.28,0
3738,PATUSER_009,patient,view_own_record,8db9c819-1c0b-c9a9-3e31-4b85f52201d2,2026-05-02 04:11:35,medical_record,MEDICAL_RECORD_3210,2,3,1,0.0,1.447,0,0,14.32,0
3739,PATUSER_001,patient,book_appointment,f8540aed-49fc-9dd6-b195-288635b1d17a,2026-04-04 01:30:27,appointment,APPOINTMENT_7643,4,2,1,0.0,1.826,0,0,32.53,0
3740,PATUSER_020,patient,book_appointment,dd0de87d-2596-9c38-a834-6f5246a48a51,2026-05-09 03:26:14,appointment,APPOINTMENT_3000,4,3,1,0.0,1.95,0,0,18.78,0
3741,NUR_001,nurse,update_queue,88f931d5-4cfa-4be9-c6be-738d5fc8c215,2026-04-01 00:54:06,appointment,APPOINTMENT_7124,11,22,1,0.03,1.936,0,0,23.36,0
3742,DOC_004,doctor,update_diagnosis,79402472-6884-1aca-759a-a23f36ee8dca,2026-04-01 08:49:34,condition,CONDITION_4190,17,11,0,0.2,1.846,0,0,14.72,0
3743,DOC_010,doctor,view_observation,07052ffe-5096-f813-923b-f3a32be34399,2026-04-05 03:27:18,observation,OBSERVATION_9057,16,13,1,0.07,1.971,0,0,30.25,0
3744,PATUSER_027,patient,view_own_record,21adc8c0-7e1e-5167-1ac1-5449a6a2c73f,2026-03-27 06:51:14,medical_record,MEDICAL_RECORD_1070,4,1,0,0.0,0.811,0,0,67.59,0
3745,DOC_015,doctor,view_observation,a82f0145-e797-d65d-bebf-e49dd38bac1e,2026-05-10 04:24:45,observation,OBSERVATION_8791,10,10,1,0.08,1.664,0,0,18.92,0
3746,PATUSER_021,patient,book_appointment,a992fe7d-cd9b-0ace-6e0b-f6f0b5f01fc3,2026-04-10 01:47:06,appointment,APPOINTMENT_9805,2,1,1,0.0,1.252,0,0,20.43,0
3747,PATUSER_028,patient,view_queue,20f1f5b5-38be-6554-7a24-9fcc8d4bd6c4,2026-05-08 09:30:19,queue,QUEUE_7068,4,3,0,0.0,1.669,0,0,55.33,0
3748,DOC_013,doctor,create_prescription,5dd32bff-9eaf-50ef-db4f-c6065be13792,2026-05-04 06:20:38,prescription,PRESCRIPTION_9723,23,14,0,0.16,1.46,0,0,30.57,0
3749,DOC_001,doctor,update_diagnosis,d1838618-2a96-9761-0b8d-89a92a022bcc,2026-04-21 20:08:58,condition,CONDITION_4027,51,73,0,0.82,1.95,1,0,156.65,1
3750,PATUSER_021,patient,cancel_appointment,f2df6bf3-460e-f410-cac9-472739e5df85,2026-04-13 09:54:54,appointment,APPOINTMENT_9849,6,3,0,0.0,0.918,0,0,8.79,0
3751,DOC_006,doctor,view_record,e8b56457-438e-7a2e-04ee-e0b2ec149f61,2026-04-24 04:08:03,medical_record,MEDICAL_RECORD_3758,9,13,1,0.08,1.573,0,0,31.28,0
3752,DOC_009,doctor,update_diagnosis,1290bba5-c164-4273-9694-c3ce92270ef2,2026-05-17 03:29:47,condition,CONDITION_2870,7,16,1,0.08,1.557,0,0,54.83,0
3753,DOC_013,doctor,view_record,cc4e166f-53eb-f57b-fb9c-72dddeeb448f,2026-04-11 08:19:28,medical_record,MEDICAL_RECORD_9087,20,9,0,0.11,1.5,0,0,23.32,0
3754,PATUSER_023,patient,view_own_record,c5d42b3b-72de-b953-545d-1de4cf59d279,2026-05-08 04:10:33,medical_record,MEDICAL_RECORD_4997,3,3,1,0.0,1.918,0,0,23.76,0
3755,PATUSER_018,patient,cancel_appointment,392c8ae6-3c3b-1ff7-c35c-4e64946db9b6,2026-05-12 03:29:08,appointment,APPOINTMENT_4637,1,3,1,0.0,1.918,0,0,69.84,0
3756,DOC_012,doctor,create_prescription,155649eb-5d3e-41ca-5a2c-78972a1721f4,2026-04-27 04:41:45,prescription,PRESCRIPTION_3297,5,12,1,0.14,1.685,0,0,39.86,0
3757,PATUSER_012,patient,view_own_record,b09b332a-a8b1-5541-6855-d6420f922505,2026-05-19 03:40:06,medical_record,MEDICAL_RECORD_7364,2,1,1,0.0,1.371,0,0,34.61,0
3758,NUR_002,nurse,update_vitals,b09b332a-a8b1-5541-6855-d6420f922505,2026-04-19 11:10:44,observation,OBSERVATION_1378,24,17,0,0.09,1.959,0,0,14.72,0
3759,PATUSER_007,patient,book_appointment,19e9c5a5-4114-0f95-e5e8-29cd6749d4e1,2026-05-19 11:55:58,appointment,APPOINTMENT_4166,1,3,0,0.0,1.449,0,0,28.65,0
3760,DOC_011,doctor,update_diagnosis,a992fe7d-cd9b-0ace-6e0b-f6f0b5f01fc3,2026-05-19 10:45:44,condition,CONDITION_5114,12,9,0,0.19,1.959,0,0,6.34,0
3761,PATUSER_024,patient,view_queue,e1571870-cf37-1c6b-c97f-c4ab9a32b172,2026-04-26 06:04:39,queue,QUEUE_7478,6,2,0,0.0,1.888,0,0,60.43,0
3762,DOC_015,doctor,update_diagnosis,754c6983-a899-1c3c-f51d-2af172b88b91,2026-04-13 11:48:55,condition,CONDITION_3882,20,3,0,0.17,0.722,0,0,55.88,0
3763,DOC_015,doctor,view_record,d1838618-2a96-9761-0b8d-89a92a022bcc,2026-04-08 09:07:10,medical_record,MEDICAL_RECORD_2388,18,5,0,0.21,1.459,0,0,47.55,0
3764,PATUSER_016,patient,view_audit,ad37dc95-561f-9348-6577-eff9b22d47c2,2026-05-09 16:46:15,audit,AUDIT_2655,77,27,0,0.84,2.085,1,1,130.42,1
3765,PATUSER_013,patient,cancel_appointment,392c8ae6-3c3b-1ff7-c35c-4e64946db9b6,2026-04-20 02:50:22,appointment,APPOINTMENT_9756,4,1,1,0.0,1.459,0,0,24.09,0
3766,PATUSER_030,patient,view_own_record,5e236a28-42bb-348c-3267-03ed1a052b40,2026-05-07 09:31:53,medical_record,MEDICAL_RECORD_8149,4,1,0,0.0,2.0,0,0,30.94,0
3767,PATUSER_006,patient,book_appointment,668a10b4-c005-0df3-522e-b068e0d29ea9,2026-05-01 08:18:58,appointment,APPOINTMENT_5868,4,3,0,0.0,1.449,0,0,17.37,0
3768,PATUSER_022,patient,view_queue,df4576f2-f38f-02c0-b20f-6153754c41a6,2026-04-22 11:22:34,queue,QUEUE_2333,6,3,0,0.0,1.371,0,0,31.81,0
3769,PATUSER_010,patient,view_queue,dda456b9-cd60-e91b-8a88-fd381a9e4611,2026-04-15 10:05:18,queue,QUEUE_8729,2,3,0,0.0,1.981,0,0,52.92,0
3770,DOC_005,doctor,update_diagnosis,5dd32bff-9eaf-50ef-db4f-c6065be13792,2026-04-13 09:07:09,condition,CONDITION_5911,23,11,0,0.1,1.823,0,0,51.87,0
3771,PATUSER_028,patient,view_queue,2925a752-da6a-ef1f-31aa-68b0c2ff5027,2026-04-23 03:10:38,queue,QUEUE_6039,6,3,1,0.0,0.811,0,0,31.27,0
3772,DOC_001,doctor,view_observation,7f857501-0257-2c7f-2e8f-9886705681f3,2026-03-25 05:46:52,observation,OBSERVATION_2032,5,10,1,0.1,0.811,1,0,67.88,0
3773,DOC_009,doctor,update_diagnosis,2b31de7e-3596-37c7-1d46-db12d82e73ef,2026-04-21 11:42:38,condition,CONDITION_5159,10,18,0,0.16,1.891,0,0,33.03,0
3774,PATUSER_022,patient,view_queue,4f0c6acb-066b-1f8d-228d-5e5a973d1fef,2026-04-01 09:11:28,queue,QUEUE_5173,4,2,0,0.0,0.971,0,0,24.44,0
3775,NUR_004,nurse,register_walkin,744a7169-4e89-61ff-27f2-3c736abf4368,2026-03-28 05:53:11,appointment,APPOINTMENT_5036,25,13,1,0.1,1.0,0,0,58.27,0
3776,PATUSER_021,patient,view_queue,df4576f2-f38f-02c0-b20f-6153754c41a6,2026-05-04 05:38:46,queue,QUEUE_4290,2,1,1,0.0,1.837,0,0,61.63,0
3777,DOC_004,doctor,view_observation,8fcbd58f-7e61-d74d-9b35-46d267ecbbd3,2026-05-19 05:11:51,observation,OBSERVATION_6611,12,4,1,0.03,1.936,0,0,8.84,0
3778,PATUSER_019,patient,cancel_appointment,ed1c3b46-34b9-221b-cb10-682e9ed9ddbd,2026-04-02 07:14:30,appointment,APPOINTMENT_3346,1,3,0,0.0,1.918,0,0,51.19,0
3779,ADM_001,admin,view_report,9cefc3e8-33f8-beac-d280-fb10e474151c,2026-05-18 06:59:32,report,REPORT_6637,7,5,0,0.01,1.5,1,0,18.26,0
3780,PATUSER_005,patient,view_queue,b23941a4-269e-2ac4-8ced-75d1ac8b1b1d,2026-04-03 06:39:07,queue,QUEUE_4398,1,3,0,0.0,1.5,0,0,25.84,0
3781,PATUSER_008,patient,cancel_appointment,57b901cb-d3d2-258c-2773-57008eb32345,2026-04-12 10:55:54,appointment,APPOINTMENT_8936,6,2,0,0.0,1.784,0,0,35.53,0
3782,DOC_014,doctor,view_observation,9cefc3e8-33f8-beac-d280-fb10e474151c,2026-05-16 10:42:41,observation,OBSERVATION_6727,10,6,0,0.16,1.922,0,0,60.66,0
3783,PATUSER_011,patient,view_own_record,f84719a0-d28d-ec20-64a8-a17992dcd9ac,2026-05-03 08:31:29,medical_record,MEDICAL_RECORD_1646,3,1,0,0.0,1.5,0,0,17.7,0
3784,DOC_001,doctor,create_prescription,19e9c5a5-4114-0f95-e5e8-29cd6749d4e1,2026-04-13 01:27:24,prescription,PRESCRIPTION_6151,24,3,1,0.1,1.826,0,0,71.47,0
3785,DOC_004,doctor,view_observation,20f1f5b5-38be-6554-7a24-9fcc8d4bd6c4,2026-05-06 09:16:06,observation,OBSERVATION_9056,21,8,0,0.15,1.557,0,0,22.65,0
3786,PATUSER_013,patient,view_own_record,b4679b26-64ac-c348-6667-1e9093ae866f,2026-04-11 08:46:42,medical_record,MEDICAL_RECORD_1597,2,1,0,0.0,0.918,0,0,50.06,0
3787,DOC_005,doctor,create_prescription,c95c96d5-ac6e-6ab6-143b-6da3e3923f39,2026-04-19 03:55:40,prescription,PRESCRIPTION_9038,22,15,1,0.2,1.975,0,0,59.25,0
3788,PATUSER_028,patient,cancel_appointment,ea7deb48-7fa5-3406-28b9-051b0c18d363,2026-04-15 02:39:33,appointment,APPOINTMENT_7421,5,2,1,0.0,1.549,0,0,15.48,0
3789,DOC_013,doctor,view_observation,2d457e3d-90cb-357e-f7e0-3014068d2f29,2026-04-23 07:31:32,observation,OBSERVATION_4232,8,16,0,0.12,1.895,0,0,12.45,0
3790,ADM_002,admin,view_report,79402472-6884-1aca-759a-a23f36ee8dca,2026-05-18 04:35:34,report,REPORT_6421,14,1,1,0.03,0.811,0,0,36.74,0
3791,PATUSER_023,patient,cancel_appointment,0369610a-4641-e2d5-80b2-844b2bd99f16,2026-05-21 02:25:22,appointment,APPOINTMENT_3855,2,2,1,0.0,1.936,0,0,21.37,0
3792,PATUSER_008,patient,view_queue,9cefc3e8-33f8-beac-d280-fb10e474151c,2026-05-15 10:30:28,queue,QUEUE_6437,2,1,0,0.0,1.792,0,0,37.34,0
3793,PATUSER_017,patient,cancel_appointment,465dd060-e77a-9924-0d7a-75d52d39a714,2026-03-27 02:23:21,appointment,APPOINTMENT_5934,5,2,1,0.0,1.76,1,0,5.9,0
3794,PATUSER_018,patient,cancel_appointment,910f9d72-b5f2-60bf-8302-274ac5d74635,2026-05-07 00:53:19,appointment,APPOINTMENT_2534,5,1,1,0.0,1.895,0,0,18.38,0
3795,PATUSER_012,patient,book_appointment,054e161c-d33f-0970-2018-1f19582e0813,2026-05-11 10:09:49,appointment,APPOINTMENT_8232,6,1,0,0.0,1.842,0,0,43.03,0
3796,DOC_005,doctor,update_diagnosis,8fcbd58f-7e61-d74d-9b35-46d267ecbbd3,2026-05-18 03:10:30,condition,CONDITION_2743,16,18,1,0.07,1.906,0,0,10.42,0
3797,PATUSER_025,patient,view_record,d5d8b210-bca5-a9ce-0711-3d09468bfe47,2026-05-06 19:34:55,medical_record,MEDICAL_RECORD_5886,59,44,0,0.65,2.197,0,1,252.02,1
3798,PATUSER_011,patient,book_appointment,e8b56457-438e-7a2e-04ee-e0b2ec149f61,2026-04-01 01:06:59,appointment,APPOINTMENT_2390,2,1,1,0.0,1.918,0,0,28.81,0
3799,ADM_002,admin,view_report,11b2d013-d581-7187-e88b-7a04781d307b,2026-04-09 08:19:23,report,REPORT_4566,14,1,0,0.09,1.95,0,0,52.23,0
3800,DOC_005,doctor,update_diagnosis,dd0de87d-2596-9c38-a834-6f5246a48a51,2026-05-06 05:37:34,condition,CONDITION_6730,21,8,1,0.07,1.585,0,0,60.93,0
3801,NUR_005,nurse,update_queue,d1838618-2a96-9761-0b8d-89a92a022bcc,2026-03-30 07:35:49,appointment,APPOINTMENT_1976,9,16,0,0.11,0.918,0,0,22.38,0
3802,PATUSER_005,patient,view_own_record,754c6983-a899-1c3c-f51d-2af172b88b91,2026-05-17 11:02:06,medical_record,MEDICAL_RECORD_1716,6,1,0,0.0,1.95,0,0,28.12,0
3803,PATUSER_005,patient,book_appointment,8db9c819-1c0b-c9a9-3e31-4b85f52201d2,2026-04-17 05:53:59,appointment,APPOINTMENT_7715,1,2,1,0.0,1.669,0,0,20.28,0
3804,DOC_013,doctor,view_record,1290bba5-c164-4273-9694-c3ce92270ef2,2026-04-08 09:18:24,medical_record,MEDICAL_RECORD_1580,6,6,0,0.11,2.0,0,0,55.29,0
3805,PATUSER_013,patient,book_appointment,d20dc49f-5674-961e-a123-6e3000654b95,2026-04-18 02:17:38,appointment,APPOINTMENT_8255,2,3,1,0.0,1.842,0,0,71.32,0
3806,PATUSER_002,patient,view_own_record,79402472-6884-1aca-759a-a23f36ee8dca,2026-04-22 03:25:05,medical_record,MEDICAL_RECORD_6704,2,2,1,0.0,1.5,0,0,40.12,0
3807,DOC_011,doctor,view_record,d1838618-2a96-9761-0b8d-89a92a022bcc,2026-04-05 00:40:39,medical_record,MEDICAL_RECORD_3661,12,9,1,0.15,-0.0,0,0,66.57,0
3808,PATUSER_027,patient,book_appointment,ad37dc95-561f-9348-6577-eff9b22d47c2,2026-04-02 03:32:24,appointment,APPOINTMENT_9854,3,1,1,0.0,1.371,0,0,29.82,0
3809,PATUSER_028,patient,view_audit,3eee4689-2d02-6ec9-c257-42b3adfdcd70,2026-05-01 21:17:14,audit,AUDIT_3112,69,56,0,0.76,1.753,0,1,236.37,1
3810,PATUSER_017,patient,view_own_record,047f3ed4-bdea-7cd6-6e80-8537a3979cc6,2026-04-24 09:13:48,medical_record,MEDICAL_RECORD_4754,4,1,0,0.0,1.936,0,0,46.49,0
3811,PATUSER_012,patient,view_queue,88f931d5-4cfa-4be9-c6be-738d5fc8c215,2026-04-14 01:10:04,queue,QUEUE_6702,1,2,1,0.0,2.0,0,0,25.23,0
3812,DOC_004,doctor,view_observation,843d8b33-f833-1324-2aa6-e07c91e49204,2026-04-22 07:00:09,observation,OBSERVATION_6649,12,13,0,0.07,1.449,0,0,74.57,0
3813,PATUSER_017,patient,book_appointment,073b376b-9659-3e78-c6a6-a08b74d710da,2026-05-17 10:35:09,appointment,APPOINTMENT_3082,1,3,0,0.0,1.557,0,0,62.97,0
3814,PATUSER_005,patient,cancel_appointment,1290bba5-c164-4273-9694-c3ce92270ef2,2026-04-05 09:25:28,appointment,APPOINTMENT_5461,6,3,0,0.0,1.975,0,0,14.98,0
3815,PATUSER_001,patient,view_own_record,11b2d013-d581-7187-e88b-7a04781d307b,2026-04-04 07:16:02,medical_record,MEDICAL_RECORD_9925,2,3,0,0.0,1.371,0,0,31.04,0
3816,PATUSER_007,patient,view_queue,5e236a28-42bb-348c-3267-03ed1a052b40,2026-04-15 01:08:15,queue,QUEUE_9716,2,3,1,0.0,1.5,0,0,21.27,0
3817,NUR_006,nurse,update_vitals,5dd32bff-9eaf-50ef-db4f-c6065be13792,2026-04-16 08:35:20,observation,OBSERVATION_2471,13,16,0,0.06,1.859,0,0,17.9,0
3818,PATUSER_029,patient,book_appointment,9b5ce034-80bf-4c6b-f400-3a89fc0d135b,2026-05-18 10:54:44,appointment,APPOINTMENT_9585,4,3,0,0.0,1.825,0,0,47.56,0
3819,PATUSER_002,patient,view_own_record,12a088f3-264b-6a9f-9a57-678747110969,2026-04-18 09:47:59,medical_record,MEDICAL_RECORD_3760,5,1,0,0.0,1.959,0,0,33.6,0
3820,PATUSER_009,patient,view_queue,a24f1dcf-ef87-f609-183a-d00bcc9b7292,2026-05-20 08:55:13,queue,QUEUE_8784,6,3,0,0.0,1.561,0,0,61.29,0
3821,PATUSER_003,patient,book_appointment,c5d42b3b-72de-b953-545d-1de4cf59d279,2026-04-17 09:57:56,appointment,APPOINTMENT_5400,4,2,0,0.0,1.837,0,0,61.47,0
3822,DOC_013,doctor,create_prescription,fb36d3d9-666c-c4c2-bb96-c9195538d4df,2026-03-31 10:22:10,prescription,PRESCRIPTION_4787,24,14,0,0.05,1.842,0,0,45.35,0
3823,PATUSER_018,patient,cancel_appointment,b4679b26-64ac-c348-6667-1e9093ae866f,2026-04-05 00:49:34,appointment,APPOINTMENT_5918,4,2,1,0.0,1.685,0,0,12.26,0
3824,PATUSER_030,patient,view_own_record,4642b627-0caa-32c4-a7cd-87689252d332,2026-05-14 00:42:10,medical_record,MEDICAL_RECORD_1158,5,2,1,0.0,1.614,0,0,41.19,0
3825,PATUSER_023,patient,cancel_appointment,9cefc3e8-33f8-beac-d280-fb10e474151c,2026-04-09 01:14:53,appointment,APPOINTMENT_5784,2,1,1,0.0,1.811,0,0,71.04,0
3826,PATUSER_028,patient,update_diagnosis,8e21cb1f-b016-dda9-1d06-c920c24a0b37,2026-04-10 15:30:41,condition,CONDITION_4750,51,55,0,0.78,1.5,1,1,194.42,1
3827,PATUSER_018,patient,view_queue,e60a6ecc-5639-5800-4bf2-8e8a2865e55c,2026-05-04 00:29:56,queue,QUEUE_8762,1,2,1,0.0,1.5,0,0,40.44,0
3828,PATUSER_015,patient,cancel_appointment,073b376b-9659-3e78-c6a6-a08b74d710da,2026-05-20 06:58:20,appointment,APPOINTMENT_1151,3,3,0,0.0,0.918,0,0,6.42,0
3829,DOC_003,doctor,view_record,b23941a4-269e-2ac4-8ced-75d1ac8b1b1d,2026-04-01 15:34:08,medical_record,MEDICAL_RECORD_7777,44,46,0,0.96,1.846,1,0,239.82,1
3830,DOC_015,doctor,view_record,8e21cb1f-b016-dda9-1d06-c920c24a0b37,2026-05-09 05:57:06,medical_record,MEDICAL_RECORD_2025,17,12,1,0.07,1.459,0,0,23.56,0
3831,DOC_015,doctor,create_prescription,cc4e166f-53eb-f57b-fb9c-72dddeeb448f,2026-04-15 06:02:42,prescription,PRESCRIPTION_8871,9,3,0,0.1,1.891,0,0,23.34,0
3832,NUR_005,nurse,view_appointment,11b2d013-d581-7187-e88b-7a04781d307b,2026-05-07 11:08:02,appointment,APPOINTMENT_9762,21,19,0,0.02,1.859,0,0,27.79,0
3833,PATUSER_030,patient,view_own_record,9e25d332-9229-0803-ad9f-ca235142458e,2026-05-22 04:32:09,medical_record,MEDICAL_RECORD_4723,6,1,1,0.0,1.658,0,0,27.99,0
3834,PATUSER_005,patient,view_own_record,a82f0145-e797-d65d-bebf-e49dd38bac1e,2026-04-08 01:34:17,medical_record,MEDICAL_RECORD_7063,1,3,1,0.0,1.73,0,0,48.8,0
3835,PATUSER_028,patient,cancel_appointment,f8540aed-49fc-9dd6-b195-288635b1d17a,2026-04-09 02:54:29,appointment,APPOINTMENT_1059,3,3,1,0.0,1.549,0,0,57.63,0
3836,PATUSER_011,patient,book_appointment,820d39a0-d304-2b9d-25a8-d705deede745,2026-05-16 11:34:10,appointment,APPOINTMENT_6552,5,3,0,0.0,1.406,0,0,47.45,0
3837,DOC_008,doctor,update_diagnosis,d5d8b210-bca5-a9ce-0711-3d09468bfe47,2026-05-16 09:03:34,condition,CONDITION_7031,12,9,0,0.12,1.585,0,0,28.49,0
3838,NUR_004,nurse,view_appointment,910f9d72-b5f2-60bf-8302-274ac5d74635,2026-04-06 10:01:03,appointment,APPOINTMENT_1547,28,21,0,0.0,1.918,0,0,27.33,0
3839,PATUSER_025,patient,cancel_appointment,8c562216-cb73-0829-2fa4-123468939df6,2026-05-21 11:40:02,appointment,APPOINTMENT_2122,5,2,0,0.0,1.761,0,0,38.97,0
3840,DOC_003,doctor,create_prescription,4ca3be26-4f97-27f0-32fa-6ea155eba23a,2026-04-07 02:07:01,prescription,PRESCRIPTION_5064,12,6,1,0.07,1.557,0,0,16.06,0
3841,PATUSER_017,patient,view_own_record,047f3ed4-bdea-7cd6-6e80-8537a3979cc6,2026-03-31 09:19:09,medical_record,MEDICAL_RECORD_8511,3,3,0,0.0,1.891,0,0,25.13,0
3842,NUR_005,nurse,update_vitals,6367a5b3-1689-57b4-634f-693bb600e552,2026-05-11 01:32:20,observation,OBSERVATION_1856,18,11,1,0.04,1.5,0,0,73.01,0
3843,NUR_001,nurse,update_vitals,f5de0af7-bfb4-270e-8175-e12515583ea8,2026-04-08 02:34:46,observation,OBSERVATION_5844,29,21,1,0.04,2.0,0,0,49.47,0
3844,PATUSER_024,patient,view_own_record,5dd32bff-9eaf-50ef-db4f-c6065be13792,2026-03-30 02:02:05,medical_record,MEDICAL_RECORD_7599,4,3,1,0.0,1.557,0,0,64.92,0
3845,DOC_001,doctor,create_prescription,820d39a0-d304-2b9d-25a8-d705deede745,2026-03-30 06:54:41,prescription,PRESCRIPTION_1504,18,11,0,0.17,1.792,0,0,46.01,0
3846,PATUSER_005,patient,cancel_appointment,c5d42b3b-72de-b953-545d-1de4cf59d279,2026-04-18 08:02:42,appointment,APPOINTMENT_1855,3,1,0,0.0,1.459,0,0,40.7,0
3847,PATUSER_027,patient,cancel_appointment,dd0de87d-2596-9c38-a834-6f5246a48a51,2026-03-27 03:02:09,appointment,APPOINTMENT_3943,3,1,1,0.0,1.906,0,0,63.19,0
3848,PATUSER_017,patient,book_appointment,57b901cb-d3d2-258c-2773-57008eb32345,2026-04-21 09:30:59,appointment,APPOINTMENT_3912,2,2,0,0.0,1.522,0,0,53.1,0
3849,PATUSER_019,patient,view_own_record,10751dec-9152-b658-beeb-ba433fbb9213,2026-04-07 01:05:06,medical_record,MEDICAL_RECORD_5744,1,1,1,0.0,1.792,0,0,20.24,0
3850,NUR_007,nurse,update_vitals,7bbc22dd-2b36-8b49-3bcc-14c25dafd13e,2026-05-16 03:00:55,observation,OBSERVATION_5728,12,20,1,0.05,0.811,0,0,5.19,0
3851,PATUSER_017,patient,cancel_appointment,a24f1dcf-ef87-f609-183a-d00bcc9b7292,2026-05-07 01:03:08,appointment,APPOINTMENT_9324,4,1,1,0.0,1.557,0,0,12.2,0
3852,PATUSER_023,patient,view_own_record,ad37dc95-561f-9348-6577-eff9b22d47c2,2026-05-20 10:33:10,medical_record,MEDICAL_RECORD_7330,1,2,0,0.0,1.722,0,0,18.97,0
3853,PATUSER_021,patient,cancel_appointment,4f0c6acb-066b-1f8d-228d-5e5a973d1fef,2026-04-08 00:42:37,appointment,APPOINTMENT_6018,3,2,1,0.0,1.406,0,0,9.41,0
3854,PATUSER_026,patient,view_own_record,57b901cb-d3d2-258c-2773-57008eb32345,2026-05-07 04:44:56,medical_record,MEDICAL_RECORD_9210,4,3,1,0.0,1.449,0,0,31.16,0
3855,PATUSER_011,patient,update_diagnosis,9e25d332-9229-0803-ad9f-ca235142458e,2026-05-10 18:11:16,condition,CONDITION_9514,80,29,0,0.79,2.23,0,1,290.88,1
3856,PATUSER_011,patient,view_queue,3bc81e09-7091-bc59-a58a-39b485d9e48b,2026-05-17 06:53:41,queue,QUEUE_2255,1,1,0,0.0,1.459,0,0,66.78,0
3857,PATUSER_011,patient,view_own_record,bfb0d055-557b-4579-1a3b-78cc2ead82c9,2026-05-06 09:54:39,medical_record,MEDICAL_RECORD_2667,5,2,0,0.0,1.906,0,0,68.54,0
3858,DOC_002,doctor,view_record,b23941a4-269e-2ac4-8ced-75d1ac8b1b1d,2026-04-10 10:01:11,medical_record,MEDICAL_RECORD_2459,12,11,0,0.09,1.73,0,0,8.42,0
3859,ADM_002,admin,view_report,20f1f5b5-38be-6554-7a24-9fcc8d4bd6c4,2026-04-28 06:49:50,report,REPORT_5527,5,1,0,0.1,1.988,0,0,6.84,0
3860,PATUSER_011,patient,cancel_appointment,11b2d013-d581-7187-e88b-7a04781d307b,2026-04-04 02:25:05,appointment,APPOINTMENT_4074,3,3,1,0.0,1.922,0,0,12.98,0
3861,PATUSER_019,patient,view_own_record,d5d8b210-bca5-a9ce-0711-3d09468bfe47,2026-05-22 02:02:41,medical_record,MEDICAL_RECORD_4697,2,3,1,0.0,1.0,0,0,66.44,0
3862,NUR_007,nurse,update_queue,4ca3be26-4f97-27f0-32fa-6ea155eba23a,2026-05-19 10:33:56,appointment,APPOINTMENT_5184,27,25,0,0.06,1.906,0,0,38.41,0
3863,ADM_002,admin,manage_user,054e161c-d33f-0970-2018-1f19582e0813,2026-04-25 09:35:49,user,USER_6011,14,7,0,0.01,1.891,0,0,52.32,0
3864,PATUSER_011,patient,book_appointment,b3c9a883-40ea-1452-7b76-62e552e033d2,2026-04-19 11:21:46,appointment,APPOINTMENT_4105,1,1,0,0.0,1.971,0,0,57.5,0
3865,PATUSER_019,patient,view_queue,3c6d02df-84f2-f9e2-8e09-852349757293,2026-04-29 06:09:32,queue,QUEUE_9424,3,1,0,0.0,1.837,0,0,26.41,0
3866,PATUSER_009,patient,view_own_record,668a10b4-c005-0df3-522e-b068e0d29ea9,2026-05-09 08:09:54,medical_record,MEDICAL_RECORD_4210,6,3,0,0.0,1.53,0,0,36.33,0
3867,DOC_008,doctor,create_prescription,917ffe5d-46b2-36f1-0de8-35e5ed017fa7,2026-05-21 11:09:50,prescription,PRESCRIPTION_5229,21,6,0,0.17,1.95,0,0,39.2,0
3868,DOC_008,doctor,view_record,5dd32bff-9eaf-50ef-db4f-c6065be13792,2026-04-12 10:00:06,medical_record,MEDICAL_RECORD_9064,11,11,0,0.04,1.0,0,0,66.2,0
3869,DOC_001,doctor,create_prescription,19e9c5a5-4114-0f95-e5e8-29cd6749d4e1,2026-04-29 11:40:22,prescription,PRESCRIPTION_4581,20,15,0,0.22,1.5,0,0,40.58,0
3870,DOC_015,doctor,view_observation,3c6d02df-84f2-f9e2-8e09-852349757293,2026-05-07 02:57:39,observation,OBSERVATION_4942,22,8,1,0.19,1.888,0,0,62.81,0
3871,PATUSER_026,patient,view_own_record,2d457e3d-90cb-357e-f7e0-3014068d2f29,2026-04-08 09:51:36,medical_record,MEDICAL_RECORD_2768,4,3,0,0.0,1.888,0,0,50.88,0
3872,PATUSER_006,patient,cancel_appointment,bfb0d055-557b-4579-1a3b-78cc2ead82c9,2026-04-18 03:45:45,appointment,APPOINTMENT_2593,1,1,1,0.0,1.585,0,0,6.97,0
3873,PATUSER_010,patient,book_appointment,8fcbd58f-7e61-d74d-9b35-46d267ecbbd3,2026-05-22 11:20:34,appointment,APPOINTMENT_5734,2,3,0,0.0,1.435,0,0,57.2,0
3874,PATUSER_006,patient,view_own_record,5dd32bff-9eaf-50ef-db4f-c6065be13792,2026-05-19 01:45:02,medical_record,MEDICAL_RECORD_2689,1,1,1,0.0,1.846,0,0,62.72,0
3875,ADM_002,admin,update_schedule,79402472-6884-1aca-759a-a23f36ee8dca,2026-05-05 09:42:23,schedule,SCHEDULE_9609,14,6,0,0.05,0.811,0,0,29.38,0
3876,DOC_003,doctor,view_observation,d1838618-2a96-9761-0b8d-89a92a022bcc,2026-04-21 02:50:40,observation,OBSERVATION_5616,19,9,1,0.12,1.5,0,0,44.56,0
3877,DOC_005,doctor,view_observation,235bd53d-07f7-5874-c952-5126acfab01e,2026-04-07 09:14:50,observation,OBSERVATION_8314,11,5,0,0.14,1.918,0,0,61.21,0
3878,NUR_003,nurse,update_queue,cc4e166f-53eb-f57b-fb9c-72dddeeb448f,2026-04-16 08:52:58,appointment,APPOINTMENT_2791,13,14,0,0.01,1.5,0,0,19.93,0
3879,NUR_003,nurse,view_appointment,a2ff83e0-2cc0-50a4-b008-52a1add72ced,2026-04-28 04:09:29,appointment,APPOINTMENT_9847,16,10,1,0.06,1.371,0,0,17.12,0
3880,PATUSER_026,patient,view_queue,f2df6bf3-460e-f410-cac9-472739e5df85,2026-04-24 06:41:55,queue,QUEUE_9531,2,1,0,0.0,1.842,1,0,33.51,0
3881,PATUSER_025,patient,view_own_record,917ffe5d-46b2-36f1-0de8-35e5ed017fa7,2026-03-29 10:52:14,medical_record,MEDICAL_RECORD_4978,1,1,0,0.0,1.895,0,0,45.02,0
3882,PATUSER_018,patient,cancel_appointment,820d39a0-d304-2b9d-25a8-d705deede745,2026-05-04 10:54:27,appointment,APPOINTMENT_1313,4,2,0,0.0,1.0,0,0,24.77,0
3883,NUR_003,nurse,update_vitals,f8540aed-49fc-9dd6-b195-288635b1d17a,2026-04-16 11:29:08,observation,OBSERVATION_6926,9,9,0,0.04,1.5,0,0,60.67,0
3884,PATUSER_020,patient,view_queue,0e697a7b-149b-602d-af6f-7e76ca18c5d7,2026-05-21 06:41:25,queue,QUEUE_4860,5,3,0,0.0,1.459,0,0,19.14,0
3885,PATUSER_017,patient,book_appointment,3bc81e09-7091-bc59-a58a-39b485d9e48b,2026-04-09 03:52:43,appointment,APPOINTMENT_2318,2,3,1,0.0,1.522,0,0,39.84,0
3886,PATUSER_011,patient,book_appointment,21b4ddc5-081e-1ecd-3573-f2ea42677b66,2026-04-11 11:07:34,appointment,APPOINTMENT_3158,1,2,0,0.0,1.585,0,0,50.82,0
3887,DOC_003,doctor,view_record,754c6983-a899-1c3c-f51d-2af172b88b91,2026-04-06 10:55:23,medical_record,MEDICAL_RECORD_7147,19,12,0,0.04,1.971,0,0,58.33,0
3888,DOC_006,doctor,view_record,0369610a-4641-e2d5-80b2-844b2bd99f16,2026-03-28 06:21:38,medical_record,MEDICAL_RECORD_3739,24,3,0,0.19,1.371,0,0,73.17,0
3889,PATUSER_024,patient,view_own_record,3bc81e09-7091-bc59-a58a-39b485d9e48b,2026-03-25 03:36:40,medical_record,MEDICAL_RECORD_1407,2,2,1,0.0,1.522,0,0,64.55,0
3890,PATUSER_016,patient,book_appointment,717861a2-ab2b-2d2a-6a8f-6388dbff69d2,2026-04-23 02:27:16,appointment,APPOINTMENT_3788,2,3,1,0.0,1.198,0,0,47.8,0
3891,PATUSER_010,patient,book_appointment,3408cffd-cbea-0de1-e3a8-8b0b86bb5637,2026-04-02 02:43:35,appointment,APPOINTMENT_8425,1,1,1,0.0,2.0,0,0,7.86,0
3892,PATUSER_020,patient,book_appointment,79402472-6884-1aca-759a-a23f36ee8dca,2026-04-23 00:52:06,appointment,APPOINTMENT_3641,6,1,1,0.0,1.922,0,0,65.51,0
3893,PATUSER_023,patient,cancel_appointment,dd55f477-af88-4543-f8c0-dca25a96c4cb,2026-04-14 03:40:57,appointment,APPOINTMENT_9887,5,3,1,0.0,2.0,0,0,68.07,0
3894,NUR_003,nurse,update_vitals,ed1c3b46-34b9-221b-cb10-682e9ed9ddbd,2026-05-14 01:25:50,observation,OBSERVATION_8360,25,17,1,0.05,1.371,0,0,50.38,0
3895,PATUSER_014,patient,view_record,7f857501-0257-2c7f-2e8f-9886705681f3,2026-04-10 16:09:04,medical_record,MEDICAL_RECORD_7829,55,69,0,0.93,2.197,1,1,221.14,1
3896,DOC_012,doctor,view_record,a992fe7d-cd9b-0ace-6e0b-f6f0b5f01fc3,2026-05-02 03:08:58,medical_record,MEDICAL_RECORD_6826,12,4,1,0.21,1.379,0,0,52.13,0
3897,PATUSER_025,patient,view_queue,83948281-33ad-4a11-0a3d-04484caf2ab9,2026-04-06 03:00:10,queue,QUEUE_1685,6,1,1,0.0,1.888,0,0,33.95,0
3898,DOC_002,doctor,view_observation,2b31de7e-3596-37c7-1d46-db12d82e73ef,2026-04-29 03:02:19,observation,OBSERVATION_4808,9,3,1,0.16,1.95,0,0,65.88,0
3899,PATUSER_009,patient,view_own_record,21b4ddc5-081e-1ecd-3573-f2ea42677b66,2026-05-17 00:31:36,medical_record,MEDICAL_RECORD_5756,1,1,1,0.0,1.551,0,0,20.25,0
3900,DOC_007,doctor,view_observation,9cefc3e8-33f8-beac-d280-fb10e474151c,2026-04-05 10:13:47,observation,OBSERVATION_1840,10,16,0,0.08,1.922,0,0,60.91,0
3901,ADM_002,admin,update_schedule,c5d42b3b-72de-b953-545d-1de4cf59d279,2026-04-15 03:45:45,schedule,SCHEDULE_5199,4,8,1,0.02,1.826,0,0,31.24,0
3902,PATUSER_008,patient,cancel_appointment,d998bd61-bed8-3eb5-dcb5-297579cf936f,2026-04-08 03:16:35,appointment,APPOINTMENT_8057,1,3,1,0.0,1.522,1,0,12.46,0
3903,PATUSER_005,patient,book_appointment,c72a8c6e-1dfd-0a8b-20e7-066eadd4931c,2026-05-23 04:48:31,appointment,APPOINTMENT_4356,6,1,1,0.0,1.0,1,0,24.11,0
3904,DOC_015,doctor,view_record,671064b5-039b-51a8-7e40-8e6baa0a7e35,2026-05-12 07:42:28,medical_record,MEDICAL_RECORD_4948,14,5,0,0.08,1.459,0,0,58.1,0
3905,PATUSER_012,patient,view_own_record,820d39a0-d304-2b9d-25a8-d705deede745,2026-05-09 09:49:11,medical_record,MEDICAL_RECORD_2885,1,2,0,0.0,1.868,0,0,45.6,0
3906,PATUSER_027,patient,view_own_record,7bbc22dd-2b36-8b49-3bcc-14c25dafd13e,2026-04-30 06:31:58,medical_record,MEDICAL_RECORD_1463,2,2,0,0.0,1.379,0,0,25.44,0
3907,NUR_007,nurse,update_vitals,f8540aed-49fc-9dd6-b195-288635b1d17a,2026-03-26 04:27:24,observation,OBSERVATION_5868,28,18,1,0.03,1.459,0,0,43.76,0
3908,PATUSER_006,patient,view_queue,a82f0145-e797-d65d-bebf-e49dd38bac1e,2026-05-07 01:21:39,queue,QUEUE_6027,6,2,1,0.0,1.846,0,0,47.09,0
3909,PATUSER_012,patient,cancel_appointment,dda456b9-cd60-e91b-8a88-fd381a9e4611,2026-05-20 12:01:30,appointment,APPOINTMENT_2061,2,2,0,0.0,0.971,0,0,74.92,0
3910,PATUSER_022,patient,cancel_appointment,d5d8b210-bca5-a9ce-0711-3d09468bfe47,2026-05-06 03:56:50,appointment,APPOINTMENT_5891,3,1,1,0.0,1.936,0,0,55.63,0
3911,ADM_002,admin,update_schedule,2d457e3d-90cb-357e-f7e0-3014068d2f29,2026-05-11 06:51:29,schedule,SCHEDULE_7942,12,5,0,0.03,1.522,0,0,40.99,0
3912,DOC_001,doctor,view_observation,ea7deb48-7fa5-3406-28b9-051b0c18d363,2026-04-01 01:08:23,observation,OBSERVATION_2513,20,12,1,0.15,1.5,0,0,29.82,0
3913,DOC_004,doctor,view_observation,a8bef5c2-6743-79e8-8477-bc3b6244c334,2026-03-30 08:29:49,observation,OBSERVATION_2262,5,9,0,0.0,1.855,0,0,29.27,0
3914,DOC_003,doctor,create_prescription,744a7169-4e89-61ff-27f2-3c736abf4368,2026-04-28 20:11:16,prescription,PRESCRIPTION_5362,87,44,0,0.97,1.834,0,0,250.23,1
3915,DOC_012,doctor,create_prescription,f8540aed-49fc-9dd6-b195-288635b1d17a,2026-05-21 06:07:12,prescription,PRESCRIPTION_1427,6,3,0,0.02,1.75,0,0,12.3,0
3916,PATUSER_029,patient,view_own_record,1f534514-2f45-191e-04b4-ad9e93bdf422,2026-04-27 01:14:39,medical_record,MEDICAL_RECORD_9336,3,3,1,0.0,1.837,0,0,50.44,0
3917,PATUSER_002,patient,book_appointment,c5d42b3b-72de-b953-545d-1de4cf59d279,2026-04-01 09:22:07,appointment,APPOINTMENT_3361,3,2,0,0.0,1.522,0,0,51.06,0
3918,PATUSER_016,patient,view_own_record,6383af50-c8f6-0c22-1dd4-6ee2be572cb1,2026-04-06 08:35:29,medical_record,MEDICAL_RECORD_6763,5,2,0,0.0,1.557,0,0,58.59,0
3919,PATUSER_014,patient,view_own_record,3bc81e09-7091-bc59-a58a-39b485d9e48b,2026-04-01 02:35:36,medical_record,MEDICAL_RECORD_7498,5,1,1,0.0,1.891,0,0,53.88,0
3920,DOC_001,doctor,view_record,671064b5-039b-51a8-7e40-8e6baa0a7e35,2026-04-22 05:32:39,medical_record,MEDICAL_RECORD_4197,18,18,1,0.05,1.0,0,0,53.82,0
3921,NUR_003,nurse,register_walkin,19e9c5a5-4114-0f95-e5e8-29cd6749d4e1,2026-04-11 07:01:32,appointment,APPOINTMENT_7496,30,22,0,0.08,1.5,0,0,34.18,0
3922,PATUSER_019,patient,book_appointment,bee08b10-0c18-396e-9f8a-03e41691509b,2026-04-26 01:09:59,appointment,APPOINTMENT_4785,6,1,1,0.0,1.753,0,0,47.58,0
3923,DOC_013,doctor,view_observation,1290bba5-c164-4273-9694-c3ce92270ef2,2026-04-02 05:13:20,observation,OBSERVATION_2922,12,3,1,0.15,1.891,0,0,26.56,0
3924,PATUSER_017,patient,view_queue,e1571870-cf37-1c6b-c97f-c4ab9a32b172,2026-05-05 01:32:07,queue,QUEUE_7020,2,3,1,0.0,1.0,0,0,27.3,0
3925,DOC_006,doctor,update_diagnosis,1290bba5-c164-4273-9694-c3ce92270ef2,2026-04-17 07:49:07,condition,CONDITION_8383,20,7,0,0.1,1.825,0,0,47.08,0
3926,NUR_004,nurse,update_vitals,e60a6ecc-5639-5800-4bf2-8e8a2865e55c,2026-04-26 08:30:38,observation,OBSERVATION_5953,28,11,0,0.01,1.959,0,0,38.21,0
3927,DOC_010,doctor,view_observation,cc4e166f-53eb-f57b-fb9c-72dddeeb448f,2026-05-19 18:20:35,observation,OBSERVATION_6054,36,72,0,0.72,1.959,1,0,340.73,1
3928,PATUSER_028,patient,book_appointment,4f0c6acb-066b-1f8d-228d-5e5a973d1fef,2026-04-01 07:43:40,appointment,APPOINTMENT_7456,3,3,0,0.0,2.0,0,0,61.63,0
3929,PATUSER_013,patient,cancel_appointment,d9044272-63af-eca3-2a0c-ec9f9c10a98f,2026-05-12 09:57:28,appointment,APPOINTMENT_8699,4,1,0,0.0,2.0,0,0,44.32,0
3930,PATUSER_003,patient,view_own_record,047f3ed4-bdea-7cd6-6e80-8537a3979cc6,2026-04-16 10:40:31,medical_record,MEDICAL_RECORD_6905,6,3,0,0.0,1.906,0,0,30.45,0
3931,PATUSER_015,patient,view_own_record,cc4e166f-53eb-f57b-fb9c-72dddeeb448f,2026-04-23 08:22:44,medical_record,MEDICAL_RECORD_2079,1,1,0,0.0,1.884,0,0,70.28,0
3932,NUR_002,nurse,register_walkin,5dd32bff-9eaf-50ef-db4f-c6065be13792,2026-05-07 10:02:05,appointment,APPOINTMENT_4838,15,18,0,0.05,0.811,0,0,32.24,0
3933,PATUSER_016,patient,view_own_record,a2ff83e0-2cc0-50a4-b008-52a1add72ced,2026-04-11 02:08:27,medical_record,MEDICAL_RECORD_1299,5,3,1,0.0,1.826,0,0,48.77,0
3934,PATUSER_007,patient,view_own_record,f5de0af7-bfb4-270e-8175-e12515583ea8,2026-04-12 06:16:00,medical_record,MEDICAL_RECORD_2926,6,2,0,0.0,1.669,0,0,34.91,0
3935,PATUSER_007,patient,view_record,8e21cb1f-b016-dda9-1d06-c920c24a0b37,2026-05-15 18:43:11,medical_record,MEDICAL_RECORD_1944,72,73,0,0.75,2.038,1,1,296.91,1
3936,PATUSER_016,patient,book_appointment,2925a752-da6a-ef1f-31aa-68b0c2ff5027,2026-05-20 05:32:47,appointment,APPOINTMENT_1400,6,2,1,0.0,1.95,0,0,6.94,0
3937,DOC_013,doctor,view_observation,d1838618-2a96-9761-0b8d-89a92a022bcc,2026-05-22 12:20:21,observation,OBSERVATION_1379,13,4,0,0.03,1.557,0,0,11.31,0
3938,DOC_015,doctor,update_diagnosis,9e25d332-9229-0803-ad9f-ca235142458e,2026-03-31 08:47:11,condition,CONDITION_1455,15,11,0,0.1,1.371,0,0,63.61,0
3939,PATUSER_010,patient,view_queue,f2df6bf3-460e-f410-cac9-472739e5df85,2026-04-21 10:31:37,queue,QUEUE_7456,4,1,0,0.0,1.459,0,0,6.22,0
3940,PATUSER_010,patient,cancel_appointment,f2df6bf3-460e-f410-cac9-472739e5df85,2026-04-30 12:11:08,appointment,APPOINTMENT_7948,6,1,0,0.0,2.0,0,0,15.81,0
3941,DOC_012,doctor,update_diagnosis,d5d8b210-bca5-a9ce-0711-3d09468bfe47,2026-04-20 10:12:31,condition,CONDITION_5890,12,15,0,0.1,1.918,0,0,50.82,0
3942,PATUSER_013,patient,view_queue,717861a2-ab2b-2d2a-6a8f-6388dbff69d2,2026-04-18 03:29:59,queue,QUEUE_5009,3,3,1,0.0,1.792,0,0,23.9,0
3943,NUR_004,nurse,update_queue,f5de0af7-bfb4-270e-8175-e12515583ea8,2026-05-04 08:17:42,appointment,APPOINTMENT_5975,16,9,0,0.04,0.954,0,0,60.66,0
3944,DOC_013,doctor,update_diagnosis,047f3ed4-bdea-7cd6-6e80-8537a3979cc6,2026-04-17 05:04:58,condition,CONDITION_3237,9,4,1,0.2,0.811,0,0,8.97,0
3945,DOC_011,doctor,update_diagnosis,d1838618-2a96-9761-0b8d-89a92a022bcc,2026-03-27 02:07:32,condition,CONDITION_9675,24,7,1,0.16,1.846,0,0,6.29,0
3946,DOC_009,doctor,update_diagnosis,2d457e3d-90cb-357e-f7e0-3014068d2f29,2026-04-05 08:02:16,condition,CONDITION_3777,21,5,0,0.15,1.922,0,0,15.56,0
3947,PATUSER_008,patient,view_queue,5e236a28-42bb-348c-3267-03ed1a052b40,2026-05-18 11:55:22,queue,QUEUE_7677,1,1,0,0.0,1.906,0,0,64.13,0
3948,DOC_014,doctor,view_record,a82f0145-e797-d65d-bebf-e49dd38bac1e,2026-03-27 08:49:58,medical_record,MEDICAL_RECORD_1149,12,8,0,0.11,0.811,0,0,35.96,0
3949,PATUSER_022,patient,view_own_record,b4679b26-64ac-c348-6667-1e9093ae866f,2026-05-09 09:33:38,medical_record,MEDICAL_RECORD_4893,5,3,0,0.0,1.522,0,0,47.21,0
3950,PATUSER_011,patient,view_own_record,83948281-33ad-4a11-0a3d-04484caf2ab9,2026-05-22 01:10:27,medical_record,MEDICAL_RECORD_1642,1,1,1,0.0,1.842,0,0,49.22,0
3951,NUR_007,nurse,register_walkin,c5d42b3b-72de-b953-545d-1de4cf59d279,2026-04-29 00:53:06,appointment,APPOINTMENT_5156,27,19,1,0.11,1.522,0,0,36.28,0
3952,PATUSER_022,patient,cancel_appointment,1c39de5b-289a-3a1a-669b-2f756efb8bcb,2026-05-12 12:07:54,appointment,APPOINTMENT_7119,4,3,0,0.0,1.971,0,0,22.21,0
3953,PATUSER_011,patient,view_own_record,e1571870-cf37-1c6b-c97f-c4ab9a32b172,2026-04-07 11:54:53,medical_record,MEDICAL_RECORD_6368,2,1,0,0.0,1.5,0,0,28.91,0
3954,DOC_004,doctor,view_observation,e60a6ecc-5639-5800-4bf2-8e8a2865e55c,2026-04-06 05:15:33,observation,OBSERVATION_2968,19,5,1,0.0,1.557,0,0,50.5,0
3955,PATUSER_021,patient,view_record,ad37dc95-561f-9348-6577-eff9b22d47c2,2026-04-08 18:27:35,medical_record,MEDICAL_RECORD_9911,57,73,0,0.96,2.0,1,1,226.49,1
3956,DOC_005,doctor,view_observation,ea7deb48-7fa5-3406-28b9-051b0c18d363,2026-05-12 04:37:21,observation,OBSERVATION_9130,21,6,1,0.02,1.936,0,0,6.43,0
3957,DOC_013,doctor,create_prescription,b23941a4-269e-2ac4-8ced-75d1ac8b1b1d,2026-04-27 09:25:21,prescription,PRESCRIPTION_5095,16,7,0,0.06,1.784,0,0,65.92,0
3958,PATUSER_023,patient,cancel_appointment,8db9c819-1c0b-c9a9-3e31-4b85f52201d2,2026-05-19 01:22:49,appointment,APPOINTMENT_7420,2,2,1,0.0,1.585,0,0,51.38,0
3959,PATUSER_020,patient,book_appointment,e8b56457-438e-7a2e-04ee-e0b2ec149f61,2026-03-27 06:16:51,appointment,APPOINTMENT_2581,4,1,0,0.0,0.722,0,0,40.25,0
3960,DOC_012,doctor,view_record,21adc8c0-7e1e-5167-1ac1-5449a6a2c73f,2026-03-28 07:16:55,medical_record,MEDICAL_RECORD_3766,14,10,0,0.02,1.061,0,0,28.4,0
3961,DOC_010,doctor,view_observation,20f1f5b5-38be-6554-7a24-9fcc8d4bd6c4,2026-05-15 02:46:01,observation,OBSERVATION_2497,16,12,1,0.17,1.959,0,0,15.69,0
3962,DOC_014,doctor,view_record,1f534514-2f45-191e-04b4-ad9e93bdf422,2026-04-30 05:04:52,medical_record,MEDICAL_RECORD_6621,10,6,1,0.07,1.371,0,0,57.52,0
3963,PATUSER_015,patient,cancel_appointment,e300c149-9eaa-3d5a-57d9-ea8d4c996597,2026-05-17 09:45:15,appointment,APPOINTMENT_4784,2,2,0,0.0,1.361,0,0,6.71,0
3964,PATUSER_028,patient,cancel_appointment,21adc8c0-7e1e-5167-1ac1-5449a6a2c73f,2026-04-23 07:17:49,appointment,APPOINTMENT_6173,5,1,0,0.0,1.406,0,0,26.41,0
3965,ADM_002,admin,view_audit,8db9c819-1c0b-c9a9-3e31-4b85f52201d2,2026-04-13 18:45:29,audit,AUDIT_6782,44,37,0,0.67,1.776,0,0,275.85,1
3966,NUR_003,nurse,view_appointment,754c6983-a899-1c3c-f51d-2af172b88b91,2026-05-15 12:24:21,appointment,APPOINTMENT_1498,27,24,0,0.04,1.5,0,0,19.49,0
3967,PATUSER_014,patient,book_appointment,bfb0d055-557b-4579-1a3b-78cc2ead82c9,2026-04-28 07:51:53,appointment,APPOINTMENT_1172,2,3,0,0.0,1.854,0,0,52.89,0
3968,DOC_010,doctor,view_record,668a10b4-c005-0df3-522e-b068e0d29ea9,2026-04-09 11:34:53,medical_record,MEDICAL_RECORD_8906,5,6,0,0.17,1.149,0,0,56.95,0
3969,DOC_013,doctor,view_record,8c562216-cb73-0829-2fa4-123468939df6,2026-04-05 04:37:26,medical_record,MEDICAL_RECORD_5170,21,6,1,0.19,1.95,0,0,68.16,0
3970,NUR_002,nurse,register_walkin,d998bd61-bed8-3eb5-dcb5-297579cf936f,2026-03-25 10:52:57,appointment,APPOINTMENT_1541,20,25,0,0.03,1.834,0,0,9.63,0
3971,NUR_002,nurse,view_audit,9cefc3e8-33f8-beac-d280-fb10e474151c,2026-04-28 19:03:38,audit,AUDIT_9298,52,79,0,0.79,2.055,1,1,188.66,1
3972,DOC_004,doctor,view_observation,6383af50-c8f6-0c22-1dd4-6ee2be572cb1,2026-05-23 04:48:31,observation,OBSERVATION_8922,8,16,1,0.05,1.922,0,0,55.12,0
3973,PATUSER_021,patient,view_queue,ea7deb48-7fa5-3406-28b9-051b0c18d363,2026-05-03 05:20:17,queue,QUEUE_3227,5,3,1,0.0,1.76,0,0,13.66,0
3974,DOC_006,doctor,view_record,5dd32bff-9eaf-50ef-db4f-c6065be13792,2026-04-07 09:42:36,medical_record,MEDICAL_RECORD_9902,23,12,0,0.06,0.918,0,0,37.39,0
3975,PATUSER_024,patient,view_queue,0369610a-4641-e2d5-80b2-844b2bd99f16,2026-03-26 05:55:54,queue,QUEUE_8887,2,2,1,0.0,1.846,0,0,8.99,0
3976,NUR_001,nurse,update_vitals,3c6d02df-84f2-f9e2-8e09-852349757293,2026-04-28 03:15:24,observation,OBSERVATION_2027,20,23,1,0.08,1.5,0,0,66.45,0
3977,PATUSER_002,patient,cancel_appointment,bee08b10-0c18-396e-9f8a-03e41691509b,2026-04-17 11:35:11,appointment,APPOINTMENT_7937,5,2,0,0.0,1.571,0,0,10.16,0
3978,PATUSER_018,patient,cancel_appointment,bee08b10-0c18-396e-9f8a-03e41691509b,2026-03-26 07:07:27,appointment,APPOINTMENT_8308,5,1,0,0.0,1.459,0,0,30.05,0
3979,PATUSER_002,patient,book_appointment,3c6d02df-84f2-f9e2-8e09-852349757293,2026-04-26 10:18:28,appointment,APPOINTMENT_8883,5,1,0,0.0,1.971,0,0,37.72,0
3980,DOC_003,doctor,update_diagnosis,b3c9a883-40ea-1452-7b76-62e552e033d2,2026-04-16 03:58:17,condition,CONDITION_8737,14,6,1,0.0,1.5,0,0,12.06,0
3981,PATUSER_008,patient,view_queue,79402472-6884-1aca-759a-a23f36ee8dca,2026-03-25 01:10:22,queue,QUEUE_5445,5,1,1,0.0,1.669,0,0,74.46,0
3982,DOC_004,doctor,update_diagnosis,e60a6ecc-5639-5800-4bf2-8e8a2865e55c,2026-04-25 07:37:09,condition,CONDITION_7226,7,10,0,0.19,1.888,0,0,23.23,0
3983,DOC_004,doctor,view_record,88f931d5-4cfa-4be9-c6be-738d5fc8c215,2026-04-03 06:43:42,medical_record,MEDICAL_RECORD_9574,6,17,0,0.15,1.761,0,0,23.64,0
3984,PATUSER_029,patient,view_audit,6367a5b3-1689-57b4-634f-693bb600e552,2026-05-03 18:41:54,audit,AUDIT_9182,88,52,0,0.73,2.046,1,1,312.39,1
3985,PATUSER_011,patient,view_queue,047f3ed4-bdea-7cd6-6e80-8537a3979cc6,2026-05-16 12:01:43,queue,QUEUE_6138,6,1,0,0.0,1.352,0,0,28.26,0
3986,PATUSER_017,patient,book_appointment,b4679b26-64ac-c348-6667-1e9093ae866f,2026-04-18 09:14:50,appointment,APPOINTMENT_7226,2,1,0,0.0,1.784,0,0,15.75,0
3987,PATUSER_028,patient,cancel_appointment,668a10b4-c005-0df3-522e-b068e0d29ea9,2026-03-30 10:49:01,appointment,APPOINTMENT_2620,5,1,0,0.0,1.826,0,0,61.14,0
3988,ADM_002,admin,update_schedule,219c0f88-2190-9af2-4122-bcf1c4f4a0bf,2026-03-28 11:27:34,schedule,SCHEDULE_8300,10,0,0,0.1,1.971,0,0,34.91,0
3989,PATUSER_001,patient,cancel_appointment,d7b30817-a7e4-d7c5-8582-63d251b6f98c,2026-05-01 04:02:21,appointment,APPOINTMENT_2672,4,2,1,0.0,1.361,0,0,17.77,0
3990,NUR_002,nurse,update_queue,cc4e166f-53eb-f57b-fb9c-72dddeeb448f,2026-04-19 01:39:26,appointment,APPOINTMENT_9882,28,24,1,0.03,1.53,0,0,66.16,0
3991,DOC_002,doctor,update_diagnosis,b3c9a883-40ea-1452-7b76-62e552e033d2,2026-04-22 03:49:47,condition,CONDITION_2690,7,4,1,0.17,1.846,0,0,47.68,0
3992,PATUSER_006,patient,book_appointment,073b376b-9659-3e78-c6a6-a08b74d710da,2026-04-25 04:37:19,appointment,APPOINTMENT_4459,4,1,1,0.0,0.722,0,0,12.81,0
3993,DOC_004,doctor,create_prescription,cc4e166f-53eb-f57b-fb9c-72dddeeb448f,2026-05-09 05:34:29,prescription,PRESCRIPTION_1451,24,17,1,0.17,1.252,0,0,29.91,0
3994,DOC_003,doctor,update_diagnosis,e8b56457-438e-7a2e-04ee-e0b2ec149f61,2026-05-08 02:30:57,condition,CONDITION_6310,22,4,1,0.12,1.826,0,0,62.45,0
3995,PATUSER_017,patient,cancel_appointment,dd0de87d-2596-9c38-a834-6f5246a48a51,2026-04-19 04:46:26,appointment,APPOINTMENT_6473,1,3,1,0.0,0.918,0,0,6.68,0
3996,PATUSER_007,patient,book_appointment,ad37dc95-561f-9348-6577-eff9b22d47c2,2026-05-21 08:08:55,appointment,APPOINTMENT_5002,3,1,0,0.0,1.459,0,0,35.15,0
3997,PATUSER_008,patient,cancel_appointment,047f3ed4-bdea-7cd6-6e80-8537a3979cc6,2026-04-03 03:30:05,appointment,APPOINTMENT_3564,1,1,1,0.0,0.722,0,0,44.16,0
3998,PATUSER_025,patient,update_diagnosis,e7fccc97-5df9-b27f-8322-44fd5b624936,2026-04-22 17:37:57,condition,CONDITION_9350,54,41,0,0.98,1.522,1,1,310.59,1
3999,DOC_003,doctor,create_prescription,a8bef5c2-6743-79e8-8477-bc3b6244c334,2026-04-27 11:24:50,prescription,PRESCRIPTION_6476,10,10,0,0.19,1.459,0,0,37.05,0
4000,DOC_008,doctor,create_prescription,f84719a0-d28d-ec20-64a8-a17992dcd9ac,2026-04-22 05:50:33,prescription,PRESCRIPTION_7875,16,16,1,0.14,1.495,0,0,21.59,0
4001,DOC_002,doctor,create_prescription,717861a2-ab2b-2d2a-6a8f-6388dbff69d2,2026-04-15 07:27:15,prescription,PRESCRIPTION_3416,6,14,0,0.0,1.918,0,0,11.33,0
4002,ADM_003,admin,manage_user,e126e379-083f-ea08-0358-303361acf072,2026-04-04 05:01:41,user,USER_4441,8,3,1,0.1,1.459,0,0,18.28,0
4003,DOC_012,doctor,update_diagnosis,20f1f5b5-38be-6554-7a24-9fcc8d4bd6c4,2026-04-16 00:39:48,condition,CONDITION_3515,14,12,1,0.12,1.811,1,0,6.74,0
4004,PATUSER_006,patient,view_own_record,ea7deb48-7fa5-3406-28b9-051b0c18d363,2026-04-10 04:22:27,medical_record,MEDICAL_RECORD_7022,2,2,1,0.0,1.906,0,0,16.72,0
4005,PATUSER_012,patient,view_queue,19e9c5a5-4114-0f95-e5e8-29cd6749d4e1,2026-04-16 09:02:53,queue,QUEUE_2528,3,3,0,0.0,1.753,0,0,60.26,0
4006,DOC_004,doctor,create_prescription,e126e379-083f-ea08-0358-303361acf072,2026-05-06 04:20:45,prescription,PRESCRIPTION_1459,15,6,1,0.09,1.846,0,0,12.57,0
4007,PATUSER_007,patient,book_appointment,c95c96d5-ac6e-6ab6-143b-6da3e3923f39,2026-05-10 02:30:06,appointment,APPOINTMENT_9548,3,3,1,0.0,1.371,0,0,74.69,0
4008,PATUSER_029,patient,view_own_record,e60a6ecc-5639-5800-4bf2-8e8a2865e55c,2026-05-13 08:01:47,medical_record,MEDICAL_RECORD_1658,5,3,0,0.0,1.906,0,0,48.73,0
4009,ADM_002,admin,view_audit,9b5ce034-80bf-4c6b-f400-3a89fc0d135b,2026-04-15 06:08:29,audit,AUDIT_7160,6,4,0,0.01,1.918,0,0,26.5,0
4010,PATUSER_008,patient,view_own_record,07052ffe-5096-f813-923b-f3a32be34399,2026-04-13 07:04:32,medical_record,MEDICAL_RECORD_9603,6,2,0,0.0,1.539,0,0,63.05,0
4011,PATUSER_018,patient,view_record,465dd060-e77a-9924-0d7a-75d52d39a714,2026-04-10 16:02:29,medical_record,MEDICAL_RECORD_7072,44,44,0,0.92,2.104,1,1,274.28,1
4012,NUR_007,nurse,view_audit,d1838618-2a96-9761-0b8d-89a92a022bcc,2026-04-24 19:35:06,audit,AUDIT_5726,46,73,0,0.86,2.059,1,1,304.86,1
4013,DOC_009,doctor,create_prescription,f8540aed-49fc-9dd6-b195-288635b1d17a,2026-04-30 03:58:48,prescription,PRESCRIPTION_6905,20,14,1,0.14,1.784,0,0,56.56,0
4014,PATUSER_021,patient,view_own_record,01974f36-ced2-c38e-32c5-1b09e1fe1638,2026-05-03 09:42:31,medical_record,MEDICAL_RECORD_9558,2,3,0,0.0,1.906,0,0,10.78,0
4015,DOC_004,doctor,view_record,3eee4689-2d02-6ec9-c257-42b3adfdcd70,2026-05-21 03:46:45,medical_record,MEDICAL_RECORD_9243,6,17,1,0.08,1.846,0,0,52.48,0
4016,NUR_004,nurse,view_appointment,a8bef5c2-6743-79e8-8477-bc3b6244c334,2026-04-28 02:49:31,appointment,APPOINTMENT_3278,22,14,1,0.03,1.5,0,0,33.78,0
4017,PATUSER_027,patient,view_own_record,79402472-6884-1aca-759a-a23f36ee8dca,2026-04-17 05:58:15,medical_record,MEDICAL_RECORD_9350,6,2,1,0.0,1.371,0,0,24.36,0
4018,PATUSER_017,patient,view_record,c72a8c6e-1dfd-0a8b-20e7-066eadd4931c,2026-04-16 16:59:28,medical_record,MEDICAL_RECORD_1511,42,61,0,0.68,2.171,0,1,197.01,1
4019,DOC_008,doctor,create_prescription,4ca3be26-4f97-27f0-32fa-6ea155eba23a,2026-04-25 08:28:37,prescription,PRESCRIPTION_9055,21,13,0,0.07,1.371,0,0,39.29,0
4020,PATUSER_001,patient,book_appointment,5dd32bff-9eaf-50ef-db4f-c6065be13792,2026-05-13 04:27:19,appointment,APPOINTMENT_3400,1,1,1,0.0,1.5,0,0,42.3,0
4021,NUR_007,nurse,register_walkin,d1838618-2a96-9761-0b8d-89a92a022bcc,2026-05-13 01:09:15,appointment,APPOINTMENT_2157,8,12,1,0.04,1.784,0,0,71.82,0
4022,DOC_006,doctor,create_prescription,ed1c3b46-34b9-221b-cb10-682e9ed9ddbd,2026-04-05 11:53:56,prescription,PRESCRIPTION_9897,7,16,0,0.15,0.971,0,0,31.74,0
4023,PATUSER_020,patient,cancel_appointment,b09b332a-a8b1-5541-6855-d6420f922505,2026-03-30 04:51:56,appointment,APPOINTMENT_1498,3,3,1,0.0,1.157,0,0,40.44,0
4024,PATUSER_028,patient,book_appointment,9b5ce034-80bf-4c6b-f400-3a89fc0d135b,2026-04-01 05:22:45,appointment,APPOINTMENT_9480,1,2,1,0.0,1.371,0,0,18.79,0
4025,DOC_003,doctor,create_prescription,a24f1dcf-ef87-f609-183a-d00bcc9b7292,2026-04-25 02:45:27,prescription,PRESCRIPTION_9661,19,4,1,0.2,1.459,0,0,24.51,0
4026,PATUSER_013,patient,cancel_appointment,d1838618-2a96-9761-0b8d-89a92a022bcc,2026-05-05 00:35:53,appointment,APPOINTMENT_9815,6,3,1,0.0,1.895,0,0,63.8,0
4027,NUR_006,nurse,register_walkin,9b5ce034-80bf-4c6b-f400-3a89fc0d135b,2026-05-23 02:35:30,appointment,APPOINTMENT_6279,27,16,1,0.1,1.842,1,0,53.75,0
4028,PATUSER_016,patient,view_own_record,5dd32bff-9eaf-50ef-db4f-c6065be13792,2026-03-25 11:37:01,medical_record,MEDICAL_RECORD_5029,1,2,0,0.0,1.5,0,0,66.15,0
4029,DOC_004,doctor,view_record,5dd32bff-9eaf-50ef-db4f-c6065be13792,2026-04-13 12:02:40,medical_record,MEDICAL_RECORD_3142,8,15,0,0.11,1.859,0,0,16.55,0
4030,DOC_008,doctor,view_record,820d39a0-d304-2b9d-25a8-d705deede745,2026-05-19 09:58:46,medical_record,MEDICAL_RECORD_5449,22,13,0,0.13,1.918,0,0,35.11,0
4031,DOC_012,doctor,view_record,e7fccc97-5df9-b27f-8322-44fd5b624936,2026-04-06 09:53:41,medical_record,MEDICAL_RECORD_5980,11,10,0,0.18,1.371,0,0,35.27,0
4032,PATUSER_014,patient,cancel_appointment,e1571870-cf37-1c6b-c97f-c4ab9a32b172,2026-05-22 11:48:00,appointment,APPOINTMENT_2822,4,3,0,0.0,1.842,0,0,43.25,0
4033,PATUSER_003,patient,book_appointment,dd55f477-af88-4543-f8c0-dca25a96c4cb,2026-05-22 10:30:15,appointment,APPOINTMENT_8867,2,3,0,0.0,1.891,0,0,21.27,0
4034,PATUSER_012,patient,view_own_record,0e697a7b-149b-602d-af6f-7e76ca18c5d7,2026-04-24 06:06:30,medical_record,MEDICAL_RECORD_6574,3,1,0,0.0,1.435,0,0,20.33,0
4035,DOC_001,doctor,update_diagnosis,7bbc22dd-2b36-8b49-3bcc-14c25dafd13e,2026-04-26 16:13:43,condition,CONDITION_6376,48,25,0,0.9,1.761,0,0,231.92,1
4036,DOC_013,doctor,create_prescription,8c562216-cb73-0829-2fa4-123468939df6,2026-03-30 16:48:07,prescription,PRESCRIPTION_1688,56,41,0,0.84,1.5,0,0,166.84,1
4037,PATUSER_017,patient,view_own_record,5dd32bff-9eaf-50ef-db4f-c6065be13792,2026-05-10 10:02:06,medical_record,MEDICAL_RECORD_1515,4,1,0,0.0,1.551,0,0,71.03,0
4038,DOC_015,doctor,view_observation,1c39de5b-289a-3a1a-669b-2f756efb8bcb,2026-05-19 09:30:39,observation,OBSERVATION_1784,17,3,0,0.04,1.884,0,0,44.43,0
4039,DOC_011,doctor,view_record,2faf5170-7c17-9c76-c091-5349b5ecad23,2026-04-11 09:44:23,medical_record,MEDICAL_RECORD_5137,12,17,0,0.13,0.811,0,0,57.4,0
4040,PATUSER_013,patient,book_appointment,7bbc22dd-2b36-8b49-3bcc-14c25dafd13e,2026-04-25 06:21:42,appointment,APPOINTMENT_6377,5,3,0,0.0,2.0,0,0,16.15,0
4041,NUR_006,nurse,update_vitals,10751dec-9152-b658-beeb-ba433fbb9213,2026-04-25 01:28:19,observation,OBSERVATION_6136,17,14,1,0.03,1.522,0,0,67.9,0
4042,NUR_001,nurse,view_appointment,79402472-6884-1aca-759a-a23f36ee8dca,2026-05-06 03:40:28,appointment,APPOINTMENT_6002,19,15,1,0.08,1.753,0,0,22.23,0
4043,PATUSER_012,patient,cancel_appointment,4bab2d0f-4783-619c-46b2-f656667ffb67,2026-05-17 08:51:49,appointment,APPOINTMENT_3328,3,3,0,0.0,2.0,0,0,40.5,0
4044,NUR_005,nurse,update_vitals,d1838618-2a96-9761-0b8d-89a92a022bcc,2026-04-01 02:53:03,observation,OBSERVATION_2382,24,8,1,0.01,1.585,0,0,64.16,0
4045,NUR_003,nurse,update_vitals,a8bef5c2-6743-79e8-8477-bc3b6244c334,2026-03-28 07:47:51,observation,OBSERVATION_1367,18,12,0,0.12,2.0,0,0,27.02,0
4046,DOC_010,doctor,create_prescription,e126e379-083f-ea08-0358-303361acf072,2026-04-11 12:16:28,prescription,PRESCRIPTION_3105,17,17,0,0.14,0.811,0,0,44.95,0
4047,NUR_002,nurse,view_appointment,e60a6ecc-5639-5800-4bf2-8e8a2865e55c,2026-04-02 01:17:07,appointment,APPOINTMENT_6844,9,25,1,0.04,1.738,0,0,70.04,0
4048,PATUSER_002,patient,cancel_appointment,57b901cb-d3d2-258c-2773-57008eb32345,2026-03-25 02:11:50,appointment,APPOINTMENT_3484,2,3,1,0.0,1.371,0,0,10.8,0
4049,PATUSER_015,patient,view_audit,df4576f2-f38f-02c0-b20f-6153754c41a6,2026-04-29 17:19:55,audit,AUDIT_9168,78,68,0,0.96,2.231,1,1,296.51,1
4050,NUR_007,nurse,update_vitals,19e9c5a5-4114-0f95-e5e8-29cd6749d4e1,2026-03-30 05:23:49,observation,OBSERVATION_4117,28,18,1,0.03,0.811,0,0,66.83,0
4051,PATUSER_019,patient,view_queue,c5d42b3b-72de-b953-545d-1de4cf59d279,2026-04-10 04:40:35,queue,QUEUE_7853,5,1,1,0.0,1.918,0,0,72.32,0
4052,PATUSER_005,patient,view_own_record,9e25d332-9229-0803-ad9f-ca235142458e,2026-04-24 05:18:04,medical_record,MEDICAL_RECORD_7164,6,2,1,0.0,1.522,0,0,18.35,0
4053,DOC_002,doctor,view_record,7bbc22dd-2b36-8b49-3bcc-14c25dafd13e,2026-04-17 09:56:08,medical_record,MEDICAL_RECORD_5505,8,13,0,0.1,1.371,0,0,24.36,0
4054,DOC_009,doctor,create_prescription,ed1c3b46-34b9-221b-cb10-682e9ed9ddbd,2026-04-09 03:09:49,prescription,PRESCRIPTION_9154,6,17,1,0.12,1.299,0,0,13.76,0
4055,DOC_014,doctor,create_prescription,20f1f5b5-38be-6554-7a24-9fcc8d4bd6c4,2026-05-19 10:16:07,prescription,PRESCRIPTION_1229,22,15,0,0.01,1.495,0,0,54.56,0
4056,PATUSER_015,patient,view_queue,910f9d72-b5f2-60bf-8302-274ac5d74635,2026-03-29 01:49:17,queue,QUEUE_7829,4,2,1,0.0,1.959,0,0,53.95,0
4057,PATUSER_011,patient,view_queue,8fcbd58f-7e61-d74d-9b35-46d267ecbbd3,2026-04-26 07:20:14,queue,QUEUE_7445,2,2,0,0.0,1.76,0,0,54.18,0
4058,NUR_006,nurse,update_vitals,5e236a28-42bb-348c-3267-03ed1a052b40,2026-05-07 07:04:42,observation,OBSERVATION_7726,17,12,0,0.07,1.936,0,0,74.34,0
4059,PATUSER_023,patient,view_own_record,e1571870-cf37-1c6b-c97f-c4ab9a32b172,2026-04-15 02:36:29,medical_record,MEDICAL_RECORD_4746,3,2,1,0.0,0.954,0,0,66.6,0
4060,NUR_006,nurse,register_walkin,a2ff83e0-2cc0-50a4-b008-52a1add72ced,2026-05-18 08:33:45,appointment,APPOINTMENT_9477,27,9,0,0.08,1.988,1,0,16.31,0
4061,DOC_013,doctor,create_prescription,465dd060-e77a-9924-0d7a-75d52d39a714,2026-04-03 03:59:01,prescription,PRESCRIPTION_5357,10,18,1,0.1,1.53,0,0,9.88,0
4062,NUR_001,nurse,view_appointment,1f534514-2f45-191e-04b4-ad9e93bdf422,2026-04-02 09:47:48,appointment,APPOINTMENT_9614,29,21,0,0.11,1.522,0,0,46.45,0
4063,NUR_003,nurse,update_queue,c72a8c6e-1dfd-0a8b-20e7-066eadd4931c,2026-05-22 12:26:18,appointment,APPOINTMENT_2082,18,24,0,0.07,1.669,0,0,57.27,0
4064,PATUSER_021,patient,view_queue,a992fe7d-cd9b-0ace-6e0b-f6f0b5f01fc3,2026-05-16 01:07:39,queue,QUEUE_7127,1,1,1,0.0,1.834,0,0,56.35,0
4065,PATUSER_025,patient,view_queue,fb36d3d9-666c-c4c2-bb96-c9195538d4df,2026-05-09 11:26:41,queue,QUEUE_1748,5,3,0,0.0,1.906,0,0,42.1,0
4066,PATUSER_007,patient,cancel_appointment,ea7deb48-7fa5-3406-28b9-051b0c18d363,2026-03-28 04:29:38,appointment,APPOINTMENT_1741,5,3,1,0.0,1.895,0,0,34.36,0
4067,PATUSER_029,patient,view_queue,b09b332a-a8b1-5541-6855-d6420f922505,2026-05-07 07:52:35,queue,QUEUE_9175,5,3,0,0.0,1.959,0,0,28.69,0
4068,PATUSER_027,patient,view_own_record,5e236a28-42bb-348c-3267-03ed1a052b40,2026-05-05 08:53:11,medical_record,MEDICAL_RECORD_6864,5,2,0,0.0,1.936,0,0,73.88,0
4069,DOC_003,doctor,create_prescription,e94fc8e2-b867-5164-0607-5e5eb581b150,2026-04-17 16:48:07,prescription,PRESCRIPTION_6653,84,69,0,0.85,1.5,1,0,200.04,1
4070,NUR_002,nurse,view_appointment,a8bef5c2-6743-79e8-8477-bc3b6244c334,2026-04-06 03:15:48,appointment,APPOINTMENT_3127,13,12,1,0.03,1.918,0,0,34.16,0
4071,PATUSER_012,patient,view_own_record,2d457e3d-90cb-357e-f7e0-3014068d2f29,2026-04-26 05:59:51,medical_record,MEDICAL_RECORD_4006,5,2,1,0.0,1.75,0,0,61.06,0
4072,ADM_002,admin,view_report,465dd060-e77a-9924-0d7a-75d52d39a714,2026-04-15 08:01:13,report,REPORT_7733,4,4,0,0.04,1.906,0,0,58.13,0
4073,PATUSER_002,patient,view_own_record,668a10b4-c005-0df3-522e-b068e0d29ea9,2026-05-14 08:04:05,medical_record,MEDICAL_RECORD_8877,6,1,0,0.0,1.922,0,0,53.01,0
4074,PATUSER_020,patient,update_diagnosis,07052ffe-5096-f813-923b-f3a32be34399,2026-05-04 16:58:59,condition,CONDITION_4139,49,21,0,0.9,2.197,0,1,383.77,1
4075,ADM_002,admin,manage_user,dda456b9-cd60-e91b-8a88-fd381a9e4611,2026-04-03 01:31:28,user,USER_2151,9,1,1,0.05,0.971,0,0,43.78,0
4076,DOC_014,doctor,update_diagnosis,744a7169-4e89-61ff-27f2-3c736abf4368,2026-05-23 10:27:02,condition,CONDITION_1476,22,4,0,0.0,1.906,0,0,47.0,0
4077,ADM_002,admin,manage_user,01974f36-ced2-c38e-32c5-1b09e1fe1638,2026-04-05 07:51:07,user,USER_4563,5,6,0,0.07,1.846,0,0,24.81,0
4078,PATUSER_012,patient,view_own_record,2faf5170-7c17-9c76-c091-5349b5ecad23,2026-03-29 04:58:42,medical_record,MEDICAL_RECORD_4946,2,2,1,0.0,1.522,0,0,13.78,0
4079,DOC_003,doctor,view_observation,2d457e3d-90cb-357e-f7e0-3014068d2f29,2026-05-14 10:20:21,observation,OBSERVATION_3048,20,8,0,0.21,1.922,0,0,23.11,0
4080,PATUSER_024,patient,book_appointment,21adc8c0-7e1e-5167-1ac1-5449a6a2c73f,2026-04-05 02:31:28,appointment,APPOINTMENT_7709,3,1,1,0.0,1.906,0,0,64.44,0
4081,PATUSER_011,patient,view_own_record,79402472-6884-1aca-759a-a23f36ee8dca,2026-04-17 00:33:55,medical_record,MEDICAL_RECORD_7439,3,3,1,0.0,1.571,0,0,10.47,0
4082,NUR_002,nurse,register_walkin,a8bef5c2-6743-79e8-8477-bc3b6244c334,2026-04-25 10:30:19,appointment,APPOINTMENT_2925,25,7,0,0.05,0.946,0,0,42.62,0
4083,ADM_001,admin,view_audit,7225d50f-9363-214e-02d6-3fdc2a246bdc,2026-04-30 03:41:37,audit,AUDIT_6017,6,8,1,0.03,1.392,0,0,54.71,0
4084,DOC_007,doctor,view_observation,88f931d5-4cfa-4be9-c6be-738d5fc8c215,2026-05-21 08:23:36,observation,OBSERVATION_2943,20,10,0,0.03,1.669,0,0,5.89,0
4085,PATUSER_023,patient,book_appointment,dd0de87d-2596-9c38-a834-6f5246a48a51,2026-05-03 12:05:19,appointment,APPOINTMENT_1672,2,3,0,0.0,1.792,0,0,47.69,0
4086,DOC_004,doctor,view_observation,a8bef5c2-6743-79e8-8477-bc3b6244c334,2026-04-28 07:10:49,observation,OBSERVATION_6907,19,6,0,0.08,1.888,0,0,33.31,0
4087,PATUSER_007,patient,view_queue,3844e0c5-14c7-8f87-19b0-8f769b3bdd70,2026-04-03 12:09:51,queue,QUEUE_9868,4,3,0,0.0,1.95,0,0,9.1,0
4088,DOC_014,doctor,view_record,4f0c6acb-066b-1f8d-228d-5e5a973d1fef,2026-05-03 10:32:41,medical_record,MEDICAL_RECORD_7401,18,3,0,0.06,1.5,0,0,67.67,0
4089,PATUSER_023,patient,cancel_appointment,79402472-6884-1aca-759a-a23f36ee8dca,2026-04-08 03:17:17,appointment,APPOINTMENT_6355,5,2,1,0.0,1.459,0,0,69.84,0
4090,PATUSER_005,patient,view_queue,917ffe5d-46b2-36f1-0de8-35e5ed017fa7,2026-04-03 09:48:35,queue,QUEUE_2408,6,3,0,0.0,0.811,0,0,45.96,0
4091,PATUSER_005,patient,cancel_appointment,717861a2-ab2b-2d2a-6a8f-6388dbff69d2,2026-05-05 11:46:43,appointment,APPOINTMENT_3772,5,2,0,0.0,0.954,0,0,68.32,0
4092,DOC_008,doctor,view_observation,20f1f5b5-38be-6554-7a24-9fcc8d4bd6c4,2026-05-11 02:03:16,observation,OBSERVATION_3391,7,5,1,0.01,1.792,0,0,29.28,0
4093,NUR_005,nurse,update_vitals,054e161c-d33f-0970-2018-1f19582e0813,2026-04-14 11:34:08,observation,OBSERVATION_3006,13,22,0,0.07,1.722,0,0,57.07,0
4094,PATUSER_015,patient,view_own_record,45f758c8-34c3-3fa5-41f9-5906127ba1bd,2026-04-24 10:26:23,medical_record,MEDICAL_RECORD_1816,6,3,0,0.0,1.846,0,0,72.33,0
4095,DOC_013,doctor,view_observation,cc4e166f-53eb-f57b-fb9c-72dddeeb448f,2026-03-26 09:02:33,observation,OBSERVATION_9040,17,15,0,0.04,1.361,0,0,10.56,0
4096,DOC_007,doctor,create_prescription,bfb0d055-557b-4579-1a3b-78cc2ead82c9,2026-04-03 00:54:06,prescription,PRESCRIPTION_9157,10,18,1,0.02,0.971,0,0,20.15,0
4097,ADM_003,admin,view_audit,5dd32bff-9eaf-50ef-db4f-c6065be13792,2026-04-05 07:33:08,audit,AUDIT_8471,14,4,0,0.02,1.459,0,0,33.0,0
4098,PATUSER_015,patient,book_appointment,e126e379-083f-ea08-0358-303361acf072,2026-04-06 09:06:34,appointment,APPOINTMENT_4417,5,1,0,0.0,1.906,0,0,47.01,0
4099,DOC_007,doctor,view_observation,7f857501-0257-2c7f-2e8f-9886705681f3,2026-03-30 07:56:48,observation,OBSERVATION_9418,16,12,0,0.15,1.664,0,0,41.6,0
4100,PATUSER_027,patient,cancel_appointment,19e9c5a5-4114-0f95-e5e8-29cd6749d4e1,2026-04-23 04:35:51,appointment,APPOINTMENT_6583,3,3,1,0.0,1.379,0,0,29.73,0
4101,PATUSER_013,patient,cancel_appointment,917ffe5d-46b2-36f1-0de8-35e5ed017fa7,2026-03-31 03:53:26,appointment,APPOINTMENT_2404,2,3,1,0.0,1.826,0,0,56.54,0
4102,DOC_013,doctor,update_diagnosis,fb36d3d9-666c-c4c2-bb96-c9195538d4df,2026-03-30 09:46:39,condition,CONDITION_2539,6,18,0,0.16,1.825,0,0,37.55,0
4103,PATUSER_029,patient,view_queue,073b376b-9659-3e78-c6a6-a08b74d710da,2026-05-02 02:01:14,queue,QUEUE_4837,5,3,1,0.0,1.5,0,0,49.93,0
4104,NUR_003,nurse,update_queue,054e161c-d33f-0970-2018-1f19582e0813,2026-05-07 09:30:04,appointment,APPOINTMENT_4886,27,22,0,0.05,1.959,0,0,43.42,0
4105,DOC_014,doctor,create_prescription,9e25d332-9229-0803-ad9f-ca235142458e,2026-05-19 12:23:14,prescription,PRESCRIPTION_2015,23,13,0,0.1,1.837,0,0,29.23,0
4106,PATUSER_020,patient,view_own_record,01974f36-ced2-c38e-32c5-1b09e1fe1638,2026-03-30 03:14:09,medical_record,MEDICAL_RECORD_5714,1,3,1,0.0,1.971,0,0,63.26,0
4107,PATUSER_015,patient,view_queue,e7fccc97-5df9-b27f-8322-44fd5b624936,2026-05-16 02:45:39,queue,QUEUE_7870,2,3,1,0.0,1.792,0,0,18.17,0
4108,PATUSER_012,patient,book_appointment,b3c9a883-40ea-1452-7b76-62e552e033d2,2026-04-21 00:54:17,appointment,APPOINTMENT_5441,4,1,1,0.0,0.722,0,0,14.68,0
4109,PATUSER_013,patient,view_own_record,bfb0d055-557b-4579-1a3b-78cc2ead82c9,2026-04-20 09:05:07,medical_record,MEDICAL_RECORD_2134,2,2,0,0.0,1.495,0,0,46.99,0
4110,PATUSER_017,patient,view_own_record,d1e9c67e-e701-dbf5-aa21-bb9ae3751b97,2026-03-31 01:21:20,medical_record,MEDICAL_RECORD_7342,1,1,1,0.0,1.5,0,0,28.29,0
4111,DOC_008,doctor,view_observation,2b31de7e-3596-37c7-1d46-db12d82e73ef,2026-04-15 05:53:49,observation,OBSERVATION_1081,14,15,1,0.08,1.922,0,0,35.88,0
4112,NUR_004,nurse,update_vitals,83948281-33ad-4a11-0a3d-04484caf2ab9,2026-04-16 01:27:38,observation,OBSERVATION_8673,12,21,1,0.02,1.855,0,0,52.98,0
4113,ADM_001,admin,update_schedule,dd0de87d-2596-9c38-a834-6f5246a48a51,2026-04-22 08:22:42,schedule,SCHEDULE_6154,12,7,0,0.06,1.936,0,0,16.76,0
4114,DOC_005,doctor,create_prescription,392c8ae6-3c3b-1ff7-c35c-4e64946db9b6,2026-04-22 05:40:43,prescription,PRESCRIPTION_3680,16,5,1,0.07,1.5,0,0,52.53,0
4115,DOC_007,doctor,update_diagnosis,820d39a0-d304-2b9d-25a8-d705deede745,2026-04-02 01:58:38,condition,CONDITION_4907,24,7,1,0.05,1.906,0,0,14.58,0
4116,DOC_002,doctor,create_prescription,20f1f5b5-38be-6554-7a24-9fcc8d4bd6c4,2026-04-08 06:17:38,prescription,PRESCRIPTION_1915,11,3,0,0.21,1.792,0,0,37.85,0
4117,ADM_001,admin,manage_user,d1e9c67e-e701-dbf5-aa21-bb9ae3751b97,2026-05-16 09:03:10,user,USER_6725,2,0,0,0.04,0.811,0,0,65.63,0
4118,DOC_014,doctor,view_record,9b5ce034-80bf-4c6b-f400-3a89fc0d135b,2026-03-30 02:58:55,medical_record,MEDICAL_RECORD_3079,21,8,1,0.17,1.846,0,0,15.65,0
4119,PATUSER_017,patient,cancel_appointment,21b4ddc5-081e-1ecd-3573-f2ea42677b66,2026-04-25 02:07:22,appointment,APPOINTMENT_1867,2,3,1,0.0,1.906,0,0,43.79,0
4120,PATUSER_029,patient,cancel_appointment,a992fe7d-cd9b-0ace-6e0b-f6f0b5f01fc3,2026-05-20 03:49:43,appointment,APPOINTMENT_4647,5,3,1,0.0,1.95,0,0,65.1,0
4121,PATUSER_011,patient,view_own_record,e7fccc97-5df9-b27f-8322-44fd5b624936,2026-05-13 05:39:42,medical_record,MEDICAL_RECORD_4614,4,2,1,0.0,1.846,0,0,73.08,0
4122,PATUSER_023,patient,cancel_appointment,f84719a0-d28d-ec20-64a8-a17992dcd9ac,2026-04-09 07:47:37,appointment,APPOINTMENT_6118,3,1,0,0.0,1.922,0,0,11.93,0
4123,PATUSER_023,patient,book_appointment,8db9c819-1c0b-c9a9-3e31-4b85f52201d2,2026-05-02 01:33:13,appointment,APPOINTMENT_9505,2,1,1,0.0,1.846,0,0,41.36,0
4124,DOC_007,doctor,view_observation,d5d8b210-bca5-a9ce-0711-3d09468bfe47,2026-04-23 08:30:33,observation,OBSERVATION_7324,13,17,0,0.12,1.826,0,0,39.96,0
4125,PATUSER_014,patient,view_queue,843d8b33-f833-1324-2aa6-e07c91e49204,2026-05-03 02:30:51,queue,QUEUE_8016,5,2,1,0.0,1.252,0,0,53.69,0
4126,PATUSER_003,patient,view_queue,20f1f5b5-38be-6554-7a24-9fcc8d4bd6c4,2026-04-08 05:41:00,queue,QUEUE_9860,5,1,1,0.0,1.76,0,0,17.66,0
4127,PATUSER_006,patient,book_appointment,88f931d5-4cfa-4be9-c6be-738d5fc8c215,2026-04-08 11:01:20,appointment,APPOINTMENT_4534,2,2,0,0.0,1.459,0,0,66.4,0
4128,PATUSER_012,patient,view_queue,235bd53d-07f7-5874-c952-5126acfab01e,2026-04-05 02:22:36,queue,QUEUE_1552,1,3,1,0.0,1.379,0,0,56.11,0
4129,ADM_003,admin,view_audit,d20dc49f-5674-961e-a123-6e3000654b95,2026-04-26 07:37:54,audit,AUDIT_5212,12,2,0,0.02,1.335,0,0,40.87,0
4130,PATUSER_016,patient,view_queue,c5d42b3b-72de-b953-545d-1de4cf59d279,2026-04-08 07:20:05,queue,QUEUE_1691,6,1,0,0.0,1.727,0,0,16.88,0
4131,PATUSER_002,patient,view_own_record,054e161c-d33f-0970-2018-1f19582e0813,2026-04-14 08:50:42,medical_record,MEDICAL_RECORD_3273,3,1,0,0.0,1.557,0,0,57.5,0
4132,PATUSER_022,patient,view_audit,054e161c-d33f-0970-2018-1f19582e0813,2026-04-02 16:37:03,audit,AUDIT_7707,47,75,0,0.9,1.988,1,1,135.02,1
4133,PATUSER_020,patient,book_appointment,01974f36-ced2-c38e-32c5-1b09e1fe1638,2026-05-21 05:38:54,appointment,APPOINTMENT_5925,3,2,1,0.0,1.811,0,0,54.97,0
4134,PATUSER_005,patient,book_appointment,fb36d3d9-666c-c4c2-bb96-c9195538d4df,2026-04-06 05:36:21,appointment,APPOINTMENT_1148,4,2,1,0.0,1.826,0,0,15.83,0
4135,NUR_003,nurse,view_appointment,a8bef5c2-6743-79e8-8477-bc3b6244c334,2026-04-06 07:39:18,appointment,APPOINTMENT_8231,26,19,0,0.09,1.459,1,0,70.58,0
4136,PATUSER_011,patient,view_own_record,8c562216-cb73-0829-2fa4-123468939df6,2026-05-06 06:52:47,medical_record,MEDICAL_RECORD_8675,5,3,0,0.0,2.0,0,0,38.65,0
4137,NUR_006,nurse,update_queue,d1838618-2a96-9761-0b8d-89a92a022bcc,2026-04-17 10:33:31,appointment,APPOINTMENT_2256,22,21,0,0.06,1.371,0,0,71.38,0
4138,DOC_005,doctor,view_record,e60a6ecc-5639-5800-4bf2-8e8a2865e55c,2026-04-18 07:36:11,medical_record,MEDICAL_RECORD_3440,13,18,0,0.19,1.95,0,0,63.52,0
4139,PATUSER_003,patient,view_queue,7225d50f-9363-214e-02d6-3fdc2a246bdc,2026-04-29 08:09:29,queue,QUEUE_6623,3,1,0,0.0,1.5,0,0,71.06,0
4140,NUR_006,nurse,register_walkin,d1838618-2a96-9761-0b8d-89a92a022bcc,2026-04-16 05:54:30,appointment,APPOINTMENT_4515,24,12,1,0.12,1.837,0,0,41.93,0
4141,DOC_001,doctor,update_diagnosis,f5de0af7-bfb4-270e-8175-e12515583ea8,2026-05-01 05:40:59,condition,CONDITION_8168,13,12,1,0.05,1.868,0,0,57.9,0
4142,PATUSER_020,patient,cancel_appointment,45f758c8-34c3-3fa5-41f9-5906127ba1bd,2026-04-29 11:27:54,appointment,APPOINTMENT_5238,6,1,0,0.0,1.95,0,0,74.62,0
4143,PATUSER_005,patient,view_queue,671064b5-039b-51a8-7e40-8e6baa0a7e35,2026-05-15 08:55:53,queue,QUEUE_1388,5,1,0,0.0,1.371,0,0,19.36,0
4144,DOC_011,doctor,view_record,20f1f5b5-38be-6554-7a24-9fcc8d4bd6c4,2026-05-14 02:16:24,medical_record,MEDICAL_RECORD_1439,24,10,1,0.13,1.753,0,0,6.53,0
4145,PATUSER_015,patient,view_record,6367a5b3-1689-57b4-634f-693bb600e552,2026-05-15 19:45:43,medical_record,MEDICAL_RECORD_1475,43,76,0,0.69,2.197,1,1,168.36,1
4146,PATUSER_001,patient,cancel_appointment,a992fe7d-cd9b-0ace-6e0b-f6f0b5f01fc3,2026-05-23 09:47:50,appointment,APPOINTMENT_8567,2,3,0,0.0,2.0,0,0,32.49,0
4147,PATUSER_020,patient,view_record,f2df6bf3-460e-f410-cac9-472739e5df85,2026-05-16 17:22:27,medical_record,MEDICAL_RECORD_1938,87,62,0,0.92,1.79,1,1,121.23,1
4148,PATUSER_024,patient,view_own_record,f84719a0-d28d-ec20-64a8-a17992dcd9ac,2026-05-05 10:30:46,medical_record,MEDICAL_RECORD_9812,2,2,0,0.0,1.971,0,0,61.47,0
4149,NUR_007,nurse,update_vitals,235bd53d-07f7-5874-c952-5126acfab01e,2026-04-24 05:55:36,observation,OBSERVATION_9689,12,24,1,0.06,1.0,0,0,41.43,0
4150,PATUSER_022,patient,cancel_appointment,6367a5b3-1689-57b4-634f-693bb600e552,2026-04-25 08:37:27,appointment,APPOINTMENT_3359,6,3,0,0.0,1.975,0,0,39.85,0
4151,PATUSER_007,patient,book_appointment,910f9d72-b5f2-60bf-8302-274ac5d74635,2026-04-01 06:32:39,appointment,APPOINTMENT_5022,5,3,0,0.0,2.0,0,0,60.72,0
4152,PATUSER_001,patient,view_own_record,8fcbd58f-7e61-d74d-9b35-46d267ecbbd3,2026-04-27 09:49:43,medical_record,MEDICAL_RECORD_4975,5,2,0,0.0,1.971,0,0,24.88,0
4153,PATUSER_025,patient,view_queue,a82f0145-e797-d65d-bebf-e49dd38bac1e,2026-04-14 11:10:05,queue,QUEUE_8863,6,1,0,0.0,1.971,0,0,52.34,0
4154,PATUSER_021,patient,cancel_appointment,8db9c819-1c0b-c9a9-3e31-4b85f52201d2,2026-04-26 10:41:59,appointment,APPOINTMENT_6369,5,1,0,0.0,1.837,0,0,43.58,0
4155,DOC_006,doctor,update_diagnosis,ed1c3b46-34b9-221b-cb10-682e9ed9ddbd,2026-04-02 05:44:02,condition,CONDITION_6074,19,10,1,0.01,1.811,0,0,25.48,0
4156,NUR_006,nurse,update_queue,ed1c3b46-34b9-221b-cb10-682e9ed9ddbd,2026-04-11 04:26:35,appointment,APPOINTMENT_9423,30,25,1,0.09,1.784,0,0,46.18,0
4157,PATUSER_006,patient,book_appointment,820d39a0-d304-2b9d-25a8-d705deede745,2026-04-14 04:05:08,appointment,APPOINTMENT_1076,2,1,1,0.0,1.658,0,0,16.57,0
4158,ADM_003,admin,view_audit,a2ff83e0-2cc0-50a4-b008-52a1add72ced,2026-05-16 05:08:35,audit,AUDIT_6704,9,1,1,0.06,1.522,0,0,73.02,0
4159,ADM_002,admin,update_schedule,f8540aed-49fc-9dd6-b195-288635b1d17a,2026-03-25 05:14:16,schedule,SCHEDULE_2644,3,0,1,0.07,1.936,0,0,45.74,0
4160,PATUSER_014,patient,cancel_appointment,7bbc22dd-2b36-8b49-3bcc-14c25dafd13e,2026-05-19 09:43:00,appointment,APPOINTMENT_5745,5,2,0,0.0,1.5,0,0,69.07,0
4161,NUR_003,nurse,update_queue,054e161c-d33f-0970-2018-1f19582e0813,2026-03-26 11:01:55,appointment,APPOINTMENT_7018,19,9,0,0.11,1.658,0,0,13.47,0
4162,PATUSER_016,patient,cancel_appointment,9cefc3e8-33f8-beac-d280-fb10e474151c,2026-04-01 04:46:35,appointment,APPOINTMENT_8696,4,1,1,0.0,1.846,0,0,66.96,0
4163,PATUSER_017,patient,view_queue,d20dc49f-5674-961e-a123-6e3000654b95,2026-03-27 02:37:27,queue,QUEUE_7128,4,1,1,0.0,1.75,0,0,12.18,0
4164,NUR_007,nurse,register_walkin,7bbc22dd-2b36-8b49-3bcc-14c25dafd13e,2026-04-21 10:05:25,appointment,APPOINTMENT_1538,11,7,0,0.01,1.79,0,0,60.58,0
4165,PATUSER_025,patient,view_own_record,4bab2d0f-4783-619c-46b2-f656667ffb67,2026-03-25 01:42:24,medical_record,MEDICAL_RECORD_5272,4,1,1,0.0,1.825,0,0,33.08,0
4166,DOC_013,doctor,create_prescription,4f74c441-7628-4f98-82a7-f4c99d926736,2026-04-24 08:21:43,prescription,PRESCRIPTION_3151,14,14,0,0.09,1.79,0,0,44.89,0
4167,PATUSER_030,patient,view_record,cc4e166f-53eb-f57b-fb9c-72dddeeb448f,2026-04-18 15:27:02,medical_record,MEDICAL_RECORD_1504,56,21,0,0.77,1.753,0,1,273.09,1
4168,DOC_009,doctor,create_prescription,d1838618-2a96-9761-0b8d-89a92a022bcc,2026-03-30 05:10:20,prescription,PRESCRIPTION_2723,22,8,1,0.12,1.79,0,0,58.89,0
4169,PATUSER_004,patient,cancel_appointment,f84719a0-d28d-ec20-64a8-a17992dcd9ac,2026-05-04 04:54:00,appointment,APPOINTMENT_1072,5,2,1,0.0,1.922,0,0,63.15,0
4170,NUR_006,nurse,update_queue,4ca3be26-4f97-27f0-32fa-6ea155eba23a,2026-05-09 05:15:41,appointment,APPOINTMENT_8039,22,20,1,0.02,0.971,0,0,9.41,0
4171,NUR_005,nurse,view_appointment,d998bd61-bed8-3eb5-dcb5-297579cf936f,2026-05-09 06:56:43,appointment,APPOINTMENT_7332,23,8,0,0.08,1.842,0,0,18.13,0
4172,DOC_011,doctor,update_diagnosis,fb36d3d9-666c-c4c2-bb96-c9195538d4df,2026-04-02 10:56:49,condition,CONDITION_6444,20,4,0,0.13,1.792,0,0,10.35,0
4173,PATUSER_007,patient,view_queue,717861a2-ab2b-2d2a-6a8f-6388dbff69d2,2026-04-09 01:36:45,queue,QUEUE_7738,6,3,1,0.0,1.449,0,0,59.6,0
4174,PATUSER_020,patient,cancel_appointment,f84719a0-d28d-ec20-64a8-a17992dcd9ac,2026-04-20 01:31:54,appointment,APPOINTMENT_7377,3,3,1,0.0,1.936,0,0,28.91,0
4175,NUR_001,nurse,update_vitals,7225d50f-9363-214e-02d6-3fdc2a246bdc,2026-05-05 00:31:41,observation,OBSERVATION_7209,21,24,1,0.11,1.792,0,0,63.56,0
4176,PATUSER_030,patient,book_appointment,4f74c441-7628-4f98-82a7-f4c99d926736,2026-04-12 06:19:26,appointment,APPOINTMENT_4370,1,3,0,0.0,1.371,0,0,14.36,0
4177,PATUSER_014,patient,cancel_appointment,a24f1dcf-ef87-f609-183a-d00bcc9b7292,2026-04-27 01:07:38,appointment,APPOINTMENT_7912,5,1,1,0.0,1.888,0,0,68.29,0
4178,DOC_006,doctor,create_prescription,a2ff83e0-2cc0-50a4-b008-52a1add72ced,2026-03-29 10:37:22,prescription,PRESCRIPTION_7255,22,5,0,0.06,1.379,0,0,7.95,0
4179,NUR_007,nurse,register_walkin,ea7deb48-7fa5-3406-28b9-051b0c18d363,2026-05-01 11:26:28,appointment,APPOINTMENT_1550,19,18,0,0.07,1.918,0,0,23.01,0
4180,DOC_008,doctor,view_record,21adc8c0-7e1e-5167-1ac1-5449a6a2c73f,2026-04-19 03:16:51,medical_record,MEDICAL_RECORD_6677,24,14,1,0.2,1.5,0,0,71.91,0
4181,DOC_012,doctor,update_diagnosis,42c1eb05-09a9-eeda-a957-d822de66c536,2026-03-25 07:39:31,condition,CONDITION_6208,12,11,0,0.13,1.449,0,0,71.42,0
4182,PATUSER_022,patient,book_appointment,8e21cb1f-b016-dda9-1d06-c920c24a0b37,2026-04-07 03:09:29,appointment,APPOINTMENT_1904,1,3,1,0.0,1.906,0,0,18.82,0
4183,PATUSER_029,patient,book_appointment,f5de0af7-bfb4-270e-8175-e12515583ea8,2026-05-11 08:07:52,appointment,APPOINTMENT_7704,6,2,0,0.0,1.95,0,0,63.41,0
4184,PATUSER_004,patient,cancel_appointment,b4679b26-64ac-c348-6667-1e9093ae866f,2026-05-15 05:04:08,appointment,APPOINTMENT_9447,5,1,1,0.0,1.981,0,0,12.62,0
4185,DOC_004,doctor,update_diagnosis,20f1f5b5-38be-6554-7a24-9fcc8d4bd6c4,2026-04-08 06:28:44,condition,CONDITION_4462,18,14,0,0.07,1.846,0,0,44.36,0
4186,ADM_003,admin,update_schedule,e300c149-9eaa-3d5a-57d9-ea8d4c996597,2026-04-26 11:16:23,schedule,SCHEDULE_4788,8,7,0,0.02,1.846,0,0,60.57,0
4187,PATUSER_002,patient,update_diagnosis,d1838618-2a96-9761-0b8d-89a92a022bcc,2026-04-24 17:56:49,condition,CONDITION_4774,70,74,0,0.79,1.79,0,1,335.48,1
4188,ADM_001,admin,update_schedule,717861a2-ab2b-2d2a-6a8f-6388dbff69d2,2026-04-08 06:48:14,schedule,SCHEDULE_7448,4,0,0,0.1,1.846,0,0,28.88,0
4189,PATUSER_003,patient,view_own_record,7f857501-0257-2c7f-2e8f-9886705681f3,2026-05-04 12:13:57,medical_record,MEDICAL_RECORD_1554,1,2,0,0.0,1.658,0,0,49.12,0
4190,PATUSER_026,patient,view_own_record,917ffe5d-46b2-36f1-0de8-35e5ed017fa7,2026-04-09 00:55:37,medical_record,MEDICAL_RECORD_3137,2,2,1,0.0,1.761,0,0,57.51,0
4191,NUR_001,nurse,register_walkin,e94fc8e2-b867-5164-0607-5e5eb581b150,2026-04-19 10:44:42,appointment,APPOINTMENT_2683,9,11,0,0.1,1.95,0,0,47.14,0
4192,PATUSER_011,patient,book_appointment,235bd53d-07f7-5874-c952-5126acfab01e,2026-03-31 08:05:16,appointment,APPOINTMENT_1902,2,2,0,0.0,1.761,0,0,51.29,0
4193,DOC_009,doctor,update_diagnosis,8db9c819-1c0b-c9a9-3e31-4b85f52201d2,2026-05-07 09:37:59,condition,CONDITION_2670,9,17,0,0.21,1.846,0,0,54.88,0
4194,PATUSER_023,patient,view_own_record,3c6d02df-84f2-f9e2-8e09-852349757293,2026-03-31 07:59:12,medical_record,MEDICAL_RECORD_6697,1,2,0,0.0,1.922,0,0,38.66,0
4195,DOC_011,doctor,view_record,a992fe7d-cd9b-0ace-6e0b-f6f0b5f01fc3,2026-03-25 08:50:26,medical_record,MEDICAL_RECORD_9292,13,14,0,0.16,1.825,0,0,56.22,0
4196,PATUSER_003,patient,view_queue,4642b627-0caa-32c4-a7cd-87689252d332,2026-04-22 07:37:17,queue,QUEUE_9050,4,1,0,0.0,1.842,0,0,56.17,0
4197,PATUSER_006,patient,view_queue,3c6d02df-84f2-f9e2-8e09-852349757293,2026-04-10 10:34:28,queue,QUEUE_5058,6,1,0,0.0,1.551,0,0,38.98,0
4198,PATUSER_011,patient,cancel_appointment,3eee4689-2d02-6ec9-c257-42b3adfdcd70,2026-05-12 06:48:33,appointment,APPOINTMENT_2302,5,3,0,0.0,1.522,0,0,49.07,0
4199,NUR_007,nurse,update_queue,9cefc3e8-33f8-beac-d280-fb10e474151c,2026-04-19 03:06:35,appointment,APPOINTMENT_1072,25,8,1,0.04,1.854,0,0,24.51,0
4200,PATUSER_008,patient,view_own_record,744a7169-4e89-61ff-27f2-3c736abf4368,2026-05-14 09:34:23,medical_record,MEDICAL_RECORD_8705,5,1,0,0.0,1.975,0,0,48.49,0
4201,NUR_004,nurse,create_prescription,d1838618-2a96-9761-0b8d-89a92a022bcc,2026-04-06 20:12:27,prescription,PRESCRIPTION_8113,42,28,0,0.73,1.823,1,1,284.61,1
4202,PATUSER_023,patient,view_queue,5e236a28-42bb-348c-3267-03ed1a052b40,2026-04-09 05:55:35,queue,QUEUE_9151,2,1,1,0.0,1.959,0,0,30.7,0
4203,DOC_005,doctor,view_observation,dd0de87d-2596-9c38-a834-6f5246a48a51,2026-04-22 04:15:37,observation,OBSERVATION_2929,16,9,1,0.01,1.784,0,0,66.92,0
4204,DOC_014,doctor,create_prescription,d1838618-2a96-9761-0b8d-89a92a022bcc,2026-05-22 02:24:15,prescription,PRESCRIPTION_1779,9,9,1,0.15,1.79,0,0,49.3,0
4205,DOC_015,doctor,view_observation,4f74c441-7628-4f98-82a7-f4c99d926736,2026-05-05 10:43:22,observation,OBSERVATION_9329,11,10,0,0.02,1.352,0,0,72.86,0
4206,DOC_012,doctor,create_prescription,4bab2d0f-4783-619c-46b2-f656667ffb67,2026-03-27 07:18:56,prescription,PRESCRIPTION_5293,17,10,0,0.1,1.617,0,0,22.44,0
4207,PATUSER_029,patient,book_appointment,047f3ed4-bdea-7cd6-6e80-8537a3979cc6,2026-05-04 11:04:52,appointment,APPOINTMENT_3085,3,3,0,0.0,1.855,0,0,15.59,0
4208,NUR_005,nurse,view_appointment,10751dec-9152-b658-beeb-ba433fbb9213,2026-05-18 06:24:14,appointment,APPOINTMENT_5730,27,7,0,0.07,1.361,0,0,12.54,0
4209,DOC_004,doctor,update_diagnosis,f84719a0-d28d-ec20-64a8-a17992dcd9ac,2026-05-03 04:21:16,condition,CONDITION_5164,21,6,1,0.06,1.922,0,0,61.08,0
4210,PATUSER_008,patient,cancel_appointment,bfb0d055-557b-4579-1a3b-78cc2ead82c9,2026-05-21 06:56:29,appointment,APPOINTMENT_5370,3,3,0,0.0,1.573,0,0,31.1,0
4211,DOC_008,doctor,view_record,047f3ed4-bdea-7cd6-6e80-8537a3979cc6,2026-03-26 02:32:11,medical_record,MEDICAL_RECORD_1067,22,15,1,0.06,1.526,1,0,44.13,0
4212,NUR_007,nurse,update_queue,d1838618-2a96-9761-0b8d-89a92a022bcc,2026-05-09 09:48:37,appointment,APPOINTMENT_5086,28,12,0,0.02,1.436,0,0,16.43,0
4213,NUR_001,nurse,update_vitals,79402472-6884-1aca-759a-a23f36ee8dca,2026-04-29 03:18:55,observation,OBSERVATION_5588,25,16,1,0.04,1.776,0,0,74.86,0
4214,PATUSER_018,patient,view_own_record,20f1f5b5-38be-6554-7a24-9fcc8d4bd6c4,2026-05-05 08:47:32,medical_record,MEDICAL_RECORD_7864,2,2,0,0.0,1.846,0,0,54.72,0
4215,NUR_006,nurse,view_audit,054e161c-d33f-0970-2018-1f19582e0813,2026-04-15 18:25:35,audit,AUDIT_5522,73,53,0,0.94,1.918,0,1,241.16,1
4216,DOC_001,doctor,update_diagnosis,a82f0145-e797-d65d-bebf-e49dd38bac1e,2026-04-02 02:44:07,condition,CONDITION_8438,24,16,1,0.14,1.906,0,0,70.56,0
4217,PATUSER_010,patient,book_appointment,4642b627-0caa-32c4-a7cd-87689252d332,2026-04-16 03:01:02,appointment,APPOINTMENT_3088,2,1,1,0.0,1.5,0,0,21.47,0
4218,PATUSER_013,patient,book_appointment,e1571870-cf37-1c6b-c97f-c4ab9a32b172,2026-05-05 07:51:28,appointment,APPOINTMENT_4541,1,2,0,0.0,0.971,0,0,59.34,0
4219,PATUSER_029,patient,view_own_record,1c39de5b-289a-3a1a-669b-2f756efb8bcb,2026-04-03 09:37:17,medical_record,MEDICAL_RECORD_5586,2,3,0,0.0,1.888,0,0,11.3,0
4220,NUR_001,nurse,update_queue,155649eb-5d3e-41ca-5a2c-78972a1721f4,2026-05-17 02:49:16,appointment,APPOINTMENT_3571,30,22,1,0.11,1.922,0,0,41.08,0
4221,NUR_002,nurse,view_appointment,e1571870-cf37-1c6b-c97f-c4ab9a32b172,2026-04-12 11:53:20,appointment,APPOINTMENT_1541,19,11,0,0.06,1.842,0,0,17.24,0
4222,DOC_005,doctor,create_prescription,d1838618-2a96-9761-0b8d-89a92a022bcc,2026-05-16 02:06:34,prescription,PRESCRIPTION_8119,20,7,1,0.14,1.5,0,0,44.8,0
4223,DOC_010,doctor,view_record,f5de0af7-bfb4-270e-8175-e12515583ea8,2026-03-29 08:54:00,medical_record,MEDICAL_RECORD_7615,16,14,0,0.09,1.379,0,0,20.21,0
4224,NUR_001,nurse,view_appointment,cc4e166f-53eb-f57b-fb9c-72dddeeb448f,2026-04-26 06:42:28,appointment,APPOINTMENT_7748,22,13,0,0.07,1.918,0,0,72.97,0
4225,PATUSER_008,patient,view_queue,12a088f3-264b-6a9f-9a57-678747110969,2026-04-25 03:21:43,queue,QUEUE_6623,5,1,1,0.0,1.906,0,0,9.47,0
4226,PATUSER_028,patient,view_own_record,4bab2d0f-4783-619c-46b2-f656667ffb67,2026-04-18 05:51:01,medical_record,MEDICAL_RECORD_4437,4,3,1,0.0,1.485,0,0,39.9,0
4227,PATUSER_010,patient,view_own_record,054e161c-d33f-0970-2018-1f19582e0813,2026-05-06 02:30:58,medical_record,MEDICAL_RECORD_7987,2,1,1,0.0,1.891,0,0,23.84,0
4228,PATUSER_020,patient,cancel_appointment,df4576f2-f38f-02c0-b20f-6153754c41a6,2026-04-17 03:57:04,appointment,APPOINTMENT_8453,6,3,1,0.0,1.79,1,0,28.75,0
4229,DOC_004,doctor,view_record,671064b5-039b-51a8-7e40-8e6baa0a7e35,2026-05-03 04:24:31,medical_record,MEDICAL_RECORD_2480,19,14,1,0.21,1.792,0,0,52.28,0
4230,PATUSER_003,patient,cancel_appointment,9cefc3e8-33f8-beac-d280-fb10e474151c,2026-05-14 11:17:04,appointment,APPOINTMENT_7936,4,2,0,0.0,1.738,0,0,24.28,0
4231,DOC_007,doctor,update_diagnosis,d5d8b210-bca5-a9ce-0711-3d09468bfe47,2026-03-26 07:53:14,condition,CONDITION_3869,23,16,0,0.05,1.888,0,0,65.8,0
4232,PATUSER_019,patient,view_own_record,d7b30817-a7e4-d7c5-8582-63d251b6f98c,2026-05-11 10:23:01,medical_record,MEDICAL_RECORD_7100,2,3,0,0.0,1.837,0,0,74.84,0
4233,PATUSER_018,patient,view_queue,e60a6ecc-5639-5800-4bf2-8e8a2865e55c,2026-04-03 03:46:26,queue,QUEUE_5120,4,1,1,0.0,1.677,0,0,10.28,0
4234,NUR_004,nurse,view_appointment,2b31de7e-3596-37c7-1d46-db12d82e73ef,2026-04-15 01:26:22,appointment,APPOINTMENT_5504,11,17,1,0.07,1.918,0,0,30.27,0
4235,PATUSER_020,patient,cancel_appointment,c95c96d5-ac6e-6ab6-143b-6da3e3923f39,2026-05-10 00:56:33,appointment,APPOINTMENT_3929,1,3,1,0.0,1.922,0,0,23.01,0
4236,PATUSER_007,patient,cancel_appointment,8e21cb1f-b016-dda9-1d06-c920c24a0b37,2026-04-21 01:03:16,appointment,APPOINTMENT_6052,2,3,1,0.0,1.792,0,0,67.52,0
4237,PATUSER_009,patient,view_queue,754c6983-a899-1c3c-f51d-2af172b88b91,2026-04-04 09:39:32,queue,QUEUE_8738,3,1,0,0.0,1.884,0,0,30.43,0
4238,DOC_009,doctor,update_diagnosis,4ca3be26-4f97-27f0-32fa-6ea155eba23a,2026-04-29 02:42:56,condition,CONDITION_6157,12,7,1,0.04,1.557,0,0,28.35,0
4239,PATUSER_015,patient,view_own_record,c72a8c6e-1dfd-0a8b-20e7-066eadd4931c,2026-04-16 07:58:29,medical_record,MEDICAL_RECORD_9906,2,3,0,0.0,1.75,0,0,49.6,0
4240,PATUSER_005,patient,book_appointment,c95c96d5-ac6e-6ab6-143b-6da3e3923f39,2026-04-05 08:34:22,appointment,APPOINTMENT_4570,5,2,0,0.0,1.776,0,0,51.72,0
4241,PATUSER_006,patient,view_own_record,2faf5170-7c17-9c76-c091-5349b5ecad23,2026-05-02 09:19:46,medical_record,MEDICAL_RECORD_8431,5,3,0,0.0,1.522,0,0,8.81,0
4242,DOC_002,doctor,create_prescription,047f3ed4-bdea-7cd6-6e80-8537a3979cc6,2026-04-19 11:10:48,prescription,PRESCRIPTION_2590,22,9,0,0.22,1.855,0,0,46.1,0
4243,DOC_007,doctor,view_record,3eee4689-2d02-6ec9-c257-42b3adfdcd70,2026-03-28 09:30:29,medical_record,MEDICAL_RECORD_8983,17,5,0,0.11,1.988,0,0,66.28,0
4244,ADM_002,admin,manage_user,f2df6bf3-460e-f410-cac9-472739e5df85,2026-04-09 18:57:35,user,USER_8006,60,72,0,0.67,1.522,0,0,399.67,1
4245,PATUSER_021,patient,cancel_appointment,5dd32bff-9eaf-50ef-db4f-c6065be13792,2026-04-19 01:15:13,appointment,APPOINTMENT_4452,4,2,1,0.0,0.722,0,0,10.62,0
4246,PATUSER_015,patient,book_appointment,20f1f5b5-38be-6554-7a24-9fcc8d4bd6c4,2026-05-08 01:07:07,appointment,APPOINTMENT_5916,5,3,1,0.0,1.449,0,0,54.17,0
4247,DOC_007,doctor,update_diagnosis,12a088f3-264b-6a9f-9a57-678747110969,2026-04-02 12:19:24,condition,CONDITION_3009,13,14,0,0.0,1.95,0,0,22.72,0
4248,PATUSER_018,patient,view_own_record,dd0de87d-2596-9c38-a834-6f5246a48a51,2026-04-21 11:33:02,medical_record,MEDICAL_RECORD_8741,3,3,0,0.0,1.53,0,0,48.97,0
4249,PATUSER_030,patient,cancel_appointment,3c6d02df-84f2-f9e2-8e09-852349757293,2026-05-02 11:47:49,appointment,APPOINTMENT_5174,6,1,0,0.0,1.5,0,0,66.93,0
4250,PATUSER_017,patient,book_appointment,8c562216-cb73-0829-2fa4-123468939df6,2026-05-08 08:09:06,appointment,APPOINTMENT_3593,1,1,0,0.0,1.522,0,0,44.14,0
4251,PATUSER_009,patient,view_own_record,2b31de7e-3596-37c7-1d46-db12d82e73ef,2026-04-06 09:23:35,medical_record,MEDICAL_RECORD_8268,5,3,0,0.0,1.5,0,0,24.66,0
4252,ADM_001,admin,update_schedule,ea7deb48-7fa5-3406-28b9-051b0c18d363,2026-05-04 03:25:01,schedule,SCHEDULE_9245,8,5,1,0.06,1.888,0,0,49.21,0
4253,PATUSER_021,patient,view_own_record,0369610a-4641-e2d5-80b2-844b2bd99f16,2026-04-17 07:06:59,medical_record,MEDICAL_RECORD_9954,2,2,0,0.0,1.371,0,0,42.76,0
4254,DOC_011,doctor,view_record,5dd32bff-9eaf-50ef-db4f-c6065be13792,2026-03-30 02:12:01,medical_record,MEDICAL_RECORD_7209,7,15,1,0.04,1.842,0,0,42.22,0
4255,PATUSER_001,patient,cancel_appointment,1f534514-2f45-191e-04b4-ad9e93bdf422,2026-05-09 11:17:37,appointment,APPOINTMENT_9899,3,2,0,0.0,2.0,0,0,43.8,0
4256,DOC_008,doctor,update_diagnosis,12a088f3-264b-6a9f-9a57-678747110969,2026-04-16 00:29:52,condition,CONDITION_9277,9,7,1,0.05,1.76,0,0,39.47,0
4257,ADM_001,admin,view_audit,0369610a-4641-e2d5-80b2-844b2bd99f16,2026-04-08 02:27:10,audit,AUDIT_5896,14,7,1,0.05,1.557,0,0,66.92,0
4258,DOC_004,doctor,view_observation,c95c96d5-ac6e-6ab6-143b-6da3e3923f39,2026-05-11 11:13:18,observation,OBSERVATION_8911,9,16,0,0.19,1.53,0,0,13.47,0
4259,PATUSER_013,patient,view_own_record,ad37dc95-561f-9348-6577-eff9b22d47c2,2026-05-13 10:41:21,medical_record,MEDICAL_RECORD_2112,4,1,0,0.0,1.79,0,0,48.95,0
4260,PATUSER_024,patient,view_queue,6367a5b3-1689-57b4-634f-693bb600e552,2026-04-14 06:46:38,queue,QUEUE_6987,5,2,0,0.0,1.371,0,0,61.09,0
4261,PATUSER_007,patient,cancel_appointment,3bc81e09-7091-bc59-a58a-39b485d9e48b,2026-03-27 11:38:16,appointment,APPOINTMENT_5152,2,2,0,0.0,1.677,0,0,53.9,0
4262,PATUSER_017,patient,view_own_record,ad37dc95-561f-9348-6577-eff9b22d47c2,2026-05-07 09:17:08,medical_record,MEDICAL_RECORD_8061,2,3,0,0.0,1.868,0,0,14.73,0
4263,PATUSER_007,patient,view_own_record,42c1eb05-09a9-eeda-a957-d822de66c536,2026-04-29 10:45:03,medical_record,MEDICAL_RECORD_8110,1,1,0,0.0,1.224,0,0,44.75,0
4264,NUR_004,nurse,update_queue,c72a8c6e-1dfd-0a8b-20e7-066eadd4931c,2026-04-05 02:46:40,appointment,APPOINTMENT_2328,8,10,1,0.05,1.75,0,0,40.72,0
4265,ADM_001,admin,manage_user,b09b332a-a8b1-5541-6855-d6420f922505,2026-05-23 11:26:33,user,USER_5948,7,6,0,0.05,1.75,0,0,45.6,0
4266,PATUSER_024,patient,book_appointment,cc4e166f-53eb-f57b-fb9c-72dddeeb448f,2026-03-29 09:46:38,appointment,APPOINTMENT_4168,4,1,0,0.0,1.906,0,0,6.9,0
4267,DOC_012,doctor,update_diagnosis,21adc8c0-7e1e-5167-1ac1-5449a6a2c73f,2026-04-26 00:29:45,condition,CONDITION_4133,15,13,1,0.05,1.585,0,0,23.34,0
4268,PATUSER_002,patient,book_appointment,d998bd61-bed8-3eb5-dcb5-297579cf936f,2026-03-26 09:27:04,appointment,APPOINTMENT_4805,1,3,0,0.0,1.95,0,0,55.65,0
4269,DOC_014,doctor,view_record,717861a2-ab2b-2d2a-6a8f-6388dbff69d2,2026-04-15 01:14:22,medical_record,MEDICAL_RECORD_6562,18,15,1,0.07,1.842,0,0,56.77,0
4270,DOC_004,doctor,update_diagnosis,11b2d013-d581-7187-e88b-7a04781d307b,2026-04-24 07:17:26,condition,CONDITION_8879,20,5,0,0.07,0.811,0,0,55.75,0
4271,DOC_006,doctor,view_observation,d1838618-2a96-9761-0b8d-89a92a022bcc,2026-04-30 16:10:26,observation,OBSERVATION_6971,67,70,0,0.71,1.5,1,0,138.7,1
4272,PATUSER_003,patient,view_own_record,7bbc22dd-2b36-8b49-3bcc-14c25dafd13e,2026-05-10 08:27:36,medical_record,MEDICAL_RECORD_4061,3,2,0,0.0,1.585,0,0,26.03,0
4273,DOC_008,doctor,view_record,20f1f5b5-38be-6554-7a24-9fcc8d4bd6c4,2026-05-08 12:11:37,medical_record,MEDICAL_RECORD_2277,24,15,0,0.04,1.891,0,0,60.63,0
4274,NUR_007,nurse,view_appointment,bee08b10-0c18-396e-9f8a-03e41691509b,2026-04-05 04:01:37,appointment,APPOINTMENT_4559,24,25,1,0.05,1.241,0,0,51.88,0
4275,PATUSER_001,patient,cancel_appointment,b4679b26-64ac-c348-6667-1e9093ae866f,2026-04-19 02:54:59,appointment,APPOINTMENT_7514,2,2,1,0.0,1.371,0,0,20.71,0
4276,ADM_002,admin,update_schedule,e8b56457-438e-7a2e-04ee-e0b2ec149f61,2026-04-23 01:56:01,schedule,SCHEDULE_7209,6,1,1,0.05,1.459,0,0,25.7,0
4277,PATUSER_025,patient,cancel_appointment,3844e0c5-14c7-8f87-19b0-8f769b3bdd70,2026-04-05 01:41:32,appointment,APPOINTMENT_8422,4,1,1,0.0,1.959,0,0,12.89,0
4278,PATUSER_008,patient,view_queue,fb36d3d9-666c-c4c2-bb96-c9195538d4df,2026-05-15 02:40:56,queue,QUEUE_3160,2,2,1,0.0,1.884,0,0,21.97,0
4279,DOC_010,doctor,view_record,a2ff83e0-2cc0-50a4-b008-52a1add72ced,2026-04-19 09:43:44,medical_record,MEDICAL_RECORD_3606,20,12,0,0.0,0.592,0,0,15.21,0
4280,DOC_008,doctor,view_record,2b31de7e-3596-37c7-1d46-db12d82e73ef,2026-05-18 05:45:47,medical_record,MEDICAL_RECORD_9681,6,8,1,0.07,1.834,0,0,9.92,0
4281,PATUSER_019,patient,cancel_appointment,a82f0145-e797-d65d-bebf-e49dd38bac1e,2026-04-12 01:18:45,appointment,APPOINTMENT_1420,5,3,1,0.0,1.971,0,0,67.19,0
4282,PATUSER_010,patient,cancel_appointment,744a7169-4e89-61ff-27f2-3c736abf4368,2026-04-05 01:24:23,appointment,APPOINTMENT_2284,5,3,1,0.0,1.936,0,0,62.28,0
4283,PATUSER_023,patient,view_own_record,5dd32bff-9eaf-50ef-db4f-c6065be13792,2026-05-14 04:43:01,medical_record,MEDICAL_RECORD_5581,2,2,1,0.0,1.906,0,0,27.7,0
4284,PATUSER_015,patient,cancel_appointment,1f534514-2f45-191e-04b4-ad9e93bdf422,2026-05-13 04:54:57,appointment,APPOINTMENT_6950,4,1,1,0.0,1.5,0,0,39.1,0
4285,PATUSER_016,patient,view_queue,7225d50f-9363-214e-02d6-3fdc2a246bdc,2026-04-09 02:06:48,queue,QUEUE_7809,6,3,1,0.0,1.224,0,0,42.79,0
4286,DOC_010,doctor,create_prescription,054e161c-d33f-0970-2018-1f19582e0813,2026-05-21 07:45:49,prescription,PRESCRIPTION_3689,21,8,0,0.21,1.842,0,0,61.99,0
4287,PATUSER_019,patient,book_appointment,3bc81e09-7091-bc59-a58a-39b485d9e48b,2026-04-28 09:27:00,appointment,APPOINTMENT_7524,4,3,0,0.0,1.936,0,0,47.5,0
4288,DOC_010,doctor,view_observation,465dd060-e77a-9924-0d7a-75d52d39a714,2026-04-23 06:25:32,observation,OBSERVATION_1318,23,5,0,0.09,1.379,0,0,18.4,0
4289,DOC_008,doctor,view_record,d998bd61-bed8-3eb5-dcb5-297579cf936f,2026-04-17 01:07:38,medical_record,MEDICAL_RECORD_5144,7,10,1,0.19,1.846,0,0,49.91,0
4290,PATUSER_030,patient,view_queue,910f9d72-b5f2-60bf-8302-274ac5d74635,2026-04-05 08:29:58,queue,QUEUE_2076,5,1,0,0.0,1.406,0,0,11.24,0
4291,DOC_008,doctor,create_prescription,4642b627-0caa-32c4-a7cd-87689252d332,2026-05-16 03:07:20,prescription,PRESCRIPTION_8091,22,10,1,0.17,1.981,0,0,27.83,0
4292,PATUSER_013,patient,view_queue,8db9c819-1c0b-c9a9-3e31-4b85f52201d2,2026-05-20 11:48:45,queue,QUEUE_3736,1,3,0,0.0,1.371,0,0,68.13,0
4293,PATUSER_013,patient,view_own_record,3408cffd-cbea-0de1-e3a8-8b0b86bb5637,2026-04-19 05:12:36,medical_record,MEDICAL_RECORD_5024,5,2,1,0.0,1.522,0,0,57.08,0
4294,PATUSER_024,patient,view_audit,9e25d332-9229-0803-ad9f-ca235142458e,2026-04-07 17:12:29,audit,AUDIT_6137,42,68,0,0.91,2.059,1,1,353.11,1
4295,PATUSER_028,patient,view_queue,073b376b-9659-3e78-c6a6-a08b74d710da,2026-04-14 08:26:20,queue,QUEUE_6638,3,2,0,0.0,1.252,0,0,63.1,0
4296,PATUSER_028,patient,view_audit,d5d8b210-bca5-a9ce-0711-3d09468bfe47,2026-04-10 17:12:39,audit,AUDIT_2476,66,32,0,0.69,1.5,1,1,414.54,1
4297,PATUSER_001,patient,cancel_appointment,b4679b26-64ac-c348-6667-1e9093ae866f,2026-04-06 04:59:49,appointment,APPOINTMENT_9521,2,2,1,0.0,1.792,0,0,48.28,0
4298,PATUSER_022,patient,book_appointment,d998bd61-bed8-3eb5-dcb5-297579cf936f,2026-05-08 03:43:57,appointment,APPOINTMENT_6428,3,1,1,0.0,1.585,0,0,22.75,0
4299,DOC_013,doctor,view_observation,ad37dc95-561f-9348-6577-eff9b22d47c2,2026-05-13 11:55:06,observation,OBSERVATION_7462,12,16,0,0.18,1.5,0,0,73.14,0
4300,PATUSER_012,patient,cancel_appointment,57b901cb-d3d2-258c-2773-57008eb32345,2026-05-03 11:32:46,appointment,APPOINTMENT_2547,2,3,0,0.0,1.837,0,0,38.02,0
4301,PATUSER_013,patient,view_queue,b09b332a-a8b1-5541-6855-d6420f922505,2026-04-14 03:41:48,queue,QUEUE_9965,6,2,1,0.0,1.906,0,0,39.38,0
4302,PATUSER_003,patient,book_appointment,79402472-6884-1aca-759a-a23f36ee8dca,2026-04-30 04:10:38,appointment,APPOINTMENT_9641,2,1,1,0.0,1.5,0,0,62.05,0
4303,PATUSER_026,patient,view_own_record,b4679b26-64ac-c348-6667-1e9093ae866f,2026-04-18 05:28:08,medical_record,MEDICAL_RECORD_9846,6,2,1,0.0,1.561,1,0,22.29,0
4304,PATUSER_003,patient,view_record,21b4ddc5-081e-1ecd-3573-f2ea42677b66,2026-03-28 19:59:46,medical_record,MEDICAL_RECORD_4594,55,64,0,0.77,2.187,0,1,280.71,1
4305,DOC_013,doctor,view_record,668a10b4-c005-0df3-522e-b068e0d29ea9,2026-04-05 01:50:04,medical_record,MEDICAL_RECORD_7945,17,3,1,0.16,1.971,0,0,69.27,0
4306,DOC_005,doctor,view_observation,20f1f5b5-38be-6554-7a24-9fcc8d4bd6c4,2026-05-04 04:52:48,observation,OBSERVATION_7143,24,14,1,0.05,1.95,0,0,33.27,0
4307,ADM_003,admin,manage_user,e8b56457-438e-7a2e-04ee-e0b2ec149f61,2026-04-04 16:44:36,user,USER_1278,36,49,0,0.85,1.522,1,0,260.99,1
4308,PATUSER_007,patient,book_appointment,b09b332a-a8b1-5541-6855-d6420f922505,2026-04-14 05:27:20,appointment,APPOINTMENT_4296,2,2,1,0.0,1.0,0,0,73.89,0
4309,PATUSER_018,patient,view_queue,8e21cb1f-b016-dda9-1d06-c920c24a0b37,2026-05-13 02:57:53,queue,QUEUE_9952,4,3,1,0.0,1.522,0,0,34.12,0
4310,PATUSER_030,patient,view_queue,1f534514-2f45-191e-04b4-ad9e93bdf422,2026-05-09 09:15:18,queue,QUEUE_3084,6,3,0,0.0,1.959,0,0,52.62,0
4311,NUR_005,nurse,update_vitals,155649eb-5d3e-41ca-5a2c-78972a1721f4,2026-04-21 00:45:29,observation,OBSERVATION_3636,13,17,1,0.07,1.823,0,0,42.44,0
4312,PATUSER_017,patient,view_record,917ffe5d-46b2-36f1-0de8-35e5ed017fa7,2026-04-12 19:54:24,medical_record,MEDICAL_RECORD_9110,87,73,0,0.86,2.005,1,1,251.67,1
4313,PATUSER_022,patient,book_appointment,e7fccc97-5df9-b27f-8322-44fd5b624936,2026-05-09 03:00:56,appointment,APPOINTMENT_6722,3,1,1,0.0,1.459,0,0,26.18,0
4314,DOC_004,doctor,update_diagnosis,4ca3be26-4f97-27f0-32fa-6ea155eba23a,2026-03-29 05:37:18,condition,CONDITION_7892,19,3,1,0.06,1.906,0,0,50.03,0
4315,PATUSER_025,patient,view_queue,235bd53d-07f7-5874-c952-5126acfab01e,2026-05-08 06:33:03,queue,QUEUE_8432,4,2,0,0.0,1.811,0,0,12.69,0
4316,PATUSER_019,patient,view_record,11b2d013-d581-7187-e88b-7a04781d307b,2026-03-26 15:52:21,medical_record,MEDICAL_RECORD_5252,71,42,0,0.69,1.686,1,1,224.4,1
4317,DOC_011,doctor,view_observation,5dd32bff-9eaf-50ef-db4f-c6065be13792,2026-04-25 07:28:30,observation,OBSERVATION_2894,8,13,0,0.14,1.65,0,0,42.31,0
4318,DOC_005,doctor,create_prescription,2d457e3d-90cb-357e-f7e0-3014068d2f29,2026-04-16 05:25:41,prescription,PRESCRIPTION_3847,6,13,1,0.12,1.685,0,0,17.52,0
4319,DOC_004,doctor,view_observation,c95c96d5-ac6e-6ab6-143b-6da3e3923f39,2026-05-14 08:33:11,observation,OBSERVATION_5211,7,9,0,0.09,1.859,0,0,22.52,0
4320,DOC_001,doctor,view_record,e1571870-cf37-1c6b-c97f-c4ab9a32b172,2026-05-05 01:01:34,medical_record,MEDICAL_RECORD_5141,13,5,1,0.02,1.981,0,0,8.32,0
4321,PATUSER_011,patient,view_own_record,1f534514-2f45-191e-04b4-ad9e93bdf422,2026-05-14 01:41:11,medical_record,MEDICAL_RECORD_5053,1,1,1,0.0,1.811,1,0,13.84,0
4322,DOC_012,doctor,update_diagnosis,392c8ae6-3c3b-1ff7-c35c-4e64946db9b6,2026-05-07 05:41:49,condition,CONDITION_3548,23,9,1,0.2,1.526,0,0,38.17,0
4323,DOC_010,doctor,view_observation,054e161c-d33f-0970-2018-1f19582e0813,2026-05-18 01:56:58,observation,OBSERVATION_4734,19,14,1,0.05,1.557,0,0,71.76,0
4324,PATUSER_023,patient,view_own_record,57b901cb-d3d2-258c-2773-57008eb32345,2026-04-03 11:45:00,medical_record,MEDICAL_RECORD_5249,1,1,0,0.0,1.722,0,0,53.53,0
4325,PATUSER_024,patient,book_appointment,e94fc8e2-b867-5164-0607-5e5eb581b150,2026-04-07 06:17:46,appointment,APPOINTMENT_1917,1,1,0,0.0,1.936,0,0,56.91,0
4326,PATUSER_003,patient,view_own_record,4f74c441-7628-4f98-82a7-f4c99d926736,2026-05-07 08:52:05,medical_record,MEDICAL_RECORD_5355,2,2,0,0.0,1.918,0,0,70.23,0
4327,DOC_015,doctor,create_prescription,671064b5-039b-51a8-7e40-8e6baa0a7e35,2026-04-04 16:21:39,prescription,PRESCRIPTION_1335,63,64,0,0.95,0.811,1,0,135.03,1
4328,PATUSER_025,patient,book_appointment,45f758c8-34c3-3fa5-41f9-5906127ba1bd,2026-04-23 07:00:04,appointment,APPOINTMENT_7016,3,1,0,0.0,1.485,0,0,23.47,0
4329,PATUSER_009,patient,cancel_appointment,dd0de87d-2596-9c38-a834-6f5246a48a51,2026-04-28 08:41:36,appointment,APPOINTMENT_3496,1,2,0,0.0,1.371,0,0,36.12,0
4330,PATUSER_012,patient,view_queue,5dd32bff-9eaf-50ef-db4f-c6065be13792,2026-04-01 05:22:14,queue,QUEUE_6321,5,3,1,0.0,1.664,0,0,20.21,0
4331,NUR_003,nurse,view_appointment,4642b627-0caa-32c4-a7cd-87689252d332,2026-05-09 11:01:32,appointment,APPOINTMENT_3445,10,18,0,0.1,0.722,0,0,27.71,0
4332,PATUSER_024,patient,view_own_record,d7b30817-a7e4-d7c5-8582-63d251b6f98c,2026-03-25 08:09:41,medical_record,MEDICAL_RECORD_1857,2,2,0,0.0,1.557,1,0,12.38,0
4333,DOC_002,doctor,view_observation,155649eb-5d3e-41ca-5a2c-78972a1721f4,2026-04-09 09:39:15,observation,OBSERVATION_4432,18,9,0,0.02,1.971,0,0,57.54,0
4334,PATUSER_009,patient,view_audit,4ca3be26-4f97-27f0-32fa-6ea155eba23a,2026-04-05 19:26:36,audit,AUDIT_5574,41,64,0,0.85,1.918,1,1,348.29,1
4335,PATUSER_010,patient,cancel_appointment,df4576f2-f38f-02c0-b20f-6153754c41a6,2026-05-08 02:33:49,appointment,APPOINTMENT_1506,3,2,1,0.0,1.837,0,0,50.8,0
4336,DOC_009,doctor,view_record,2d457e3d-90cb-357e-f7e0-3014068d2f29,2026-05-22 04:13:13,medical_record,MEDICAL_RECORD_3363,21,16,1,0.12,1.95,0,0,9.89,0
4337,PATUSER_013,patient,book_appointment,f84719a0-d28d-ec20-64a8-a17992dcd9ac,2026-04-25 00:44:53,appointment,APPOINTMENT_7549,3,1,1,0.0,1.884,0,0,41.59,0
4338,DOC_012,doctor,update_diagnosis,5dd32bff-9eaf-50ef-db4f-c6065be13792,2026-05-21 12:21:27,condition,CONDITION_1808,7,10,0,0.13,1.971,0,0,5.92,0
4339,PATUSER_022,patient,view_own_record,d7b30817-a7e4-d7c5-8582-63d251b6f98c,2026-04-14 07:02:13,medical_record,MEDICAL_RECORD_2271,3,2,0,0.0,1.842,0,0,48.18,0
4340,PATUSER_027,patient,book_appointment,f84719a0-d28d-ec20-64a8-a17992dcd9ac,2026-05-10 09:53:37,appointment,APPOINTMENT_8134,3,2,0,0.0,1.95,0,0,62.23,0
4341,DOC_015,doctor,view_observation,d1838618-2a96-9761-0b8d-89a92a022bcc,2026-04-07 10:43:49,observation,OBSERVATION_8504,18,8,0,0.05,1.485,0,0,58.74,0
4342,NUR_002,nurse,register_walkin,d1838618-2a96-9761-0b8d-89a92a022bcc,2026-05-23 01:23:18,appointment,APPOINTMENT_8421,23,19,1,0.05,1.157,0,0,59.75,0
4343,PATUSER_003,patient,cancel_appointment,843d8b33-f833-1324-2aa6-e07c91e49204,2026-04-28 05:24:28,appointment,APPOINTMENT_1634,5,1,1,0.0,1.868,0,0,21.79,0
4344,PATUSER_011,patient,cancel_appointment,a24f1dcf-ef87-f609-183a-d00bcc9b7292,2026-04-26 02:25:32,appointment,APPOINTMENT_5789,2,1,1,0.0,2.0,0,0,37.31,0
4345,ADM_003,admin,update_schedule,2925a752-da6a-ef1f-31aa-68b0c2ff5027,2026-04-28 02:52:31,schedule,SCHEDULE_4525,10,8,1,0.07,1.922,0,0,41.23,0
4346,PATUSER_024,patient,view_queue,8e21cb1f-b016-dda9-1d06-c920c24a0b37,2026-05-23 09:03:55,queue,QUEUE_9146,5,3,0,0.0,1.891,0,0,50.68,0
4347,DOC_012,doctor,view_observation,2d457e3d-90cb-357e-f7e0-3014068d2f29,2026-05-11 07:41:05,observation,OBSERVATION_8503,21,4,0,0.2,1.5,0,0,71.59,0
4348,NUR_005,nurse,view_appointment,054e161c-d33f-0970-2018-1f19582e0813,2026-05-16 06:30:31,appointment,APPOINTMENT_9692,27,12,0,0.0,1.888,0,0,59.68,0
4349,PATUSER_008,patient,view_own_record,843d8b33-f833-1324-2aa6-e07c91e49204,2026-04-25 08:57:01,medical_record,MEDICAL_RECORD_6398,5,1,0,0.0,1.5,0,0,29.51,0
4350,DOC_003,doctor,view_record,d20dc49f-5674-961e-a123-6e3000654b95,2026-05-20 02:47:08,medical_record,MEDICAL_RECORD_9718,18,14,1,0.03,0.985,0,0,38.51,0
4351,PATUSER_023,patient,cancel_appointment,1f534514-2f45-191e-04b4-ad9e93bdf422,2026-03-31 03:27:29,appointment,APPOINTMENT_4350,1,2,1,0.0,1.922,0,0,72.48,0
4352,PATUSER_012,patient,book_appointment,8c562216-cb73-0829-2fa4-123468939df6,2026-05-04 08:42:42,appointment,APPOINTMENT_3656,1,2,0,0.0,1.614,0,0,23.14,0
4353,NUR_005,nurse,update_vitals,073b376b-9659-3e78-c6a6-a08b74d710da,2026-03-31 10:01:03,observation,OBSERVATION_5415,27,14,0,0.01,1.825,0,0,28.34,0
4354,PATUSER_027,patient,view_own_record,4642b627-0caa-32c4-a7cd-87689252d332,2026-04-27 10:54:48,medical_record,MEDICAL_RECORD_7220,5,2,0,0.0,1.846,0,0,47.49,0
4355,PATUSER_019,patient,view_own_record,820d39a0-d304-2b9d-25a8-d705deede745,2026-04-01 01:34:25,medical_record,MEDICAL_RECORD_2471,1,3,1,0.0,2.0,0,0,17.78,0
4356,PATUSER_016,patient,cancel_appointment,dd55f477-af88-4543-f8c0-dca25a96c4cb,2026-04-24 01:59:02,appointment,APPOINTMENT_8849,4,1,1,0.0,0.722,0,0,61.04,0
4357,NUR_001,nurse,register_walkin,ed1c3b46-34b9-221b-cb10-682e9ed9ddbd,2026-04-18 09:18:20,appointment,APPOINTMENT_2353,22,22,0,0.08,1.906,0,0,32.01,0
4358,PATUSER_012,patient,cancel_appointment,88f931d5-4cfa-4be9-c6be-738d5fc8c215,2026-05-17 05:46:41,appointment,APPOINTMENT_2608,4,2,1,0.0,1.0,0,0,71.27,0
4359,DOC_014,doctor,create_prescription,dd55f477-af88-4543-f8c0-dca25a96c4cb,2026-04-26 18:25:18,prescription,PRESCRIPTION_8185,72,46,0,0.84,1.981,1,0,145.4,1
4360,NUR_005,nurse,register_walkin,054e161c-d33f-0970-2018-1f19582e0813,2026-05-07 01:48:07,appointment,APPOINTMENT_9706,16,9,1,0.06,1.854,0,0,7.16,0
4361,NUR_006,nurse,update_vitals,a2ff83e0-2cc0-50a4-b008-52a1add72ced,2026-04-04 09:21:34,observation,OBSERVATION_1207,26,15,0,0.09,1.888,0,0,47.87,0
4362,NUR_003,nurse,update_vitals,ed1c3b46-34b9-221b-cb10-682e9ed9ddbd,2026-04-05 01:50:40,observation,OBSERVATION_2672,24,19,1,0.08,1.95,0,0,41.52,0
4363,DOC_014,doctor,update_diagnosis,754c6983-a899-1c3c-f51d-2af172b88b91,2026-04-01 07:00:06,condition,CONDITION_8865,13,5,0,0.03,1.5,0,0,67.77,0
4364,PATUSER_020,patient,cancel_appointment,dd0de87d-2596-9c38-a834-6f5246a48a51,2026-03-31 03:55:05,appointment,APPOINTMENT_8397,5,2,1,0.0,1.73,0,0,59.84,0
4365,DOC_006,doctor,view_observation,a8bef5c2-6743-79e8-8477-bc3b6244c334,2026-05-12 04:01:10,observation,OBSERVATION_3904,19,17,1,0.14,1.459,0,0,30.22,0
4366,DOC_002,doctor,create_prescription,843d8b33-f833-1324-2aa6-e07c91e49204,2026-04-04 04:17:23,prescription,PRESCRIPTION_2686,21,8,1,0.13,1.959,0,0,31.21,0
4367,PATUSER_023,patient,cancel_appointment,c72a8c6e-1dfd-0a8b-20e7-066eadd4931c,2026-04-15 02:02:48,appointment,APPOINTMENT_5835,6,2,1,0.0,1.842,0,0,50.91,0
4368,PATUSER_019,patient,cancel_appointment,3408cffd-cbea-0de1-e3a8-8b0b86bb5637,2026-04-07 12:13:45,appointment,APPOINTMENT_4181,2,1,0,0.0,1.846,0,0,45.78,0
4369,PATUSER_009,patient,book_appointment,2d457e3d-90cb-357e-f7e0-3014068d2f29,2026-05-09 02:19:17,appointment,APPOINTMENT_1195,4,2,1,0.0,1.75,0,0,54.58,0
4370,NUR_006,nurse,update_queue,01974f36-ced2-c38e-32c5-1b09e1fe1638,2026-04-21 01:04:38,appointment,APPOINTMENT_8916,20,11,1,0.01,1.664,0,0,28.1,0
4371,ADM_003,admin,view_audit,c72a8c6e-1dfd-0a8b-20e7-066eadd4931c,2026-05-14 07:27:11,audit,AUDIT_4443,13,3,0,0.08,1.811,0,0,42.61,0
4372,PATUSER_030,patient,book_appointment,fb36d3d9-666c-c4c2-bb96-c9195538d4df,2026-05-23 11:09:39,appointment,APPOINTMENT_2160,1,1,0,0.0,1.826,0,0,30.28,0
4373,NUR_006,nurse,update_queue,20f1f5b5-38be-6554-7a24-9fcc8d4bd6c4,2026-05-12 09:44:32,appointment,APPOINTMENT_3761,18,11,0,0.05,1.761,0,0,60.14,0
4374,PATUSER_002,patient,cancel_appointment,235bd53d-07f7-5874-c952-5126acfab01e,2026-04-04 01:07:00,appointment,APPOINTMENT_7725,5,2,1,0.0,1.79,0,0,53.45,0
4375,PATUSER_020,patient,cancel_appointment,6367a5b3-1689-57b4-634f-693bb600e552,2026-05-15 09:48:32,appointment,APPOINTMENT_9652,3,2,0,0.0,1.5,0,0,47.85,0
4376,PATUSER_015,patient,view_queue,e94fc8e2-b867-5164-0607-5e5eb581b150,2026-04-29 02:06:24,queue,QUEUE_7483,6,2,1,0.0,1.784,0,0,15.24,0
4377,PATUSER_028,patient,view_queue,f84719a0-d28d-ec20-64a8-a17992dcd9ac,2026-04-08 08:43:59,queue,QUEUE_8286,5,2,0,0.0,1.561,0,0,15.98,0
4378,PATUSER_003,patient,view_queue,3c6d02df-84f2-f9e2-8e09-852349757293,2026-05-15 07:01:46,queue,QUEUE_5654,1,1,0,0.0,1.539,0,0,21.12,0
4379,PATUSER_001,patient,book_appointment,12a088f3-264b-6a9f-9a57-678747110969,2026-04-18 06:10:56,appointment,APPOINTMENT_5578,4,2,0,0.0,1.846,0,0,27.26,0
4380,ADM_001,admin,view_audit,8db9c819-1c0b-c9a9-3e31-4b85f52201d2,2026-04-10 08:11:31,audit,AUDIT_5878,6,3,0,0.09,2.0,0,0,10.33,0
4381,PATUSER_027,patient,view_queue,047f3ed4-bdea-7cd6-6e80-8537a3979cc6,2026-05-17 06:09:02,queue,QUEUE_2551,2,1,0,0.0,1.371,0,0,61.79,0
4382,PATUSER_024,patient,view_own_record,7f857501-0257-2c7f-2e8f-9886705681f3,2026-05-06 05:39:55,medical_record,MEDICAL_RECORD_1863,5,2,1,0.0,1.906,0,0,71.2,0
4383,DOC_013,doctor,view_record,cc4e166f-53eb-f57b-fb9c-72dddeeb448f,2026-04-12 04:13:15,medical_record,MEDICAL_RECORD_9541,9,17,1,0.15,1.371,0,0,49.47,0
4384,DOC_005,doctor,view_observation,4ca3be26-4f97-27f0-32fa-6ea155eba23a,2026-04-05 08:28:57,observation,OBSERVATION_8565,23,15,0,0.15,1.761,0,0,7.75,0
4385,PATUSER_021,patient,view_own_record,d9044272-63af-eca3-2a0c-ec9f9c10a98f,2026-04-27 05:33:21,medical_record,MEDICAL_RECORD_1819,4,3,1,0.0,1.571,0,0,9.41,0
4386,NUR_002,nurse,view_appointment,5dd32bff-9eaf-50ef-db4f-c6065be13792,2026-05-17 01:14:57,appointment,APPOINTMENT_8409,27,25,1,0.11,1.971,0,0,64.01,0
4387,PATUSER_008,patient,view_own_record,b09b332a-a8b1-5541-6855-d6420f922505,2026-04-28 02:11:04,medical_record,MEDICAL_RECORD_4248,6,2,1,0.0,1.971,0,0,25.67,0
4388,PATUSER_012,patient,cancel_appointment,dd55f477-af88-4543-f8c0-dca25a96c4cb,2026-04-27 04:56:42,appointment,APPOINTMENT_8622,6,3,1,0.0,1.5,0,0,49.4,0
4389,PATUSER_015,patient,cancel_appointment,1f534514-2f45-191e-04b4-ad9e93bdf422,2026-04-19 05:38:47,appointment,APPOINTMENT_6965,4,2,1,0.0,1.522,0,0,64.77,0
4390,PATUSER_008,patient,update_diagnosis,bfb0d055-557b-4579-1a3b-78cc2ead82c9,2026-05-18 17:37:03,condition,CONDITION_2182,72,55,0,0.7,2.046,0,1,352.39,1
4391,DOC_009,doctor,view_observation,3c6d02df-84f2-f9e2-8e09-852349757293,2026-05-04 11:41:23,observation,OBSERVATION_9734,13,11,0,0.21,1.5,0,0,9.34,0
4392,PATUSER_015,patient,cancel_appointment,e1571870-cf37-1c6b-c97f-c4ab9a32b172,2026-03-29 06:06:24,appointment,APPOINTMENT_9005,2,2,0,0.0,1.447,0,0,71.96,0
4393,PATUSER_005,patient,view_own_record,3eee4689-2d02-6ec9-c257-42b3adfdcd70,2026-04-07 09:36:15,medical_record,MEDICAL_RECORD_5386,4,3,0,0.0,1.626,0,0,44.93,0
4394,DOC_006,doctor,create_prescription,d1838618-2a96-9761-0b8d-89a92a022bcc,2026-04-21 10:14:49,prescription,PRESCRIPTION_4265,11,8,0,0.2,1.53,0,0,44.03,0
4395,PATUSER_004,patient,book_appointment,e7fccc97-5df9-b27f-8322-44fd5b624936,2026-04-25 08:10:31,appointment,APPOINTMENT_8367,1,2,0,0.0,1.888,0,0,36.91,0
4396,PATUSER_022,patient,book_appointment,7f857501-0257-2c7f-2e8f-9886705681f3,2026-05-18 11:35:50,appointment,APPOINTMENT_9649,5,2,0,0.0,1.79,0,0,32.33,0
4397,DOC_003,doctor,create_prescription,d1838618-2a96-9761-0b8d-89a92a022bcc,2026-04-09 11:46:28,prescription,PRESCRIPTION_9838,6,3,0,0.03,1.906,0,0,69.15,0
4398,PATUSER_007,patient,cancel_appointment,b23941a4-269e-2ac4-8ced-75d1ac8b1b1d,2026-05-16 03:14:21,appointment,APPOINTMENT_3458,4,3,1,0.0,1.352,0,0,27.14,0
4399,NUR_003,nurse,view_appointment,c95c96d5-ac6e-6ab6-143b-6da3e3923f39,2026-05-22 05:42:19,appointment,APPOINTMENT_9780,13,11,1,0.0,1.371,0,0,44.25,0
4400,PATUSER_029,patient,cancel_appointment,d1838618-2a96-9761-0b8d-89a92a022bcc,2026-05-14 10:48:03,appointment,APPOINTMENT_6470,4,3,0,0.0,1.664,0,0,60.14,0
4401,PATUSER_006,patient,cancel_appointment,d5d8b210-bca5-a9ce-0711-3d09468bfe47,2026-04-12 07:30:23,appointment,APPOINTMENT_6203,4,1,0,0.0,1.522,0,0,58.88,0
4402,PATUSER_022,patient,book_appointment,754c6983-a899-1c3c-f51d-2af172b88b91,2026-03-31 08:58:20,appointment,APPOINTMENT_8790,5,1,0,0.0,1.959,0,0,67.54,0
4403,NUR_002,nurse,update_queue,668a10b4-c005-0df3-522e-b068e0d29ea9,2026-04-04 03:11:03,appointment,APPOINTMENT_7142,26,22,1,0.05,1.922,0,0,28.36,0
4404,PATUSER_008,patient,book_appointment,e60a6ecc-5639-5800-4bf2-8e8a2865e55c,2026-04-22 09:44:35,appointment,APPOINTMENT_6214,3,1,0,0.0,0.971,0,0,32.03,0
4405,PATUSER_030,patient,view_queue,2faf5170-7c17-9c76-c091-5349b5ecad23,2026-04-21 02:21:40,queue,QUEUE_6007,4,2,1,0.0,1.918,0,0,23.3,0
4406,DOC_009,doctor,update_diagnosis,01974f36-ced2-c38e-32c5-1b09e1fe1638,2026-04-28 09:44:21,condition,CONDITION_8218,24,10,0,0.22,1.936,0,0,52.79,0
4407,NUR_007,nurse,update_queue,9b5ce034-80bf-4c6b-f400-3a89fc0d135b,2026-03-28 08:42:51,appointment,APPOINTMENT_1609,27,16,0,0.09,1.811,0,0,30.13,0
4408,PATUSER_013,patient,cancel_appointment,ea7deb48-7fa5-3406-28b9-051b0c18d363,2026-04-18 10:17:03,appointment,APPOINTMENT_2267,4,2,0,0.0,1.371,0,0,16.74,0
4409,PATUSER_013,patient,view_own_record,d20dc49f-5674-961e-a123-6e3000654b95,2026-05-13 04:31:57,medical_record,MEDICAL_RECORD_4821,2,2,1,0.0,1.918,0,0,13.06,0
4410,PATUSER_009,patient,view_audit,9cefc3e8-33f8-beac-d280-fb10e474151c,2026-03-29 16:59:32,audit,AUDIT_3379,42,35,0,0.93,2.046,1,1,151.74,1
4411,PATUSER_023,patient,cancel_appointment,b3c9a883-40ea-1452-7b76-62e552e033d2,2026-04-18 07:28:53,appointment,APPOINTMENT_4757,6,1,0,0.0,1.79,0,0,74.19,0
4412,PATUSER_025,patient,view_own_record,bfb0d055-557b-4579-1a3b-78cc2ead82c9,2026-04-21 05:36:25,medical_record,MEDICAL_RECORD_7156,3,3,1,0.0,1.459,0,0,58.05,0
4413,NUR_001,nurse,register_walkin,2d457e3d-90cb-357e-f7e0-3014068d2f29,2026-04-07 05:32:36,appointment,APPOINTMENT_6999,8,23,1,0.08,1.361,0,0,62.63,0
4414,PATUSER_001,patient,view_own_record,3bc81e09-7091-bc59-a58a-39b485d9e48b,2026-05-07 04:30:08,medical_record,MEDICAL_RECORD_8755,3,2,1,0.0,1.906,0,0,41.23,0
4415,PATUSER_015,patient,view_own_record,8c562216-cb73-0829-2fa4-123468939df6,2026-04-12 02:40:29,medical_record,MEDICAL_RECORD_7924,4,2,1,0.0,1.842,0,0,61.18,0
4416,DOC_011,doctor,view_observation,744a7169-4e89-61ff-27f2-3c736abf4368,2026-03-25 06:48:01,observation,OBSERVATION_9348,20,13,0,0.22,1.855,0,0,36.24,0
4417,NUR_003,nurse,view_appointment,d1838618-2a96-9761-0b8d-89a92a022bcc,2026-05-02 06:19:20,appointment,APPOINTMENT_8158,28,23,0,0.09,1.971,0,0,33.24,0
4418,PATUSER_022,patient,update_diagnosis,c72a8c6e-1dfd-0a8b-20e7-066eadd4931c,2026-03-25 20:47:51,condition,CONDITION_4013,58,52,0,0.78,2.322,0,1,219.86,1
4419,ADM_002,admin,view_report,dd55f477-af88-4543-f8c0-dca25a96c4cb,2026-04-28 08:11:01,report,REPORT_3606,7,3,0,0.05,1.834,0,0,13.1,0
4420,NUR_006,nurse,update_queue,9e25d332-9229-0803-ad9f-ca235142458e,2026-05-18 00:54:42,appointment,APPOINTMENT_7615,30,15,1,0.0,1.922,0,0,19.18,0
4421,PATUSER_002,patient,view_queue,917ffe5d-46b2-36f1-0de8-35e5ed017fa7,2026-04-07 11:23:18,queue,QUEUE_2024,5,2,0,0.0,1.522,0,0,9.17,0
4422,PATUSER_002,patient,book_appointment,1f534514-2f45-191e-04b4-ad9e93bdf422,2026-05-03 11:14:08,appointment,APPOINTMENT_9302,1,1,0,0.0,1.371,0,0,65.39,0
4423,PATUSER_001,patient,cancel_appointment,b3c9a883-40ea-1452-7b76-62e552e033d2,2026-05-16 03:37:51,appointment,APPOINTMENT_1444,5,2,1,0.0,1.522,0,0,53.48,0
4424,PATUSER_002,patient,view_queue,5dd32bff-9eaf-50ef-db4f-c6065be13792,2026-04-13 06:19:10,queue,QUEUE_7118,4,3,0,0.0,1.906,0,0,30.81,0
4425,PATUSER_008,patient,book_appointment,f84719a0-d28d-ec20-64a8-a17992dcd9ac,2026-05-21 05:12:24,appointment,APPOINTMENT_4573,2,2,1,0.0,1.842,0,0,17.44,0
4426,DOC_013,doctor,update_diagnosis,12a088f3-264b-6a9f-9a57-678747110969,2026-04-08 04:08:07,condition,CONDITION_2207,10,4,1,0.04,1.922,0,0,52.74,0
4427,PATUSER_005,patient,book_appointment,8e21cb1f-b016-dda9-1d06-c920c24a0b37,2026-05-18 06:01:49,appointment,APPOINTMENT_9773,5,2,0,0.0,1.906,0,0,43.53,0
4428,PATUSER_013,patient,view_own_record,910f9d72-b5f2-60bf-8302-274ac5d74635,2026-05-17 02:14:00,medical_record,MEDICAL_RECORD_5902,1,2,1,0.0,1.664,0,0,34.83,0
4429,PATUSER_025,patient,view_queue,0e697a7b-149b-602d-af6f-7e76ca18c5d7,2026-03-25 03:43:54,queue,QUEUE_7768,1,2,1,0.0,1.825,0,0,71.47,0
4430,NUR_003,nurse,update_vitals,668a10b4-c005-0df3-522e-b068e0d29ea9,2026-05-07 06:54:28,observation,OBSERVATION_9249,24,8,0,0.08,1.522,0,0,55.87,0
4431,NUR_001,nurse,update_queue,d20dc49f-5674-961e-a123-6e3000654b95,2026-04-16 01:32:02,appointment,APPOINTMENT_4557,30,19,1,0.0,1.825,0,0,26.03,0
4432,NUR_006,nurse,update_queue,10751dec-9152-b658-beeb-ba433fbb9213,2026-04-14 08:48:00,appointment,APPOINTMENT_5596,25,25,0,0.12,1.95,0,0,20.29,0
4433,PATUSER_026,patient,view_queue,0e697a7b-149b-602d-af6f-7e76ca18c5d7,2026-05-13 08:29:14,queue,QUEUE_3494,5,1,0,0.0,1.906,0,0,20.44,0
4434,PATUSER_009,patient,view_own_record,bfb0d055-557b-4579-1a3b-78cc2ead82c9,2026-04-10 12:26:05,medical_record,MEDICAL_RECORD_9751,6,2,0,0.0,1.157,0,0,35.42,0
4435,PATUSER_024,patient,view_own_record,e300c149-9eaa-3d5a-57d9-ea8d4c996597,2026-04-14 11:19:33,medical_record,MEDICAL_RECORD_1842,2,2,0,0.0,1.95,0,0,34.68,0
4436,PATUSER_014,patient,view_queue,671064b5-039b-51a8-7e40-8e6baa0a7e35,2026-05-17 05:56:55,queue,QUEUE_3500,6,3,1,0.0,1.561,0,0,60.22,0
4437,NUR_007,nurse,update_queue,465dd060-e77a-9924-0d7a-75d52d39a714,2026-04-26 08:47:10,appointment,APPOINTMENT_9701,30,17,0,0.1,1.922,0,0,72.82,0
4438,ADM_001,admin,update_schedule,4f0c6acb-066b-1f8d-228d-5e5a973d1fef,2026-05-16 11:15:14,schedule,SCHEDULE_7314,6,8,0,0.04,2.0,0,0,58.25,0
4439,PATUSER_020,patient,view_queue,3408cffd-cbea-0de1-e3a8-8b0b86bb5637,2026-04-25 02:32:27,queue,QUEUE_6009,1,2,1,0.0,1.753,0,0,31.99,0
4440,NUR_002,nurse,update_vitals,465dd060-e77a-9924-0d7a-75d52d39a714,2026-05-10 02:12:01,observation,OBSERVATION_1714,29,21,1,0.09,1.95,0,0,9.28,0
4441,DOC_008,doctor,create_prescription,d1838618-2a96-9761-0b8d-89a92a022bcc,2026-04-25 01:44:18,prescription,PRESCRIPTION_9528,12,11,1,0.22,1.577,0,0,24.97,0
4442,DOC_001,doctor,create_prescription,45f758c8-34c3-3fa5-41f9-5906127ba1bd,2026-04-22 05:12:09,prescription,PRESCRIPTION_6821,21,4,1,0.02,1.522,0,0,37.22,0
4443,DOC_012,doctor,view_record,d9044272-63af-eca3-2a0c-ec9f9c10a98f,2026-04-11 10:07:30,medical_record,MEDICAL_RECORD_9390,23,5,0,0.06,1.557,0,0,5.54,0
4444,PATUSER_001,patient,cancel_appointment,1290bba5-c164-4273-9694-c3ce92270ef2,2026-04-11 07:07:45,appointment,APPOINTMENT_9094,1,2,0,0.0,1.922,1,0,58.03,0
4445,DOC_005,doctor,view_observation,12a088f3-264b-6a9f-9a57-678747110969,2026-05-21 01:01:42,observation,OBSERVATION_5792,18,9,1,0.08,1.522,0,0,46.16,0
4446,ADM_001,admin,manage_user,4f0c6acb-066b-1f8d-228d-5e5a973d1fef,2026-05-07 04:04:53,user,USER_1654,2,7,1,0.01,1.859,0,0,15.98,0
4447,NUR_002,nurse,update_vitals,9b5ce034-80bf-4c6b-f400-3a89fc0d135b,2026-04-03 07:15:57,observation,OBSERVATION_3995,19,20,0,0.07,1.842,0,0,62.35,0
4448,PATUSER_001,patient,cancel_appointment,19e9c5a5-4114-0f95-e5e8-29cd6749d4e1,2026-03-28 07:41:57,appointment,APPOINTMENT_4023,2,1,0,0.0,0.918,0,0,65.04,0
4449,DOC_003,doctor,update_diagnosis,7bbc22dd-2b36-8b49-3bcc-14c25dafd13e,2026-04-13 07:40:12,condition,CONDITION_8167,15,4,0,0.03,1.891,0,0,49.68,0
4450,PATUSER_019,patient,view_own_record,4f0c6acb-066b-1f8d-228d-5e5a973d1fef,2026-04-11 02:14:01,medical_record,MEDICAL_RECORD_2207,3,3,1,0.0,1.891,0,0,19.96,0
4451,PATUSER_028,patient,view_audit,88f931d5-4cfa-4be9-c6be-738d5fc8c215,2026-04-15 18:58:27,audit,AUDIT_2202,79,52,0,0.94,1.88,1,1,283.22,1
4452,PATUSER_010,patient,book_appointment,ea7deb48-7fa5-3406-28b9-051b0c18d363,2026-05-10 06:20:31,appointment,APPOINTMENT_9290,1,2,0,0.0,1.252,0,0,28.49,0
4453,PATUSER_006,patient,view_queue,dda456b9-cd60-e91b-8a88-fd381a9e4611,2026-04-13 07:47:55,queue,QUEUE_4443,5,3,0,0.0,1.561,0,0,44.24,0
4454,PATUSER_024,patient,view_record,e126e379-083f-ea08-0358-303361acf072,2026-04-02 17:35:38,medical_record,MEDICAL_RECORD_1940,49,55,0,0.77,1.906,1,1,151.28,1
4455,PATUSER_024,patient,book_appointment,bee08b10-0c18-396e-9f8a-03e41691509b,2026-04-04 00:49:14,appointment,APPOINTMENT_1781,6,1,1,0.0,0.722,0,0,43.91,0
4456,PATUSER_008,patient,book_appointment,8c562216-cb73-0829-2fa4-123468939df6,2026-04-20 10:21:45,appointment,APPOINTMENT_2633,2,1,0,0.0,1.906,0,0,35.24,0
4457,NUR_004,nurse,update_vitals,a8bef5c2-6743-79e8-8477-bc3b6244c334,2026-04-24 08:23:31,observation,OBSERVATION_1160,15,23,0,0.02,1.922,0,0,65.43,0
4458,PATUSER_011,patient,view_queue,754c6983-a899-1c3c-f51d-2af172b88b91,2026-04-15 08:14:00,queue,QUEUE_7214,4,3,0,0.0,1.834,0,0,7.59,0
4459,NUR_007,nurse,register_walkin,2d457e3d-90cb-357e-f7e0-3014068d2f29,2026-04-22 06:37:14,appointment,APPOINTMENT_4668,28,21,0,0.11,1.823,0,0,33.0,0
4460,NUR_001,nurse,update_vitals,dda456b9-cd60-e91b-8a88-fd381a9e4611,2026-05-11 01:22:37,observation,OBSERVATION_5040,22,24,1,0.02,1.459,0,0,24.83,0
4461,PATUSER_015,patient,view_queue,717861a2-ab2b-2d2a-6a8f-6388dbff69d2,2026-04-20 11:02:35,queue,QUEUE_5426,2,3,0,0.0,1.981,0,0,53.71,0
4462,PATUSER_013,patient,cancel_appointment,2925a752-da6a-ef1f-31aa-68b0c2ff5027,2026-04-22 11:33:26,appointment,APPOINTMENT_9303,5,2,0,0.0,1.685,0,0,62.07,0
4463,PATUSER_008,patient,view_queue,2d457e3d-90cb-357e-f7e0-3014068d2f29,2026-05-11 00:44:32,queue,QUEUE_1779,5,1,1,0.0,1.557,0,0,8.65,0
4464,PATUSER_010,patient,cancel_appointment,d20dc49f-5674-961e-a123-6e3000654b95,2026-04-23 09:35:09,appointment,APPOINTMENT_1749,3,2,0,0.0,1.585,0,0,57.74,0
4465,NUR_006,nurse,register_walkin,a8bef5c2-6743-79e8-8477-bc3b6244c334,2026-05-02 07:57:53,appointment,APPOINTMENT_7111,10,19,0,0.07,1.842,0,0,56.41,0
4466,PATUSER_028,patient,view_queue,bee08b10-0c18-396e-9f8a-03e41691509b,2026-05-23 05:47:33,queue,QUEUE_8084,6,1,1,0.0,1.936,0,0,64.0,0
4467,DOC_013,doctor,create_prescription,2b31de7e-3596-37c7-1d46-db12d82e73ef,2026-04-18 06:35:51,prescription,PRESCRIPTION_9713,12,13,0,0.16,1.761,0,0,30.37,0
4468,DOC_009,doctor,view_observation,054e161c-d33f-0970-2018-1f19582e0813,2026-03-27 01:51:58,observation,OBSERVATION_2148,20,16,1,0.06,1.459,0,0,62.98,0
4469,DOC_012,doctor,create_prescription,8db9c819-1c0b-c9a9-3e31-4b85f52201d2,2026-05-05 11:17:40,prescription,PRESCRIPTION_9507,10,14,0,0.12,1.936,0,0,12.5,0
4470,DOC_010,doctor,view_record,235bd53d-07f7-5874-c952-5126acfab01e,2026-04-24 05:22:41,medical_record,MEDICAL_RECORD_9948,11,4,1,0.07,1.5,0,0,42.81,0
4471,PATUSER_005,patient,book_appointment,dd0de87d-2596-9c38-a834-6f5246a48a51,2026-05-03 01:02:45,appointment,APPOINTMENT_3993,3,1,1,0.0,1.918,0,0,38.15,0
4472,PATUSER_024,patient,book_appointment,3408cffd-cbea-0de1-e3a8-8b0b86bb5637,2026-05-20 00:54:31,appointment,APPOINTMENT_1058,6,2,1,0.0,1.379,0,0,63.89,0
4473,PATUSER_016,patient,view_audit,a24f1dcf-ef87-f609-183a-d00bcc9b7292,2026-04-22 16:17:05,audit,AUDIT_4755,72,50,0,0.73,2.118,1,1,185.86,1
4474,NUR_005,nurse,register_walkin,155649eb-5d3e-41ca-5a2c-78972a1721f4,2026-04-22 09:17:58,appointment,APPOINTMENT_1723,17,18,0,0.05,1.295,0,0,63.69,0
4475,DOC_009,doctor,update_diagnosis,ed1c3b46-34b9-221b-cb10-682e9ed9ddbd,2026-04-14 02:45:02,condition,CONDITION_1613,16,18,1,0.07,0.971,0,0,70.54,0
4476,DOC_008,doctor,update_diagnosis,155649eb-5d3e-41ca-5a2c-78972a1721f4,2026-04-10 10:06:10,condition,CONDITION_2789,17,14,0,0.02,1.585,0,0,63.01,0
4477,NUR_007,nurse,view_appointment,dda456b9-cd60-e91b-8a88-fd381a9e4611,2026-04-07 03:59:06,appointment,APPOINTMENT_4324,11,14,1,0.03,0.811,0,0,51.89,0
4478,NUR_006,nurse,update_queue,d5d8b210-bca5-a9ce-0711-3d09468bfe47,2026-03-28 02:55:59,appointment,APPOINTMENT_6427,10,8,1,0.11,1.352,0,0,64.49,0
4479,PATUSER_002,patient,book_appointment,ea7deb48-7fa5-3406-28b9-051b0c18d363,2026-05-10 03:59:22,appointment,APPOINTMENT_3948,2,3,1,0.0,1.5,0,0,7.01,0
4480,PATUSER_003,patient,book_appointment,1c39de5b-289a-3a1a-669b-2f756efb8bcb,2026-05-13 12:24:58,appointment,APPOINTMENT_4073,4,1,0,0.0,0.811,0,0,62.79,0
4481,PATUSER_010,patient,view_queue,b4679b26-64ac-c348-6667-1e9093ae866f,2026-04-29 11:41:13,queue,QUEUE_3277,4,3,0,0.0,1.784,0,0,30.01,0
4482,PATUSER_009,patient,view_queue,21b4ddc5-081e-1ecd-3573-f2ea42677b66,2026-04-29 06:01:56,queue,QUEUE_9620,2,3,0,0.0,1.922,0,0,61.44,0
4483,DOC_011,doctor,view_record,d1838618-2a96-9761-0b8d-89a92a022bcc,2026-04-12 11:54:02,medical_record,MEDICAL_RECORD_1654,19,16,0,0.16,1.888,0,0,64.36,0
4484,PATUSER_027,patient,book_appointment,8fcbd58f-7e61-d74d-9b35-46d267ecbbd3,2026-04-29 04:05:08,appointment,APPOINTMENT_7613,3,3,1,0.0,1.891,0,0,19.55,0
4485,PATUSER_009,patient,cancel_appointment,820d39a0-d304-2b9d-25a8-d705deede745,2026-04-29 09:22:03,appointment,APPOINTMENT_1292,1,1,0,0.0,1.557,0,0,12.02,0
4486,PATUSER_028,patient,book_appointment,6383af50-c8f6-0c22-1dd4-6ee2be572cb1,2026-03-28 06:21:02,appointment,APPOINTMENT_9960,6,3,0,0.0,1.0,0,0,67.96,0
4487,DOC_008,doctor,view_record,155649eb-5d3e-41ca-5a2c-78972a1721f4,2026-03-24 20:19:08,medical_record,MEDICAL_RECORD_9624,52,77,0,0.69,1.0,1,0,315.7,1
4488,DOC_003,doctor,update_diagnosis,073b376b-9659-3e78-c6a6-a08b74d710da,2026-04-18 11:15:39,condition,CONDITION_9368,9,12,0,0.18,1.922,0,0,57.69,0
4489,PATUSER_001,patient,view_queue,3bc81e09-7091-bc59-a58a-39b485d9e48b,2026-03-25 04:53:26,queue,QUEUE_2321,3,3,1,0.0,1.79,0,0,58.84,0
4490,PATUSER_007,patient,book_appointment,a8bef5c2-6743-79e8-8477-bc3b6244c334,2026-03-30 02:43:49,appointment,APPOINTMENT_7070,1,2,1,0.0,0.811,0,0,40.97,0
4491,DOC_009,doctor,view_record,c72a8c6e-1dfd-0a8b-20e7-066eadd4931c,2026-04-05 06:10:00,medical_record,MEDICAL_RECORD_4643,10,13,0,0.04,1.489,0,0,7.42,0
4492,NUR_002,nurse,view_appointment,2d457e3d-90cb-357e-f7e0-3014068d2f29,2026-04-04 05:14:54,appointment,APPOINTMENT_5584,20,21,1,0.06,1.95,0,0,48.98,0
4493,PATUSER_012,patient,view_own_record,57b901cb-d3d2-258c-2773-57008eb32345,2026-05-05 01:27:36,medical_record,MEDICAL_RECORD_8643,5,3,1,0.0,1.95,0,0,9.69,0
4494,PATUSER_019,patient,cancel_appointment,e8b56457-438e-7a2e-04ee-e0b2ec149f61,2026-04-20 09:08:14,appointment,APPOINTMENT_5991,5,1,0,0.0,1.792,0,0,30.62,0
4495,PATUSER_024,patient,cancel_appointment,054e161c-d33f-0970-2018-1f19582e0813,2026-04-04 12:26:12,appointment,APPOINTMENT_3510,3,3,0,0.0,1.459,0,0,15.1,0
4496,PATUSER_018,patient,view_own_record,3408cffd-cbea-0de1-e3a8-8b0b86bb5637,2026-04-06 09:13:27,medical_record,MEDICAL_RECORD_4082,6,2,0,0.0,2.0,0,0,49.6,0
4497,DOC_012,doctor,view_record,d1838618-2a96-9761-0b8d-89a92a022bcc,2026-04-21 09:06:11,medical_record,MEDICAL_RECORD_7842,22,12,0,0.07,1.825,0,0,6.76,0
4498,NUR_002,nurse,register_walkin,8e21cb1f-b016-dda9-1d06-c920c24a0b37,2026-05-16 01:16:55,appointment,APPOINTMENT_6533,30,18,1,0.07,1.75,0,0,47.97,0
4499,ADM_002,admin,update_schedule,b4679b26-64ac-c348-6667-1e9093ae866f,2026-04-14 16:57:23,schedule,SCHEDULE_1819,83,42,0,0.91,1.685,0,0,416.47,1
4500,PATUSER_013,patient,book_appointment,07052ffe-5096-f813-923b-f3a32be34399,2026-04-17 09:38:57,appointment,APPOINTMENT_9637,4,1,0,0.0,1.571,0,0,21.34,0
4501,DOC_004,doctor,view_observation,d1838618-2a96-9761-0b8d-89a92a022bcc,2026-04-10 04:24:18,observation,OBSERVATION_4524,9,10,1,0.02,1.522,0,0,70.12,0
4502,DOC_004,doctor,view_observation,5dd32bff-9eaf-50ef-db4f-c6065be13792,2026-04-04 01:43:47,observation,OBSERVATION_1182,14,16,1,0.01,1.522,0,0,47.97,0
4503,PATUSER_026,patient,view_queue,4642b627-0caa-32c4-a7cd-87689252d332,2026-05-12 02:00:34,queue,QUEUE_3422,1,2,1,0.0,1.75,0,0,60.01,0
4504,PATUSER_001,patient,book_appointment,b3c9a883-40ea-1452-7b76-62e552e033d2,2026-05-04 01:35:45,appointment,APPOINTMENT_1684,3,1,1,0.0,1.561,0,0,67.87,0
4505,PATUSER_025,patient,view_queue,c95c96d5-ac6e-6ab6-143b-6da3e3923f39,2026-03-26 05:10:54,queue,QUEUE_8229,1,3,1,0.0,1.891,0,0,17.85,0
4506,PATUSER_006,patient,book_appointment,9b5ce034-80bf-4c6b-f400-3a89fc0d135b,2026-04-26 10:48:37,appointment,APPOINTMENT_1136,6,1,0,0.0,0.811,0,0,23.49,0
4507,PATUSER_016,patient,view_audit,e300c149-9eaa-3d5a-57d9-ea8d4c996597,2026-04-27 17:34:59,audit,AUDIT_6183,49,23,0,0.96,1.842,0,1,394.02,1
4508,DOC_010,doctor,view_record,c95c96d5-ac6e-6ab6-143b-6da3e3923f39,2026-04-22 07:55:28,medical_record,MEDICAL_RECORD_5688,14,10,0,0.2,1.79,0,0,56.42,0
4509,NUR_006,nurse,update_vitals,d9044272-63af-eca3-2a0c-ec9f9c10a98f,2026-05-21 04:29:02,observation,OBSERVATION_2250,16,9,1,0.1,1.5,0,0,47.97,0
4510,PATUSER_011,patient,view_queue,744a7169-4e89-61ff-27f2-3c736abf4368,2026-04-28 05:20:16,queue,QUEUE_6304,5,2,1,0.0,1.95,0,0,37.18,0
4511,PATUSER_020,patient,update_diagnosis,b09b332a-a8b1-5541-6855-d6420f922505,2026-05-12 18:01:01,condition,CONDITION_3824,84,62,0,0.97,1.988,0,1,303.61,1
4512,DOC_014,doctor,update_diagnosis,1290bba5-c164-4273-9694-c3ce92270ef2,2026-04-09 02:44:25,condition,CONDITION_2195,8,6,1,0.22,1.75,0,0,17.43,0
4513,PATUSER_030,patient,view_queue,e126e379-083f-ea08-0358-303361acf072,2026-05-22 02:26:20,queue,QUEUE_4551,2,2,1,0.0,1.95,0,0,67.46,0
4514,DOC_014,doctor,view_observation,9b5ce034-80bf-4c6b-f400-3a89fc0d135b,2026-05-09 10:21:53,observation,OBSERVATION_3621,20,14,0,0.1,1.459,0,0,57.51,0
4515,NUR_005,nurse,view_appointment,668a10b4-c005-0df3-522e-b068e0d29ea9,2026-03-30 01:58:33,appointment,APPOINTMENT_1645,8,7,1,0.1,1.846,0,0,7.47,0
4516,DOC_006,doctor,create_prescription,a992fe7d-cd9b-0ace-6e0b-f6f0b5f01fc3,2026-04-10 07:54:58,prescription,PRESCRIPTION_7651,13,14,0,0.02,0.722,0,0,40.34,0
4517,DOC_004,doctor,view_record,20f1f5b5-38be-6554-7a24-9fcc8d4bd6c4,2026-04-17 16:33:40,medical_record,MEDICAL_RECORD_3182,82,53,0,0.76,1.585,1,0,187.15,1
4518,PATUSER_002,patient,view_queue,2925a752-da6a-ef1f-31aa-68b0c2ff5027,2026-05-04 06:20:15,queue,QUEUE_1607,1,3,0,0.0,1.0,0,0,6.81,0
4519,NUR_003,nurse,register_walkin,20f1f5b5-38be-6554-7a24-9fcc8d4bd6c4,2026-04-05 08:26:31,appointment,APPOINTMENT_9302,25,14,0,0.06,1.975,0,0,19.7,0
4520,PATUSER_022,patient,cancel_appointment,a24f1dcf-ef87-f609-183a-d00bcc9b7292,2026-05-13 08:40:30,appointment,APPOINTMENT_1375,4,3,0,0.0,1.823,0,0,49.0,0
4521,ADM_002,admin,update_schedule,ea7deb48-7fa5-3406-28b9-051b0c18d363,2026-05-23 05:26:17,schedule,SCHEDULE_2191,10,3,1,0.08,1.918,0,0,55.62,0
4522,NUR_004,nurse,view_appointment,ed1c3b46-34b9-221b-cb10-682e9ed9ddbd,2026-04-07 01:05:13,appointment,APPOINTMENT_5328,23,21,1,0.07,1.314,0,0,66.53,0
4523,PATUSER_027,patient,view_queue,1f534514-2f45-191e-04b4-ad9e93bdf422,2026-04-24 05:59:37,queue,QUEUE_2480,2,1,1,0.0,1.895,0,0,60.99,0
4524,PATUSER_006,patient,book_appointment,e7fccc97-5df9-b27f-8322-44fd5b624936,2026-04-04 01:36:04,appointment,APPOINTMENT_4983,4,2,1,0.0,1.722,0,0,50.68,0
4525,PATUSER_019,patient,view_queue,a24f1dcf-ef87-f609-183a-d00bcc9b7292,2026-04-03 01:03:51,queue,QUEUE_8521,2,2,1,0.0,1.459,0,0,48.91,0
4526,NUR_002,nurse,update_vitals,8db9c819-1c0b-c9a9-3e31-4b85f52201d2,2026-04-16 03:05:23,observation,OBSERVATION_8159,30,7,1,0.06,1.522,0,0,61.69,0
4527,DOC_002,doctor,view_observation,1290bba5-c164-4273-9694-c3ce92270ef2,2026-03-28 11:38:55,observation,OBSERVATION_9554,9,12,0,0.2,1.784,0,0,58.24,0
4528,PATUSER_029,patient,update_diagnosis,054e161c-d33f-0970-2018-1f19582e0813,2026-05-04 16:41:01,condition,CONDITION_9469,77,76,0,0.88,1.685,0,1,152.52,1
4529,PATUSER_022,patient,cancel_appointment,f2df6bf3-460e-f410-cac9-472739e5df85,2026-05-04 07:15:29,appointment,APPOINTMENT_3421,5,2,0,0.0,1.75,1,0,63.73,0
4530,PATUSER_015,patient,update_diagnosis,10751dec-9152-b658-beeb-ba433fbb9213,2026-04-27 17:07:27,condition,CONDITION_3997,54,63,0,0.9,1.95,0,1,304.4,1
4531,ADM_002,admin,manage_user,3bc81e09-7091-bc59-a58a-39b485d9e48b,2026-04-01 11:43:18,user,USER_9116,8,1,0,0.1,1.459,0,0,8.01,0
4532,PATUSER_028,patient,book_appointment,917ffe5d-46b2-36f1-0de8-35e5ed017fa7,2026-04-28 11:08:21,appointment,APPOINTMENT_6884,1,2,0,0.0,1.906,0,0,18.81,0
4533,PATUSER_027,patient,cancel_appointment,2d457e3d-90cb-357e-f7e0-3014068d2f29,2026-04-04 02:47:24,appointment,APPOINTMENT_3908,3,1,1,0.0,1.406,0,0,62.39,0
4534,PATUSER_014,patient,view_queue,754c6983-a899-1c3c-f51d-2af172b88b91,2026-04-14 08:37:02,queue,QUEUE_3166,5,2,0,0.0,1.459,0,0,41.51,0
4535,NUR_003,nurse,update_vitals,5dd32bff-9eaf-50ef-db4f-c6065be13792,2026-05-19 05:54:37,observation,OBSERVATION_5613,12,10,1,0.12,1.959,0,0,20.85,0
4536,DOC_001,doctor,update_diagnosis,d1838618-2a96-9761-0b8d-89a92a022bcc,2026-04-18 07:08:38,condition,CONDITION_2959,18,11,0,0.03,1.79,0,0,64.49,0
4537,NUR_007,nurse,update_vitals,668a10b4-c005-0df3-522e-b068e0d29ea9,2026-04-16 12:19:11,observation,OBSERVATION_4303,30,12,0,0.07,1.792,0,0,58.52,0
4538,DOC_007,doctor,view_observation,5e236a28-42bb-348c-3267-03ed1a052b40,2026-04-17 07:14:13,observation,OBSERVATION_1192,8,13,0,0.16,1.811,0,0,40.07,0
4539,PATUSER_003,patient,cancel_appointment,d998bd61-bed8-3eb5-dcb5-297579cf936f,2026-03-27 11:48:56,appointment,APPOINTMENT_9822,4,2,0,0.0,1.918,0,0,51.71,0
4540,PATUSER_028,patient,view_own_record,2faf5170-7c17-9c76-c091-5349b5ecad23,2026-04-16 07:16:21,medical_record,MEDICAL_RECORD_1465,3,3,0,0.0,1.842,0,0,49.81,0
4541,PATUSER_025,patient,book_appointment,744a7169-4e89-61ff-27f2-3c736abf4368,2026-03-26 02:56:29,appointment,APPOINTMENT_9483,3,3,1,0.0,1.449,1,0,64.78,0
4542,PATUSER_014,patient,cancel_appointment,a82f0145-e797-d65d-bebf-e49dd38bac1e,2026-05-04 07:52:32,appointment,APPOINTMENT_1537,6,2,0,0.0,1.826,0,0,21.56,0
4543,PATUSER_011,patient,view_own_record,2faf5170-7c17-9c76-c091-5349b5ecad23,2026-04-21 04:16:21,medical_record,MEDICAL_RECORD_1329,5,3,1,0.0,1.557,0,0,8.74,0
4544,DOC_004,doctor,update_diagnosis,11b2d013-d581-7187-e88b-7a04781d307b,2026-03-27 05:42:10,condition,CONDITION_5801,11,3,1,0.0,1.561,0,0,30.29,0
4545,PATUSER_015,patient,book_appointment,3eee4689-2d02-6ec9-c257-42b3adfdcd70,2026-04-14 04:25:23,appointment,APPOINTMENT_6324,3,2,1,0.0,1.5,0,0,74.39,0
4546,ADM_002,admin,manage_user,01974f36-ced2-c38e-32c5-1b09e1fe1638,2026-04-29 03:08:57,user,USER_7938,15,6,1,0.08,1.837,0,0,6.8,0
4547,PATUSER_004,patient,view_queue,ed1c3b46-34b9-221b-cb10-682e9ed9ddbd,2026-05-05 08:19:41,queue,QUEUE_5212,3,1,0,0.0,1.459,0,0,63.99,0
4548,NUR_007,nurse,update_vitals,668a10b4-c005-0df3-522e-b068e0d29ea9,2026-04-18 08:32:59,observation,OBSERVATION_4222,17,23,0,0.09,2.0,0,0,13.32,0
4549,DOC_007,doctor,view_record,cc4e166f-53eb-f57b-fb9c-72dddeeb448f,2026-04-03 01:06:31,medical_record,MEDICAL_RECORD_9992,23,17,1,0.01,1.842,0,0,12.55,0
4550,DOC_015,doctor,create_prescription,12a088f3-264b-6a9f-9a57-678747110969,2026-04-04 04:01:27,prescription,PRESCRIPTION_7791,21,16,1,0.04,1.5,0,0,13.32,0
4551,PATUSER_030,patient,cancel_appointment,0369610a-4641-e2d5-80b2-844b2bd99f16,2026-05-14 09:33:27,appointment,APPOINTMENT_6653,2,1,0,0.0,1.522,0,0,16.93,0
4552,PATUSER_013,patient,cancel_appointment,b09b332a-a8b1-5541-6855-d6420f922505,2026-04-07 07:13:48,appointment,APPOINTMENT_2160,2,1,0,0.0,0.971,0,0,71.63,0
4553,PATUSER_015,patient,book_appointment,1f534514-2f45-191e-04b4-ad9e93bdf422,2026-05-13 01:54:30,appointment,APPOINTMENT_9360,1,1,1,0.0,1.5,0,0,52.96,0
4554,PATUSER_021,patient,view_audit,917ffe5d-46b2-36f1-0de8-35e5ed017fa7,2026-05-11 19:07:18,audit,AUDIT_7414,57,77,0,0.74,1.658,1,1,353.44,1
4555,ADM_002,admin,view_report,4bab2d0f-4783-619c-46b2-f656667ffb67,2026-03-30 18:05:35,report,REPORT_5903,83,65,0,0.72,1.685,1,0,194.9,1
4556,PATUSER_011,patient,view_queue,9cefc3e8-33f8-beac-d280-fb10e474151c,2026-04-02 00:41:09,queue,QUEUE_3159,5,1,1,0.0,1.557,0,0,16.2,0
4557,DOC_003,doctor,view_record,ad37dc95-561f-9348-6577-eff9b22d47c2,2026-03-26 01:14:03,medical_record,MEDICAL_RECORD_9879,17,12,1,0.1,1.859,0,0,56.4,0
4558,PATUSER_027,patient,view_own_record,88f931d5-4cfa-4be9-c6be-738d5fc8c215,2026-05-01 05:20:07,medical_record,MEDICAL_RECORD_8044,4,2,1,0.0,1.959,0,0,48.41,0
4559,DOC_002,doctor,view_record,5dd32bff-9eaf-50ef-db4f-c6065be13792,2026-05-02 01:59:33,medical_record,MEDICAL_RECORD_4500,24,9,1,0.0,1.738,0,0,15.82,0
4560,DOC_004,doctor,view_observation,d998bd61-bed8-3eb5-dcb5-297579cf936f,2026-05-01 07:24:34,observation,OBSERVATION_5823,12,7,0,0.08,1.664,0,0,44.46,0
4561,PATUSER_005,patient,cancel_appointment,5dd32bff-9eaf-50ef-db4f-c6065be13792,2026-05-08 12:23:29,appointment,APPOINTMENT_7724,5,2,0,0.0,1.459,0,0,9.97,0
4562,DOC_013,doctor,create_prescription,8db9c819-1c0b-c9a9-3e31-4b85f52201d2,2026-05-07 01:07:12,prescription,PRESCRIPTION_2441,8,15,1,0.17,1.406,0,0,22.58,0
4563,PATUSER_012,patient,view_own_record,7bbc22dd-2b36-8b49-3bcc-14c25dafd13e,2026-05-16 01:05:47,medical_record,MEDICAL_RECORD_1857,1,2,1,0.0,1.577,0,0,11.59,0
4564,NUR_003,nurse,register_walkin,57b901cb-d3d2-258c-2773-57008eb32345,2026-04-21 01:51:44,appointment,APPOINTMENT_4176,10,19,1,0.09,1.371,0,0,51.33,0
4565,PATUSER_001,patient,update_diagnosis,843d8b33-f833-1324-2aa6-e07c91e49204,2026-05-14 20:38:52,condition,CONDITION_2755,69,38,0,0.74,2.04,1,1,294.3,1
4566,PATUSER_027,patient,view_queue,12a088f3-264b-6a9f-9a57-678747110969,2026-05-04 06:27:47,queue,QUEUE_8992,3,3,0,0.0,1.75,0,0,49.82,0
4567,DOC_004,doctor,create_prescription,a8bef5c2-6743-79e8-8477-bc3b6244c334,2026-03-29 04:47:58,prescription,PRESCRIPTION_7252,19,8,1,0.22,1.846,0,0,65.69,0
4568,NUR_002,nurse,view_appointment,9cefc3e8-33f8-beac-d280-fb10e474151c,2026-05-11 03:50:25,appointment,APPOINTMENT_2624,28,6,1,0.11,1.95,0,0,31.89,0
4569,DOC_004,doctor,view_record,d5d8b210-bca5-a9ce-0711-3d09468bfe47,2026-04-18 02:52:05,medical_record,MEDICAL_RECORD_5471,17,18,1,0.17,2.0,0,0,64.42,0
4570,PATUSER_022,patient,view_queue,bee08b10-0c18-396e-9f8a-03e41691509b,2026-05-05 08:18:35,queue,QUEUE_3349,5,2,0,0.0,1.322,0,0,48.63,0
4571,NUR_005,nurse,view_appointment,57b901cb-d3d2-258c-2773-57008eb32345,2026-05-08 09:22:42,appointment,APPOINTMENT_3019,10,7,0,0.0,1.906,0,0,16.27,0
4572,PATUSER_017,patient,cancel_appointment,1c39de5b-289a-3a1a-669b-2f756efb8bcb,2026-04-21 10:56:13,appointment,APPOINTMENT_1777,2,2,0,0.0,1.669,0,0,44.77,0
4573,PATUSER_010,patient,view_own_record,ad37dc95-561f-9348-6577-eff9b22d47c2,2026-05-06 04:02:38,medical_record,MEDICAL_RECORD_7744,2,3,1,0.0,1.868,0,0,37.57,0
4574,PATUSER_013,patient,view_queue,d1838618-2a96-9761-0b8d-89a92a022bcc,2026-04-09 04:04:23,queue,QUEUE_4514,6,3,1,0.0,1.918,0,0,33.96,0
4575,NUR_005,nurse,update_vitals,f84719a0-d28d-ec20-64a8-a17992dcd9ac,2026-03-30 03:48:28,observation,OBSERVATION_9076,30,18,1,0.01,1.761,0,0,50.06,0
4576,DOC_013,doctor,view_record,ed1c3b46-34b9-221b-cb10-682e9ed9ddbd,2026-04-21 03:33:38,medical_record,MEDICAL_RECORD_5180,6,12,1,0.01,1.846,0,0,26.26,0
4577,NUR_004,nurse,update_queue,e8b56457-438e-7a2e-04ee-e0b2ec149f61,2026-04-25 09:16:57,appointment,APPOINTMENT_5587,13,17,0,0.08,0.811,0,0,23.78,0
4578,NUR_007,nurse,update_vitals,b09b332a-a8b1-5541-6855-d6420f922505,2026-04-27 04:23:58,observation,OBSERVATION_4210,27,17,1,0.01,1.842,0,0,69.77,0
4579,PATUSER_003,patient,book_appointment,4ca3be26-4f97-27f0-32fa-6ea155eba23a,2026-05-11 09:24:29,appointment,APPOINTMENT_8322,6,3,0,0.0,1.846,0,0,54.94,0
4580,PATUSER_010,patient,view_own_record,a2ff83e0-2cc0-50a4-b008-52a1add72ced,2026-04-26 04:07:56,medical_record,MEDICAL_RECORD_7807,3,2,1,0.0,2.0,0,0,29.74,0
4581,PATUSER_017,patient,view_own_record,8fcbd58f-7e61-d74d-9b35-46d267ecbbd3,2026-04-14 03:03:54,medical_record,MEDICAL_RECORD_6983,5,3,1,0.0,1.549,0,0,22.95,0
4582,PATUSER_002,patient,view_queue,4642b627-0caa-32c4-a7cd-87689252d332,2026-04-09 09:00:25,queue,QUEUE_4444,5,2,0,0.0,1.585,0,0,68.86,0
4583,PATUSER_028,patient,cancel_appointment,45f758c8-34c3-3fa5-41f9-5906127ba1bd,2026-04-05 02:42:28,appointment,APPOINTMENT_7957,5,3,1,0.0,1.0,0,0,22.23,0
4584,PATUSER_026,patient,view_own_record,4f0c6acb-066b-1f8d-228d-5e5a973d1fef,2026-04-30 05:43:53,medical_record,MEDICAL_RECORD_5818,2,1,1,0.0,1.936,0,0,61.55,0
4585,DOC_013,doctor,update_diagnosis,843d8b33-f833-1324-2aa6-e07c91e49204,2026-05-19 01:23:05,condition,CONDITION_6235,12,11,1,0.02,1.561,0,0,35.08,0
4586,DOC_014,doctor,update_diagnosis,a82f0145-e797-d65d-bebf-e49dd38bac1e,2026-03-31 00:31:48,condition,CONDITION_7812,5,12,1,0.09,1.859,0,0,6.11,0
4587,PATUSER_028,patient,view_queue,d7b30817-a7e4-d7c5-8582-63d251b6f98c,2026-05-23 09:20:10,queue,QUEUE_3394,1,3,0,0.0,1.95,0,0,17.95,0
4588,DOC_005,doctor,update_diagnosis,d1838618-2a96-9761-0b8d-89a92a022bcc,2026-04-17 03:20:52,condition,CONDITION_7428,12,6,1,0.06,1.922,0,0,72.79,0
4589,PATUSER_014,patient,book_appointment,c72a8c6e-1dfd-0a8b-20e7-066eadd4931c,2026-04-15 02:35:17,appointment,APPOINTMENT_3044,1,1,1,0.0,1.79,0,0,49.66,0
4590,PATUSER_005,patient,cancel_appointment,465dd060-e77a-9924-0d7a-75d52d39a714,2026-03-30 05:05:25,appointment,APPOINTMENT_7459,4,3,1,0.0,1.95,0,0,72.17,0
4591,PATUSER_009,patient,view_queue,21adc8c0-7e1e-5167-1ac1-5449a6a2c73f,2026-04-10 06:31:36,queue,QUEUE_3462,4,3,0,0.0,1.842,0,0,46.15,0
4592,DOC_006,doctor,view_observation,2faf5170-7c17-9c76-c091-5349b5ecad23,2026-04-05 09:45:03,observation,OBSERVATION_5417,6,7,0,0.21,1.561,0,0,7.13,0
4593,NUR_001,nurse,update_vitals,11b2d013-d581-7187-e88b-7a04781d307b,2026-05-22 02:41:26,observation,OBSERVATION_4436,10,25,1,0.06,1.888,0,0,16.88,0
4594,PATUSER_011,patient,view_own_record,d7b30817-a7e4-d7c5-8582-63d251b6f98c,2026-04-10 07:46:01,medical_record,MEDICAL_RECORD_3618,6,2,0,0.0,1.854,0,0,35.8,0
4595,NUR_003,nurse,update_queue,671064b5-039b-51a8-7e40-8e6baa0a7e35,2026-05-08 04:29:10,appointment,APPOINTMENT_4595,15,23,1,0.06,1.906,0,0,20.23,0
4596,PATUSER_013,patient,view_queue,054e161c-d33f-0970-2018-1f19582e0813,2026-04-27 06:28:47,queue,QUEUE_7962,1,1,0,0.0,1.826,0,0,55.53,0
4597,PATUSER_014,patient,book_appointment,392c8ae6-3c3b-1ff7-c35c-4e64946db9b6,2026-04-30 10:28:26,appointment,APPOINTMENT_4149,4,2,0,0.0,1.855,0,0,69.91,0
4598,DOC_006,doctor,update_diagnosis,5dd32bff-9eaf-50ef-db4f-c6065be13792,2026-05-21 02:56:19,condition,CONDITION_9644,7,7,1,0.08,1.252,0,0,8.57,0
4599,DOC_008,doctor,view_record,c5d42b3b-72de-b953-545d-1de4cf59d279,2026-03-28 02:24:14,medical_record,MEDICAL_RECORD_5180,22,14,1,0.07,1.891,0,0,30.61,0
4600,DOC_008,doctor,create_prescription,12a088f3-264b-6a9f-9a57-678747110969,2026-04-04 17:48:57,prescription,PRESCRIPTION_9400,63,70,0,0.7,1.761,1,0,369.12,1
4601,DOC_003,doctor,view_observation,7bbc22dd-2b36-8b49-3bcc-14c25dafd13e,2026-05-10 04:35:17,observation,OBSERVATION_9579,5,18,1,0.01,1.5,0,0,72.9,0
4602,PATUSER_030,patient,view_queue,07052ffe-5096-f813-923b-f3a32be34399,2026-03-25 04:56:09,queue,QUEUE_2541,3,3,1,0.0,1.252,1,0,47.23,0
4603,DOC_005,doctor,view_observation,2b31de7e-3596-37c7-1d46-db12d82e73ef,2026-05-06 11:29:07,observation,OBSERVATION_9302,13,16,0,0.06,1.561,0,0,65.8,0
4604,DOC_002,doctor,update_diagnosis,d1838618-2a96-9761-0b8d-89a92a022bcc,2026-04-02 06:04:19,condition,CONDITION_1049,6,5,0,0.07,1.922,0,0,24.38,0
4605,PATUSER_013,patient,update_diagnosis,a8bef5c2-6743-79e8-8477-bc3b6244c334,2026-04-25 16:29:21,condition,CONDITION_9537,63,22,0,0.69,1.371,0,1,173.16,1
4606,DOC_001,doctor,view_observation,054e161c-d33f-0970-2018-1f19582e0813,2026-05-17 02:18:42,observation,OBSERVATION_7751,23,6,1,0.19,1.895,0,0,18.19,0
4607,PATUSER_014,patient,view_audit,054e161c-d33f-0970-2018-1f19582e0813,2026-04-06 21:09:52,audit,AUDIT_9849,54,76,0,0.92,1.895,0,1,283.24,1
4608,DOC_014,doctor,create_prescription,5e236a28-42bb-348c-3267-03ed1a052b40,2026-05-22 09:55:53,prescription,PRESCRIPTION_3080,9,13,0,0.1,1.585,0,0,27.93,0
4609,PATUSER_026,patient,cancel_appointment,7bbc22dd-2b36-8b49-3bcc-14c25dafd13e,2026-04-29 06:26:45,appointment,APPOINTMENT_9765,1,2,0,0.0,1.825,0,0,13.95,0
4610,NUR_002,nurse,view_audit,9e25d332-9229-0803-ad9f-ca235142458e,2026-04-18 21:12:42,audit,AUDIT_7889,58,44,0,0.8,1.371,1,1,351.05,1
4611,ADM_001,admin,view_report,b4679b26-64ac-c348-6667-1e9093ae866f,2026-04-10 08:09:41,report,REPORT_5275,14,2,0,0.08,1.0,0,0,72.17,0
4612,DOC_012,doctor,view_observation,20f1f5b5-38be-6554-7a24-9fcc8d4bd6c4,2026-05-06 10:18:55,observation,OBSERVATION_3367,15,4,0,0.22,1.906,0,0,47.33,0
4613,PATUSER_003,patient,view_queue,4ca3be26-4f97-27f0-32fa-6ea155eba23a,2026-05-09 06:31:56,queue,QUEUE_6429,2,2,0,0.0,1.561,0,0,60.6,0
4614,PATUSER_007,patient,cancel_appointment,79402472-6884-1aca-759a-a23f36ee8dca,2026-04-14 07:21:34,appointment,APPOINTMENT_8818,1,1,0,0.0,1.449,0,0,18.91,0
4615,DOC_009,doctor,update_diagnosis,9cefc3e8-33f8-beac-d280-fb10e474151c,2026-04-24 21:25:52,condition,CONDITION_2029,58,46,0,0.94,1.371,1,0,363.24,1
4616,DOC_004,doctor,view_record,6367a5b3-1689-57b4-634f-693bb600e552,2026-05-22 06:55:53,medical_record,MEDICAL_RECORD_4784,13,15,0,0.1,1.485,0,0,63.19,0
4617,PATUSER_011,patient,cancel_appointment,1290bba5-c164-4273-9694-c3ce92270ef2,2026-04-24 07:06:45,appointment,APPOINTMENT_4756,6,2,0,0.0,1.522,0,0,36.39,0
4618,DOC_002,doctor,update_diagnosis,047f3ed4-bdea-7cd6-6e80-8537a3979cc6,2026-05-10 02:24:25,condition,CONDITION_5256,5,10,1,0.07,1.379,0,0,23.42,0
4619,PATUSER_004,patient,view_own_record,d998bd61-bed8-3eb5-dcb5-297579cf936f,2026-03-31 07:57:19,medical_record,MEDICAL_RECORD_8748,2,1,0,0.0,1.918,0,0,20.01,0
4620,NUR_001,nurse,update_vitals,e8b56457-438e-7a2e-04ee-e0b2ec149f61,2026-04-14 11:14:32,observation,OBSERVATION_6560,24,18,0,0.07,1.906,0,0,38.08,0
4621,PATUSER_014,patient,view_queue,2925a752-da6a-ef1f-31aa-68b0c2ff5027,2026-05-19 11:48:40,queue,QUEUE_2332,2,3,0,0.0,1.459,0,0,56.32,0
4622,PATUSER_022,patient,cancel_appointment,671064b5-039b-51a8-7e40-8e6baa0a7e35,2026-03-31 02:18:29,appointment,APPOINTMENT_2174,5,1,1,0.0,1.686,0,0,28.1,0
4623,DOC_005,doctor,update_diagnosis,5dd32bff-9eaf-50ef-db4f-c6065be13792,2026-04-11 06:36:52,condition,CONDITION_5467,21,3,0,0.04,1.811,0,0,17.31,0
4624,PATUSER_007,patient,cancel_appointment,3844e0c5-14c7-8f87-19b0-8f769b3bdd70,2026-05-18 05:03:48,appointment,APPOINTMENT_1663,5,3,1,0.0,1.868,0,0,40.56,0
4625,NUR_003,nurse,update_queue,047f3ed4-bdea-7cd6-6e80-8537a3979cc6,2026-05-22 03:00:39,appointment,APPOINTMENT_6776,15,19,1,0.09,1.5,0,0,45.27,0
4626,PATUSER_029,patient,book_appointment,820d39a0-d304-2b9d-25a8-d705deede745,2026-05-21 00:28:19,appointment,APPOINTMENT_9760,2,3,1,0.0,1.842,0,0,23.35,0
4627,ADM_003,admin,manage_user,dda456b9-cd60-e91b-8a88-fd381a9e4611,2026-04-17 08:37:28,user,USER_3265,14,6,0,0.08,1.784,0,0,35.38,0
4628,PATUSER_017,patient,book_appointment,b09b332a-a8b1-5541-6855-d6420f922505,2026-05-02 05:41:26,appointment,APPOINTMENT_1217,4,1,1,0.0,1.585,0,0,55.06,0
4629,DOC_015,doctor,create_prescription,c95c96d5-ac6e-6ab6-143b-6da3e3923f39,2026-03-26 06:21:49,prescription,PRESCRIPTION_9652,11,18,0,0.03,1.842,0,0,72.76,0
4630,NUR_003,nurse,update_queue,12a088f3-264b-6a9f-9a57-678747110969,2026-03-30 11:51:56,appointment,APPOINTMENT_8817,27,14,0,0.03,1.906,0,0,57.44,0
4631,PATUSER_009,patient,cancel_appointment,f5de0af7-bfb4-270e-8175-e12515583ea8,2026-04-04 12:17:50,appointment,APPOINTMENT_8094,2,1,0,0.0,1.975,0,0,68.66,0
4632,PATUSER_017,patient,book_appointment,01974f36-ced2-c38e-32c5-1b09e1fe1638,2026-05-12 00:52:13,appointment,APPOINTMENT_9906,4,3,1,0.0,1.449,0,0,11.78,0
4633,PATUSER_011,patient,book_appointment,047f3ed4-bdea-7cd6-6e80-8537a3979cc6,2026-04-05 04:32:21,appointment,APPOINTMENT_8986,2,3,1,0.0,1.859,0,0,51.64,0
4634,PATUSER_018,patient,view_queue,5e236a28-42bb-348c-3267-03ed1a052b40,2026-04-30 11:52:20,queue,QUEUE_8609,6,2,0,0.0,1.918,0,0,41.83,0
4635,PATUSER_016,patient,view_own_record,42c1eb05-09a9-eeda-a957-d822de66c536,2026-05-06 08:06:15,medical_record,MEDICAL_RECORD_3029,4,1,0,0.0,1.922,0,0,21.93,0
4636,NUR_007,nurse,update_vitals,054e161c-d33f-0970-2018-1f19582e0813,2026-04-01 03:50:30,observation,OBSERVATION_6443,11,15,1,0.11,2.0,0,0,29.89,0
4637,DOC_006,doctor,view_record,3eee4689-2d02-6ec9-c257-42b3adfdcd70,2026-04-30 04:15:04,medical_record,MEDICAL_RECORD_7627,21,15,1,0.01,1.0,0,0,6.25,0
4638,NUR_006,nurse,update_vitals,d1838618-2a96-9761-0b8d-89a92a022bcc,2026-04-04 05:21:44,observation,OBSERVATION_8176,13,14,1,0.04,1.846,0,0,42.07,0
4639,NUR_001,nurse,view_appointment,6367a5b3-1689-57b4-634f-693bb600e552,2026-04-14 06:36:47,appointment,APPOINTMENT_4964,9,17,0,0.02,1.891,0,0,45.95,0
4640,ADM_002,admin,view_report,42c1eb05-09a9-eeda-a957-d822de66c536,2026-05-05 07:50:07,report,REPORT_8732,11,5,0,0.02,0.918,0,0,56.16,0
4641,PATUSER_027,patient,view_queue,7bbc22dd-2b36-8b49-3bcc-14c25dafd13e,2026-04-18 06:47:38,queue,QUEUE_7651,3,1,0,0.0,1.5,0,0,21.61,0
4642,DOC_006,doctor,create_prescription,dda456b9-cd60-e91b-8a88-fd381a9e4611,2026-05-20 01:21:37,prescription,PRESCRIPTION_6588,16,12,1,0.18,1.658,0,0,12.03,0
4643,NUR_005,nurse,update_queue,57b901cb-d3d2-258c-2773-57008eb32345,2026-05-07 03:51:37,appointment,APPOINTMENT_6760,21,14,1,0.1,1.585,0,0,40.59,0
4644,PATUSER_025,patient,book_appointment,d1e9c67e-e701-dbf5-aa21-bb9ae3751b97,2026-03-31 02:06:38,appointment,APPOINTMENT_1911,2,2,1,0.0,1.5,0,0,24.43,0
4645,PATUSER_015,patient,cancel_appointment,f84719a0-d28d-ec20-64a8-a17992dcd9ac,2026-03-30 12:20:57,appointment,APPOINTMENT_5656,3,3,0,0.0,1.0,0,0,15.69,0
4646,DOC_004,doctor,view_observation,910f9d72-b5f2-60bf-8302-274ac5d74635,2026-04-06 02:40:11,observation,OBSERVATION_9403,13,4,1,0.09,1.5,0,0,26.73,0
4647,DOC_014,doctor,view_record,e94fc8e2-b867-5164-0607-5e5eb581b150,2026-03-25 00:33:44,medical_record,MEDICAL_RECORD_6080,5,17,1,0.04,1.371,0,0,28.3,0
4648,PATUSER_004,patient,view_queue,3408cffd-cbea-0de1-e3a8-8b0b86bb5637,2026-03-29 06:31:32,queue,QUEUE_1576,6,3,0,0.0,1.971,0,0,18.59,0
4649,PATUSER_001,patient,cancel_appointment,3bc81e09-7091-bc59-a58a-39b485d9e48b,2026-04-21 12:16:23,appointment,APPOINTMENT_7575,6,3,0,0.0,1.0,0,0,57.25,0
4650,PATUSER_029,patient,view_queue,42c1eb05-09a9-eeda-a957-d822de66c536,2026-05-11 03:37:54,queue,QUEUE_4991,2,1,1,0.0,1.522,0,0,68.67,0
4651,DOC_008,doctor,create_prescription,4bab2d0f-4783-619c-46b2-f656667ffb67,2026-04-12 08:01:26,prescription,PRESCRIPTION_3640,17,11,0,0.17,1.449,0,0,59.82,0
4652,ADM_002,admin,view_report,2d457e3d-90cb-357e-f7e0-3014068d2f29,2026-04-08 08:33:43,report,REPORT_6089,6,3,0,0.01,1.0,0,0,44.55,0
4653,PATUSER_004,patient,view_queue,7225d50f-9363-214e-02d6-3fdc2a246bdc,2026-04-05 03:59:12,queue,QUEUE_4402,5,1,1,0.0,1.837,1,0,65.52,0
4654,DOC_012,doctor,view_observation,79402472-6884-1aca-759a-a23f36ee8dca,2026-05-19 08:03:25,observation,OBSERVATION_3289,11,11,0,0.03,1.5,0,0,35.42,0
4655,DOC_002,doctor,create_prescription,a992fe7d-cd9b-0ace-6e0b-f6f0b5f01fc3,2026-05-08 11:57:15,prescription,PRESCRIPTION_4814,20,11,0,0.15,2.0,0,0,26.89,0
4656,PATUSER_022,patient,book_appointment,d7b30817-a7e4-d7c5-8582-63d251b6f98c,2026-05-21 00:59:36,appointment,APPOINTMENT_3215,5,1,1,0.0,1.727,0,0,61.46,0
4657,PATUSER_017,patient,view_queue,7bbc22dd-2b36-8b49-3bcc-14c25dafd13e,2026-04-06 07:49:04,queue,QUEUE_8874,2,3,0,0.0,1.975,0,0,22.77,0
4658,ADM_003,admin,manage_user,b3c9a883-40ea-1452-7b76-62e552e033d2,2026-04-21 01:59:03,user,USER_3471,9,8,1,0.01,1.854,0,0,49.79,0
4659,PATUSER_024,patient,cancel_appointment,235bd53d-07f7-5874-c952-5126acfab01e,2026-04-13 05:23:02,appointment,APPOINTMENT_1280,6,1,1,0.0,1.95,0,0,28.13,0
4660,NUR_007,nurse,view_appointment,9b5ce034-80bf-4c6b-f400-3a89fc0d135b,2026-05-21 00:31:02,appointment,APPOINTMENT_7113,27,13,1,0.1,1.561,0,0,66.54,0
4661,PATUSER_024,patient,view_own_record,8c562216-cb73-0829-2fa4-123468939df6,2026-04-29 11:55:20,medical_record,MEDICAL_RECORD_7875,3,2,0,0.0,1.918,0,0,14.18,0
4662,PATUSER_030,patient,cancel_appointment,5dd32bff-9eaf-50ef-db4f-c6065be13792,2026-05-12 08:27:43,appointment,APPOINTMENT_3926,4,1,0,0.0,0.811,0,0,39.62,0
4663,ADM_002,admin,update_schedule,671064b5-039b-51a8-7e40-8e6baa0a7e35,2026-04-03 08:54:06,schedule,SCHEDULE_7821,12,5,0,0.05,1.522,0,0,14.8,0
4664,PATUSER_012,patient,book_appointment,c95c96d5-ac6e-6ab6-143b-6da3e3923f39,2026-05-12 06:47:38,appointment,APPOINTMENT_8744,6,2,0,0.0,1.459,0,0,24.2,0
4665,PATUSER_011,patient,view_own_record,9cefc3e8-33f8-beac-d280-fb10e474151c,2026-05-14 04:17:49,medical_record,MEDICAL_RECORD_6518,4,1,1,0.0,1.776,0,0,64.15,0
4666,PATUSER_008,patient,book_appointment,df4576f2-f38f-02c0-b20f-6153754c41a6,2026-05-03 09:39:36,appointment,APPOINTMENT_9372,1,2,0,0.0,1.842,0,0,10.75,0
4667,ADM_003,admin,update_schedule,dd55f477-af88-4543-f8c0-dca25a96c4cb,2026-03-26 07:55:07,schedule,SCHEDULE_9764,2,1,0,0.02,1.522,0,0,55.87,0
4668,PATUSER_010,patient,view_own_record,bfb0d055-557b-4579-1a3b-78cc2ead82c9,2026-04-11 05:20:30,medical_record,MEDICAL_RECORD_6719,3,3,1,0.0,1.855,0,0,17.86,0
4669,PATUSER_020,patient,book_appointment,df4576f2-f38f-02c0-b20f-6153754c41a6,2026-03-31 05:40:37,appointment,APPOINTMENT_3792,1,1,1,0.0,1.5,0,0,8.58,0
4670,NUR_004,nurse,view_appointment,d1838618-2a96-9761-0b8d-89a92a022bcc,2026-04-19 08:16:43,appointment,APPOINTMENT_3385,30,9,0,0.1,1.75,0,0,70.39,0
4671,PATUSER_010,patient,view_queue,01974f36-ced2-c38e-32c5-1b09e1fe1638,2026-04-22 11:21:42,queue,QUEUE_8267,3,1,0,0.0,0.592,0,0,35.51,0
4672,PATUSER_016,patient,view_record,e60a6ecc-5639-5800-4bf2-8e8a2865e55c,2026-03-29 19:27:57,medical_record,MEDICAL_RECORD_8834,89,49,0,0.9,2.252,1,1,342.8,1
4673,PATUSER_024,patient,view_audit,7bbc22dd-2b36-8b49-3bcc-14c25dafd13e,2026-04-26 17:14:56,audit,AUDIT_5511,50,63,0,0.81,2.076,1,1,398.29,1
4674,PATUSER_024,patient,view_own_record,88f931d5-4cfa-4be9-c6be-738d5fc8c215,2026-04-20 08:43:50,medical_record,MEDICAL_RECORD_7499,1,2,0,0.0,1.5,0,0,57.98,0
4675,DOC_010,doctor,update_diagnosis,d1838618-2a96-9761-0b8d-89a92a022bcc,2026-04-23 05:35:49,condition,CONDITION_4679,17,15,1,0.11,1.75,1,0,10.06,0
4676,DOC_005,doctor,view_observation,a2ff83e0-2cc0-50a4-b008-52a1add72ced,2026-04-24 11:39:56,observation,OBSERVATION_3914,5,3,0,0.01,1.891,0,0,38.04,0
4677,NUR_001,nurse,view_appointment,047f3ed4-bdea-7cd6-6e80-8537a3979cc6,2026-04-19 09:31:14,appointment,APPOINTMENT_5399,27,21,0,0.09,1.891,0,0,10.66,0
4678,PATUSER_027,patient,book_appointment,dd0de87d-2596-9c38-a834-6f5246a48a51,2026-04-24 06:17:25,appointment,APPOINTMENT_6380,4,1,0,0.0,1.842,0,0,11.8,0
4679,PATUSER_017,patient,update_diagnosis,7225d50f-9363-214e-02d6-3fdc2a246bdc,2026-03-26 20:28:16,condition,CONDITION_7833,58,39,0,0.82,1.5,1,1,377.15,1
4680,NUR_003,nurse,update_vitals,a992fe7d-cd9b-0ace-6e0b-f6f0b5f01fc3,2026-04-14 05:15:47,observation,OBSERVATION_2350,13,15,1,0.07,1.5,0,0,43.0,0
4681,PATUSER_004,patient,view_queue,ad37dc95-561f-9348-6577-eff9b22d47c2,2026-05-11 10:42:58,queue,QUEUE_2178,1,2,0,0.0,0.863,0,0,46.06,0
4682,NUR_003,nurse,register_walkin,f8540aed-49fc-9dd6-b195-288635b1d17a,2026-04-10 03:04:02,appointment,APPOINTMENT_5375,22,25,1,0.08,1.371,0,0,74.22,0
4683,PATUSER_026,patient,cancel_appointment,cc4e166f-53eb-f57b-fb9c-72dddeeb448f,2026-05-06 11:52:51,appointment,APPOINTMENT_3288,6,3,0,0.0,1.75,0,0,48.13,0
4684,DOC_004,doctor,view_record,2faf5170-7c17-9c76-c091-5349b5ecad23,2026-05-14 08:55:40,medical_record,MEDICAL_RECORD_2188,23,14,0,0.08,1.823,0,0,41.76,0
4685,PATUSER_006,patient,view_queue,a2ff83e0-2cc0-50a4-b008-52a1add72ced,2026-05-14 10:57:23,queue,QUEUE_8238,6,2,0,0.0,1.561,0,0,15.14,0
4686,PATUSER_019,patient,view_own_record,d1e9c67e-e701-dbf5-aa21-bb9ae3751b97,2026-05-20 09:21:19,medical_record,MEDICAL_RECORD_9792,4,2,0,0.0,0.985,0,0,65.43,0
4687,DOC_001,doctor,view_record,754c6983-a899-1c3c-f51d-2af172b88b91,2026-04-05 00:48:59,medical_record,MEDICAL_RECORD_3016,7,10,1,0.04,0.722,0,0,59.27,0
4688,PATUSER_018,patient,cancel_appointment,10751dec-9152-b658-beeb-ba433fbb9213,2026-05-01 00:49:35,appointment,APPOINTMENT_9506,3,2,1,0.0,1.686,0,0,44.51,0
4689,ADM_003,admin,view_audit,7225d50f-9363-214e-02d6-3fdc2a246bdc,2026-04-20 01:38:11,audit,AUDIT_9052,11,5,1,0.08,1.75,0,0,28.9,0
4690,PATUSER_002,patient,view_own_record,f5de0af7-bfb4-270e-8175-e12515583ea8,2026-05-15 11:28:16,medical_record,MEDICAL_RECORD_8874,1,3,0,0.0,1.842,0,0,16.25,0
4691,PATUSER_007,patient,view_own_record,dda456b9-cd60-e91b-8a88-fd381a9e4611,2026-03-26 06:45:12,medical_record,MEDICAL_RECORD_3925,2,3,0,0.0,1.811,0,0,13.09,0
4692,DOC_013,doctor,create_prescription,2d457e3d-90cb-357e-f7e0-3014068d2f29,2026-04-13 12:21:45,prescription,PRESCRIPTION_7535,17,5,0,0.16,1.522,0,0,23.54,0
4693,NUR_004,nurse,view_appointment,4ca3be26-4f97-27f0-32fa-6ea155eba23a,2026-04-01 10:08:33,appointment,APPOINTMENT_2203,29,19,0,0.07,1.922,0,0,46.96,0
4694,PATUSER_023,patient,view_own_record,4642b627-0caa-32c4-a7cd-87689252d332,2026-05-10 06:20:36,medical_record,MEDICAL_RECORD_7969,1,2,0,0.0,1.557,0,0,22.28,0
4695,ADM_002,admin,view_report,d998bd61-bed8-3eb5-dcb5-297579cf936f,2026-05-10 12:13:48,report,REPORT_5158,8,8,0,0.04,1.522,1,0,74.51,0
4696,PATUSER_027,patient,view_queue,f2df6bf3-460e-f410-cac9-472739e5df85,2026-04-20 07:15:16,queue,QUEUE_8196,5,1,0,0.0,1.891,0,0,49.12,0
4697,PATUSER_017,patient,view_own_record,f8540aed-49fc-9dd6-b195-288635b1d17a,2026-04-24 04:07:35,medical_record,MEDICAL_RECORD_3537,3,1,1,0.0,1.922,0,0,22.98,0
4698,DOC_008,doctor,view_observation,11b2d013-d581-7187-e88b-7a04781d307b,2026-05-05 02:38:38,observation,OBSERVATION_9394,14,10,1,0.13,1.959,0,0,13.12,0
4699,PATUSER_024,patient,view_own_record,11b2d013-d581-7187-e88b-7a04781d307b,2026-05-15 12:05:20,medical_record,MEDICAL_RECORD_4907,4,1,0,0.0,1.753,0,0,41.25,0
4700,PATUSER_004,patient,book_appointment,d1e9c67e-e701-dbf5-aa21-bb9ae3751b97,2026-05-07 04:18:20,appointment,APPOINTMENT_2496,5,3,1,0.0,1.557,0,0,71.81,0
4701,DOC_014,doctor,view_observation,754c6983-a899-1c3c-f51d-2af172b88b91,2026-04-24 00:50:45,observation,OBSERVATION_5358,23,12,1,0.18,1.157,0,0,32.06,0
4702,DOC_003,doctor,view_observation,f5de0af7-bfb4-270e-8175-e12515583ea8,2026-03-28 09:14:23,observation,OBSERVATION_6030,9,4,0,0.13,1.846,0,0,64.56,0
4703,PATUSER_018,patient,view_own_record,754c6983-a899-1c3c-f51d-2af172b88b91,2026-03-28 06:03:05,medical_record,MEDICAL_RECORD_5451,2,3,0,0.0,1.685,0,0,51.38,0
4704,PATUSER_028,patient,book_appointment,b4679b26-64ac-c348-6667-1e9093ae866f,2026-05-20 09:03:26,appointment,APPOINTMENT_1547,4,2,0,0.0,1.5,0,0,7.76,0
4705,NUR_004,nurse,update_vitals,3844e0c5-14c7-8f87-19b0-8f769b3bdd70,2026-04-06 01:49:00,observation,OBSERVATION_2310,29,18,1,0.1,1.459,0,0,10.82,0
4706,PATUSER_003,patient,book_appointment,3c6d02df-84f2-f9e2-8e09-852349757293,2026-03-29 10:51:34,appointment,APPOINTMENT_6888,4,3,0,0.0,1.884,0,0,67.26,0
4707,NUR_001,nurse,register_walkin,047f3ed4-bdea-7cd6-6e80-8537a3979cc6,2026-05-10 07:41:56,appointment,APPOINTMENT_5181,10,15,0,0.02,1.846,0,0,46.61,0
4708,PATUSER_019,patient,view_queue,155649eb-5d3e-41ca-5a2c-78972a1721f4,2026-04-07 02:28:12,queue,QUEUE_1610,4,1,1,0.0,1.842,0,0,37.06,0
4709,PATUSER_008,patient,book_appointment,bee08b10-0c18-396e-9f8a-03e41691509b,2026-05-05 05:29:17,appointment,APPOINTMENT_5122,3,1,1,0.0,1.371,0,0,62.62,0
4710,PATUSER_014,patient,view_own_record,4bab2d0f-4783-619c-46b2-f656667ffb67,2026-03-29 11:43:32,medical_record,MEDICAL_RECORD_1267,2,1,0,0.0,1.868,0,0,41.12,0
4711,NUR_003,nurse,update_queue,1c39de5b-289a-3a1a-669b-2f756efb8bcb,2026-05-19 11:45:02,appointment,APPOINTMENT_9538,21,24,0,0.11,1.658,0,0,66.03,0
4712,NUR_007,nurse,update_vitals,6367a5b3-1689-57b4-634f-693bb600e552,2026-04-26 03:29:39,observation,OBSERVATION_3222,25,23,1,0.06,1.842,0,0,34.83,0
4713,DOC_011,doctor,view_observation,820d39a0-d304-2b9d-25a8-d705deede745,2026-05-22 09:11:32,observation,OBSERVATION_5752,6,5,0,0.0,1.906,0,0,74.04,0
4714,ADM_001,admin,update_schedule,e7fccc97-5df9-b27f-8322-44fd5b624936,2026-05-06 05:59:12,schedule,SCHEDULE_7716,5,5,1,0.06,1.73,0,0,27.21,0
4715,NUR_003,nurse,update_diagnosis,df4576f2-f38f-02c0-b20f-6153754c41a6,2026-04-12 17:23:18,condition,CONDITION_5393,35,80,0,0.94,1.5,0,1,128.35,1
4716,PATUSER_014,patient,book_appointment,e7fccc97-5df9-b27f-8322-44fd5b624936,2026-05-05 08:42:02,appointment,APPOINTMENT_8020,6,2,0,0.0,1.868,0,0,71.77,0
4717,NUR_007,nurse,register_walkin,12a088f3-264b-6a9f-9a57-678747110969,2026-04-18 05:48:28,appointment,APPOINTMENT_2488,25,22,1,0.08,1.922,0,0,53.42,0
4718,PATUSER_004,patient,view_record,dda456b9-cd60-e91b-8a88-fd381a9e4611,2026-04-18 15:48:51,medical_record,MEDICAL_RECORD_7974,53,56,0,0.77,1.918,1,1,268.86,1
4719,PATUSER_020,patient,book_appointment,79402472-6884-1aca-759a-a23f36ee8dca,2026-03-31 06:21:28,appointment,APPOINTMENT_6233,1,3,0,0.0,1.918,0,0,37.8,0
4720,PATUSER_026,patient,view_queue,c95c96d5-ac6e-6ab6-143b-6da3e3923f39,2026-04-26 08:07:00,queue,QUEUE_8155,1,2,0,0.0,1.157,0,0,12.33,0
4721,DOC_011,doctor,create_prescription,5e236a28-42bb-348c-3267-03ed1a052b40,2026-05-19 12:22:23,prescription,PRESCRIPTION_2065,11,18,0,0.02,1.895,0,0,62.91,0
4722,PATUSER_025,patient,view_record,2b31de7e-3596-37c7-1d46-db12d82e73ef,2026-04-01 19:01:28,medical_record,MEDICAL_RECORD_1455,69,78,0,0.71,2.231,1,1,339.9,1
4723,PATUSER_014,patient,view_record,6367a5b3-1689-57b4-634f-693bb600e552,2026-05-03 19:02:58,medical_record,MEDICAL_RECORD_8790,87,80,0,0.91,2.038,1,1,359.91,1
4724,PATUSER_017,patient,book_appointment,b3c9a883-40ea-1452-7b76-62e552e033d2,2026-04-08 09:50:51,appointment,APPOINTMENT_8128,1,1,0,0.0,1.855,0,0,22.03,0
4725,DOC_008,doctor,update_diagnosis,8c562216-cb73-0829-2fa4-123468939df6,2026-05-23 09:01:00,condition,CONDITION_3130,6,5,0,0.21,1.522,0,0,74.32,0
4726,DOC_011,doctor,update_diagnosis,8e21cb1f-b016-dda9-1d06-c920c24a0b37,2026-04-20 05:58:50,condition,CONDITION_3975,14,6,1,0.01,1.459,0,0,48.14,0
4727,NUR_003,nurse,register_walkin,d1838618-2a96-9761-0b8d-89a92a022bcc,2026-05-09 05:16:16,appointment,APPOINTMENT_3222,15,15,1,0.06,1.918,0,0,23.5,0
4728,PATUSER_017,patient,book_appointment,e126e379-083f-ea08-0358-303361acf072,2026-04-26 06:59:58,appointment,APPOINTMENT_5056,2,3,0,0.0,1.936,0,0,20.17,0
4729,NUR_001,nurse,update_vitals,2faf5170-7c17-9c76-c091-5349b5ecad23,2026-04-27 12:20:01,observation,OBSERVATION_9248,18,6,0,0.12,1.557,0,0,74.21,0
4730,PATUSER_008,patient,book_appointment,c95c96d5-ac6e-6ab6-143b-6da3e3923f39,2026-04-19 06:56:47,appointment,APPOINTMENT_8583,4,1,0,0.0,1.842,0,0,55.52,0
4731,PATUSER_025,patient,view_queue,754c6983-a899-1c3c-f51d-2af172b88b91,2026-04-24 02:28:45,queue,QUEUE_4098,6,2,1,0.0,1.5,0,0,5.68,0
4732,PATUSER_025,patient,cancel_appointment,d5d8b210-bca5-a9ce-0711-3d09468bfe47,2026-04-18 06:44:15,appointment,APPOINTMENT_9599,5,1,0,0.0,1.846,0,0,27.17,0
4733,DOC_002,doctor,create_prescription,f84719a0-d28d-ec20-64a8-a17992dcd9ac,2026-05-15 02:59:04,prescription,PRESCRIPTION_7579,18,9,1,0.01,1.384,0,0,67.46,0
4734,PATUSER_002,patient,book_appointment,3408cffd-cbea-0de1-e3a8-8b0b86bb5637,2026-05-11 06:23:49,appointment,APPOINTMENT_4234,3,1,0,0.0,1.95,0,0,18.66,0
4735,PATUSER_011,patient,book_appointment,57b901cb-d3d2-258c-2773-57008eb32345,2026-05-21 04:18:04,appointment,APPOINTMENT_5430,5,1,1,0.0,1.906,0,0,7.5,0
4736,PATUSER_023,patient,view_own_record,21adc8c0-7e1e-5167-1ac1-5449a6a2c73f,2026-05-16 08:45:25,medical_record,MEDICAL_RECORD_5399,3,2,0,0.0,1.418,0,0,38.92,0
4737,PATUSER_011,patient,view_queue,42c1eb05-09a9-eeda-a957-d822de66c536,2026-05-06 03:28:25,queue,QUEUE_5584,1,3,1,0.0,1.352,0,0,7.52,0
4738,DOC_003,doctor,create_prescription,dda456b9-cd60-e91b-8a88-fd381a9e4611,2026-05-18 06:27:41,prescription,PRESCRIPTION_8735,7,12,0,0.05,1.975,0,0,54.13,0
4739,PATUSER_003,patient,book_appointment,19e9c5a5-4114-0f95-e5e8-29cd6749d4e1,2026-04-20 02:17:54,appointment,APPOINTMENT_2325,1,3,1,0.0,1.522,0,0,63.64,0
4740,PATUSER_027,patient,book_appointment,3844e0c5-14c7-8f87-19b0-8f769b3bdd70,2026-05-06 08:31:02,appointment,APPOINTMENT_3404,3,1,0,0.0,1.906,0,0,55.88,0
4741,PATUSER_014,patient,view_own_record,e94fc8e2-b867-5164-0607-5e5eb581b150,2026-05-17 07:44:00,medical_record,MEDICAL_RECORD_9967,5,3,0,0.0,1.981,0,0,72.71,0
4742,PATUSER_018,patient,book_appointment,8c562216-cb73-0829-2fa4-123468939df6,2026-04-20 02:01:36,appointment,APPOINTMENT_3990,2,2,1,0.0,1.888,0,0,34.49,0
4743,PATUSER_007,patient,cancel_appointment,2d457e3d-90cb-357e-f7e0-3014068d2f29,2026-04-03 12:06:12,appointment,APPOINTMENT_1299,2,1,0,0.0,1.95,0,0,20.88,0
4744,PATUSER_004,patient,view_queue,047f3ed4-bdea-7cd6-6e80-8537a3979cc6,2026-04-22 04:06:36,queue,QUEUE_3132,1,3,1,0.0,1.449,0,0,51.75,0
4745,DOC_004,doctor,create_prescription,2925a752-da6a-ef1f-31aa-68b0c2ff5027,2026-05-23 07:10:07,prescription,PRESCRIPTION_6830,14,12,0,0.06,1.906,0,0,23.43,0
4746,PATUSER_020,patient,view_queue,a2ff83e0-2cc0-50a4-b008-52a1add72ced,2026-04-06 02:33:11,queue,QUEUE_1182,1,2,1,0.0,1.664,0,0,58.09,0
4747,PATUSER_017,patient,view_queue,45f758c8-34c3-3fa5-41f9-5906127ba1bd,2026-04-13 01:21:20,queue,QUEUE_1000,4,2,1,0.0,1.5,0,0,28.76,0
4748,PATUSER_022,patient,book_appointment,0e697a7b-149b-602d-af6f-7e76ca18c5d7,2026-04-09 10:07:33,appointment,APPOINTMENT_6014,4,1,0,0.0,1.522,0,0,52.51,0
4749,DOC_010,doctor,view_observation,155649eb-5d3e-41ca-5a2c-78972a1721f4,2026-04-10 07:56:00,observation,OBSERVATION_6340,10,13,0,0.01,1.761,0,0,52.62,0
4750,PATUSER_007,patient,view_audit,3408cffd-cbea-0de1-e3a8-8b0b86bb5637,2026-04-22 20:29:07,audit,AUDIT_2895,40,79,0,0.83,1.357,1,1,397.61,1
4751,NUR_004,nurse,update_queue,42c1eb05-09a9-eeda-a957-d822de66c536,2026-04-05 11:44:29,appointment,APPOINTMENT_1032,15,16,0,0.09,1.295,0,0,25.64,0
4752,PATUSER_027,patient,view_own_record,4f74c441-7628-4f98-82a7-f4c99d926736,2026-05-10 11:12:43,medical_record,MEDICAL_RECORD_4648,6,2,0,0.0,0.811,0,0,56.1,0
4753,PATUSER_028,patient,view_queue,0369610a-4641-e2d5-80b2-844b2bd99f16,2026-04-10 11:45:02,queue,QUEUE_3040,6,2,0,0.0,1.988,0,0,52.44,0
4754,PATUSER_011,patient,view_own_record,a82f0145-e797-d65d-bebf-e49dd38bac1e,2026-04-29 06:23:39,medical_record,MEDICAL_RECORD_4275,4,2,0,0.0,1.825,0,0,12.08,0
4755,PATUSER_028,patient,book_appointment,235bd53d-07f7-5874-c952-5126acfab01e,2026-04-18 02:59:28,appointment,APPOINTMENT_6583,3,1,1,0.0,1.5,0,0,27.2,0
4756,DOC_003,doctor,update_diagnosis,4ca3be26-4f97-27f0-32fa-6ea155eba23a,2026-04-01 09:23:16,condition,CONDITION_5796,6,9,0,0.14,1.379,0,0,16.78,0
4757,DOC_012,doctor,view_observation,a82f0145-e797-d65d-bebf-e49dd38bac1e,2026-05-03 01:07:45,observation,OBSERVATION_4103,5,3,1,0.21,1.826,0,0,34.39,0
4758,PATUSER_026,patient,cancel_appointment,01974f36-ced2-c38e-32c5-1b09e1fe1638,2026-04-05 05:38:14,appointment,APPOINTMENT_2333,3,3,1,0.0,1.352,0,0,70.85,0
4759,PATUSER_003,patient,view_own_record,2faf5170-7c17-9c76-c091-5349b5ecad23,2026-05-13 08:26:30,medical_record,MEDICAL_RECORD_9990,1,2,0,0.0,1.5,0,0,67.57,0
4760,DOC_012,doctor,view_observation,155649eb-5d3e-41ca-5a2c-78972a1721f4,2026-04-29 06:02:42,observation,OBSERVATION_7389,21,16,0,0.04,1.811,0,0,70.47,0
4761,PATUSER_030,patient,book_appointment,c95c96d5-ac6e-6ab6-143b-6da3e3923f39,2026-05-20 08:11:19,appointment,APPOINTMENT_5700,1,3,0,0.0,1.854,0,0,66.99,0
4762,ADM_002,admin,view_report,2d457e3d-90cb-357e-f7e0-3014068d2f29,2026-05-18 15:57:25,report,REPORT_3008,58,77,0,0.78,1.685,0,0,228.19,1
4763,DOC_015,doctor,create_prescription,054e161c-d33f-0970-2018-1f19582e0813,2026-04-14 07:52:07,prescription,PRESCRIPTION_6004,24,15,0,0.09,1.522,0,0,47.81,0
4764,DOC_015,doctor,view_record,3844e0c5-14c7-8f87-19b0-8f769b3bdd70,2026-05-06 06:49:40,medical_record,MEDICAL_RECORD_8210,19,17,0,0.17,1.557,0,0,20.91,0
4765,DOC_010,doctor,update_diagnosis,3c6d02df-84f2-f9e2-8e09-852349757293,2026-05-17 07:58:13,condition,CONDITION_1900,7,5,0,0.14,1.459,0,0,32.99,0
4766,PATUSER_006,patient,cancel_appointment,6383af50-c8f6-0c22-1dd4-6ee2be572cb1,2026-05-02 04:15:29,appointment,APPOINTMENT_1368,1,3,1,0.0,1.571,0,0,6.94,0
4767,PATUSER_013,patient,update_diagnosis,45f758c8-34c3-3fa5-41f9-5906127ba1bd,2026-04-06 20:29:53,condition,CONDITION_1690,62,27,0,0.7,1.837,1,1,283.49,1
4768,PATUSER_017,patient,cancel_appointment,12a088f3-264b-6a9f-9a57-678747110969,2026-04-25 10:34:43,appointment,APPOINTMENT_2568,3,1,0,0.0,1.906,0,0,42.71,0
4769,PATUSER_012,patient,view_own_record,83948281-33ad-4a11-0a3d-04484caf2ab9,2026-04-12 05:57:53,medical_record,MEDICAL_RECORD_4199,3,2,1,0.0,1.971,0,0,53.51,0
4770,ADM_002,admin,update_schedule,d5d8b210-bca5-a9ce-0711-3d09468bfe47,2026-05-20 04:51:53,schedule,SCHEDULE_6214,5,4,1,0.01,1.379,1,0,29.43,0
4771,ADM_003,admin,update_schedule,21b4ddc5-081e-1ecd-3573-f2ea42677b66,2026-04-28 04:04:41,schedule,SCHEDULE_9880,3,8,1,0.06,1.846,0,0,15.01,0
4772,DOC_012,doctor,create_prescription,d5d8b210-bca5-a9ce-0711-3d09468bfe47,2026-04-19 04:25:16,prescription,PRESCRIPTION_9380,22,4,1,0.2,0.863,0,0,26.69,0
4773,PATUSER_026,patient,update_diagnosis,1290bba5-c164-4273-9694-c3ce92270ef2,2026-04-28 16:42:59,condition,CONDITION_7263,47,28,0,0.78,2.104,1,1,265.59,1
4774,PATUSER_001,patient,view_own_record,9cefc3e8-33f8-beac-d280-fb10e474151c,2026-05-04 05:10:32,medical_record,MEDICAL_RECORD_5658,5,3,1,0.0,1.522,0,0,50.18,0
4775,DOC_006,doctor,view_record,21adc8c0-7e1e-5167-1ac1-5449a6a2c73f,2026-04-23 10:58:33,medical_record,MEDICAL_RECORD_4769,19,17,0,0.12,1.5,0,0,22.22,0
4776,DOC_014,doctor,view_observation,4f0c6acb-066b-1f8d-228d-5e5a973d1fef,2026-04-06 02:11:14,observation,OBSERVATION_8901,14,10,1,0.07,1.753,0,0,75.0,0
4777,PATUSER_004,patient,view_own_record,21adc8c0-7e1e-5167-1ac1-5449a6a2c73f,2026-05-22 11:03:21,medical_record,MEDICAL_RECORD_4863,3,3,0,0.0,1.918,0,0,27.15,0
4778,PATUSER_018,patient,book_appointment,4642b627-0caa-32c4-a7cd-87689252d332,2026-04-05 09:02:07,appointment,APPOINTMENT_6155,1,2,0,0.0,1.975,0,0,74.15,0
4779,PATUSER_017,patient,book_appointment,12a088f3-264b-6a9f-9a57-678747110969,2026-05-14 02:48:10,appointment,APPOINTMENT_2454,2,1,1,0.0,1.906,0,0,30.58,0
4780,PATUSER_026,patient,view_queue,d20dc49f-5674-961e-a123-6e3000654b95,2026-04-15 00:54:33,queue,QUEUE_9922,3,3,1,0.0,1.75,0,0,31.64,0
4781,DOC_008,doctor,view_observation,4ca3be26-4f97-27f0-32fa-6ea155eba23a,2026-04-01 11:17:38,observation,OBSERVATION_2683,7,16,0,0.1,1.379,0,0,49.09,0
4782,NUR_004,nurse,create_prescription,754c6983-a899-1c3c-f51d-2af172b88b91,2026-04-22 18:51:57,prescription,PRESCRIPTION_8937,36,61,0,0.81,1.922,1,1,222.84,1
4783,PATUSER_016,patient,view_queue,d20dc49f-5674-961e-a123-6e3000654b95,2026-03-30 10:05:41,queue,QUEUE_9051,5,3,0,0.0,1.555,0,0,21.93,0
4784,PATUSER_012,patient,cancel_appointment,bfb0d055-557b-4579-1a3b-78cc2ead82c9,2026-04-01 08:02:19,appointment,APPOINTMENT_4047,1,3,0,0.0,2.0,0,0,16.12,0
4785,NUR_001,nurse,register_walkin,1f534514-2f45-191e-04b4-ad9e93bdf422,2026-03-26 11:18:58,appointment,APPOINTMENT_3527,28,8,0,0.11,1.95,0,0,20.19,0
4786,PATUSER_003,patient,cancel_appointment,235bd53d-07f7-5874-c952-5126acfab01e,2026-05-11 05:17:31,appointment,APPOINTMENT_6435,2,1,1,0.0,1.906,0,0,30.3,0
4787,DOC_013,doctor,update_diagnosis,d1838618-2a96-9761-0b8d-89a92a022bcc,2026-04-07 07:00:10,condition,CONDITION_8259,7,17,0,0.21,1.922,0,0,52.27,0
4788,NUR_001,nurse,view_appointment,12a088f3-264b-6a9f-9a57-678747110969,2026-03-28 06:11:59,appointment,APPOINTMENT_4736,20,8,0,0.01,1.884,0,0,36.67,0
4789,PATUSER_026,patient,book_appointment,57b901cb-d3d2-258c-2773-57008eb32345,2026-05-12 01:26:06,appointment,APPOINTMENT_7390,6,2,1,0.0,2.0,0,0,12.95,0
4790,DOC_006,doctor,create_prescription,2d457e3d-90cb-357e-f7e0-3014068d2f29,2026-04-29 21:10:13,prescription,PRESCRIPTION_6037,41,66,0,0.88,1.5,1,0,131.39,1
4791,DOC_011,doctor,view_observation,754c6983-a899-1c3c-f51d-2af172b88b91,2026-05-17 08:35:56,observation,OBSERVATION_8059,15,6,0,0.21,1.557,0,0,72.5,0
4792,PATUSER_012,patient,cancel_appointment,073b376b-9659-3e78-c6a6-a08b74d710da,2026-04-16 02:36:44,appointment,APPOINTMENT_1465,1,2,1,0.0,1.988,0,0,24.71,0
4793,PATUSER_007,patient,view_own_record,820d39a0-d304-2b9d-25a8-d705deede745,2026-05-22 09:09:20,medical_record,MEDICAL_RECORD_4340,5,2,0,0.0,0.722,1,0,50.34,0
4794,DOC_006,doctor,create_prescription,b4679b26-64ac-c348-6667-1e9093ae866f,2026-04-02 04:59:38,prescription,PRESCRIPTION_6632,15,3,1,0.07,1.918,0,0,30.61,0
4795,DOC_009,doctor,create_prescription,4ca3be26-4f97-27f0-32fa-6ea155eba23a,2026-05-11 05:53:28,prescription,PRESCRIPTION_3381,17,7,1,0.07,1.846,0,0,10.45,0
4796,DOC_007,doctor,update_diagnosis,a2ff83e0-2cc0-50a4-b008-52a1add72ced,2026-05-06 02:43:11,condition,CONDITION_3646,8,13,1,0.08,1.0,0,0,12.47,0
4797,ADM_003,admin,view_audit,3408cffd-cbea-0de1-e3a8-8b0b86bb5637,2026-04-18 05:18:06,audit,AUDIT_4150,4,2,1,0.06,1.761,0,0,36.95,0
4798,NUR_003,nurse,register_walkin,21adc8c0-7e1e-5167-1ac1-5449a6a2c73f,2026-04-28 09:53:49,appointment,APPOINTMENT_8761,15,11,0,0.03,0.971,0,0,28.41,0
4799,PATUSER_014,patient,view_own_record,01974f36-ced2-c38e-32c5-1b09e1fe1638,2026-05-10 06:42:20,medical_record,MEDICAL_RECORD_3183,4,3,0,0.0,1.971,0,0,9.24,0
4800,PATUSER_019,patient,view_record,7225d50f-9363-214e-02d6-3fdc2a246bdc,2026-05-08 16:07:27,medical_record,MEDICAL_RECORD_8652,72,43,0,0.83,1.922,1,1,123.62,1
4801,PATUSER_018,patient,book_appointment,57b901cb-d3d2-258c-2773-57008eb32345,2026-04-24 06:23:37,appointment,APPOINTMENT_8387,1,3,0,0.0,0.722,0,0,47.72,0
4802,ADM_001,admin,view_report,dd55f477-af88-4543-f8c0-dca25a96c4cb,2026-04-22 08:39:43,report,REPORT_1135,4,3,0,0.05,1.0,0,0,13.47,0
4803,PATUSER_025,patient,cancel_appointment,cc4e166f-53eb-f57b-fb9c-72dddeeb448f,2026-03-26 07:20:05,appointment,APPOINTMENT_3492,3,3,0,0.0,1.868,0,0,74.47,0
4804,DOC_001,doctor,view_record,bee08b10-0c18-396e-9f8a-03e41691509b,2026-03-30 01:30:29,medical_record,MEDICAL_RECORD_1702,5,9,1,0.19,1.884,0,0,68.04,0
4805,PATUSER_027,patient,book_appointment,d9044272-63af-eca3-2a0c-ec9f9c10a98f,2026-04-11 03:02:56,appointment,APPOINTMENT_5532,1,2,1,0.0,1.5,0,0,17.69,0
4806,PATUSER_020,patient,book_appointment,8e21cb1f-b016-dda9-1d06-c920c24a0b37,2026-04-14 02:13:01,appointment,APPOINTMENT_3303,2,1,1,0.0,1.784,0,0,40.56,0
4807,ADM_003,admin,update_schedule,4f0c6acb-066b-1f8d-228d-5e5a973d1fef,2026-04-11 10:31:47,schedule,SCHEDULE_8215,8,1,0,0.03,1.614,0,0,26.88,0
4808,PATUSER_004,patient,cancel_appointment,b23941a4-269e-2ac4-8ced-75d1ac8b1b1d,2026-05-15 07:50:48,appointment,APPOINTMENT_2326,3,1,0,0.0,1.252,0,0,24.0,0
4809,DOC_009,doctor,view_observation,2b31de7e-3596-37c7-1d46-db12d82e73ef,2026-05-23 04:30:32,observation,OBSERVATION_4963,9,9,1,0.07,1.5,0,0,48.99,0
4810,DOC_015,doctor,view_record,bee08b10-0c18-396e-9f8a-03e41691509b,2026-05-15 06:27:29,medical_record,MEDICAL_RECORD_3914,23,6,0,0.03,1.449,0,0,61.4,0
4811,DOC_003,doctor,update_diagnosis,1c39de5b-289a-3a1a-669b-2f756efb8bcb,2026-04-06 01:11:33,condition,CONDITION_7173,23,15,1,0.1,1.224,0,0,28.26,0
4812,DOC_003,doctor,view_observation,054e161c-d33f-0970-2018-1f19582e0813,2026-04-05 01:56:07,observation,OBSERVATION_2255,20,8,1,0.16,1.906,0,0,33.63,0
4813,DOC_001,doctor,update_diagnosis,79402472-6884-1aca-759a-a23f36ee8dca,2026-03-31 11:32:59,condition,CONDITION_7722,5,11,0,0.13,1.811,0,0,45.01,0
4814,PATUSER_029,patient,update_diagnosis,c5d42b3b-72de-b953-545d-1de4cf59d279,2026-05-08 18:27:33,condition,CONDITION_7684,71,59,0,0.69,2.252,0,1,367.1,1
4815,DOC_012,doctor,view_record,917ffe5d-46b2-36f1-0de8-35e5ed017fa7,2026-04-13 15:41:14,medical_record,MEDICAL_RECORD_3479,69,72,0,0.73,1.738,1,0,241.31,1
4816,DOC_003,doctor,create_prescription,5dd32bff-9eaf-50ef-db4f-c6065be13792,2026-04-03 01:28:07,prescription,PRESCRIPTION_2172,9,7,1,0.15,1.561,0,0,38.81,0
4817,ADM_002,admin,update_schedule,2d457e3d-90cb-357e-f7e0-3014068d2f29,2026-05-21 08:01:37,schedule,SCHEDULE_5608,3,7,0,0.07,0.971,0,0,14.09,0
4818,PATUSER_021,patient,cancel_appointment,392c8ae6-3c3b-1ff7-c35c-4e64946db9b6,2026-04-27 05:52:35,appointment,APPOINTMENT_8416,1,1,1,0.0,1.971,0,0,13.58,0
4819,PATUSER_012,patient,cancel_appointment,fb36d3d9-666c-c4c2-bb96-c9195538d4df,2026-05-20 08:43:19,appointment,APPOINTMENT_3009,6,2,0,0.0,1.837,0,0,37.53,0
4820,PATUSER_006,patient,book_appointment,79402472-6884-1aca-759a-a23f36ee8dca,2026-05-05 07:24:42,appointment,APPOINTMENT_3690,2,3,0,0.0,1.888,0,0,39.02,0
4821,PATUSER_005,patient,book_appointment,073b376b-9659-3e78-c6a6-a08b74d710da,2026-04-24 02:55:19,appointment,APPOINTMENT_5899,1,1,1,0.0,1.459,0,0,41.8,0
4822,PATUSER_008,patient,view_record,88f931d5-4cfa-4be9-c6be-738d5fc8c215,2026-03-26 21:19:50,medical_record,MEDICAL_RECORD_5576,71,36,0,0.67,1.826,0,1,251.34,1
4823,NUR_003,nurse,update_queue,e126e379-083f-ea08-0358-303361acf072,2026-05-21 07:27:23,appointment,APPOINTMENT_3668,13,11,0,0.1,1.5,0,0,56.12,0
4824,PATUSER_023,patient,cancel_appointment,12a088f3-264b-6a9f-9a57-678747110969,2026-05-02 08:48:41,appointment,APPOINTMENT_3761,4,3,0,0.0,1.906,0,0,60.53,0
4825,DOC_001,doctor,create_prescription,bee08b10-0c18-396e-9f8a-03e41691509b,2026-05-13 10:58:46,prescription,PRESCRIPTION_4676,7,10,0,0.08,1.5,0,0,20.54,0
4826,ADM_002,admin,view_report,3bc81e09-7091-bc59-a58a-39b485d9e48b,2026-03-27 07:20:31,report,REPORT_9086,4,2,0,0.05,1.826,0,0,11.46,0
4827,PATUSER_023,patient,view_queue,8c562216-cb73-0829-2fa4-123468939df6,2026-05-23 02:02:16,queue,QUEUE_7738,1,3,1,0.0,1.459,0,0,5.46,0
4828,PATUSER_017,patient,view_queue,d1e9c67e-e701-dbf5-aa21-bb9ae3751b97,2026-05-22 07:38:46,queue,QUEUE_7908,4,2,0,0.0,1.823,0,0,73.25,0
4829,NUR_003,nurse,view_appointment,9cefc3e8-33f8-beac-d280-fb10e474151c,2026-05-12 01:31:14,appointment,APPOINTMENT_8397,9,18,1,0.01,1.918,0,0,74.3,0
4830,DOC_014,doctor,view_observation,9cefc3e8-33f8-beac-d280-fb10e474151c,2026-05-12 11:32:38,observation,OBSERVATION_1554,14,7,0,0.13,1.842,0,0,26.51,0
4831,PATUSER_023,patient,book_appointment,f5de0af7-bfb4-270e-8175-e12515583ea8,2026-04-19 07:22:53,appointment,APPOINTMENT_4089,3,1,0,0.0,1.95,0,0,16.58,0
4832,PATUSER_007,patient,cancel_appointment,fb36d3d9-666c-c4c2-bb96-c9195538d4df,2026-04-10 04:34:43,appointment,APPOINTMENT_2518,3,1,1,0.0,1.868,0,0,46.87,0
4833,DOC_008,doctor,update_diagnosis,8fcbd58f-7e61-d74d-9b35-46d267ecbbd3,2026-04-29 09:10:35,condition,CONDITION_9809,19,4,0,0.1,1.76,0,0,74.0,0
4834,DOC_005,doctor,update_diagnosis,a8bef5c2-6743-79e8-8477-bc3b6244c334,2026-04-07 04:42:15,condition,CONDITION_4758,23,15,1,0.15,1.371,0,0,23.96,0
4835,DOC_013,doctor,update_diagnosis,20f1f5b5-38be-6554-7a24-9fcc8d4bd6c4,2026-05-17 05:07:35,condition,CONDITION_5957,7,6,1,0.17,1.825,0,0,74.39,0
4836,PATUSER_009,patient,cancel_appointment,754c6983-a899-1c3c-f51d-2af172b88b91,2026-04-06 09:10:51,appointment,APPOINTMENT_8292,4,2,0,0.0,1.761,0,0,50.67,0
4837,PATUSER_011,patient,view_audit,dd0de87d-2596-9c38-a834-6f5246a48a51,2026-03-28 20:58:18,audit,AUDIT_4237,69,45,0,0.93,1.918,1,1,275.8,1
4838,PATUSER_008,patient,cancel_appointment,2b31de7e-3596-37c7-1d46-db12d82e73ef,2026-03-29 06:55:42,appointment,APPOINTMENT_1444,1,2,0,0.0,1.884,0,0,27.19,0
4839,PATUSER_025,patient,cancel_appointment,d5d8b210-bca5-a9ce-0711-3d09468bfe47,2026-04-12 05:19:16,appointment,APPOINTMENT_1885,4,3,1,0.0,1.252,0,0,63.23,0
4840,DOC_002,doctor,update_diagnosis,c72a8c6e-1dfd-0a8b-20e7-066eadd4931c,2026-04-06 10:37:45,condition,CONDITION_7643,15,3,0,0.1,1.906,0,0,27.81,0
4841,DOC_001,doctor,view_observation,1c39de5b-289a-3a1a-669b-2f756efb8bcb,2026-04-01 19:18:46,observation,OBSERVATION_9118,43,67,0,0.71,1.79,1,0,170.05,1
4842,PATUSER_018,patient,cancel_appointment,7f857501-0257-2c7f-2e8f-9886705681f3,2026-04-04 01:30:55,appointment,APPOINTMENT_7475,4,1,1,0.0,1.884,0,0,56.29,0
4843,PATUSER_019,patient,cancel_appointment,c72a8c6e-1dfd-0a8b-20e7-066eadd4931c,2026-05-08 06:48:04,appointment,APPOINTMENT_5453,2,2,0,0.0,1.842,0,0,40.53,0
4844,ADM_001,admin,view_audit,01974f36-ced2-c38e-32c5-1b09e1fe1638,2026-04-10 07:57:34,audit,AUDIT_9877,9,7,0,0.1,1.76,0,0,37.6,0
4845,DOC_002,doctor,view_observation,820d39a0-d304-2b9d-25a8-d705deede745,2026-04-14 06:53:59,observation,OBSERVATION_8581,21,4,0,0.01,1.557,0,0,67.08,0
4846,NUR_006,nurse,register_walkin,07052ffe-5096-f813-923b-f3a32be34399,2026-04-03 04:26:29,appointment,APPOINTMENT_3625,22,19,1,0.07,1.918,0,0,47.58,0
4847,NUR_004,nurse,view_appointment,9b5ce034-80bf-4c6b-f400-3a89fc0d135b,2026-04-12 05:26:29,appointment,APPOINTMENT_2992,25,19,1,0.01,1.459,0,0,31.64,0
4848,PATUSER_010,patient,view_queue,a24f1dcf-ef87-f609-183a-d00bcc9b7292,2026-04-23 05:19:59,queue,QUEUE_6172,3,1,1,0.0,1.918,0,0,41.3,0
4849,PATUSER_022,patient,view_own_record,3844e0c5-14c7-8f87-19b0-8f769b3bdd70,2026-04-05 11:25:26,medical_record,MEDICAL_RECORD_1562,2,1,0,0.0,1.53,0,0,6.38,0
4850,DOC_014,doctor,create_prescription,668a10b4-c005-0df3-522e-b068e0d29ea9,2026-03-30 17:51:54,prescription,PRESCRIPTION_8910,52,60,0,0.7,1.459,1,0,289.81,1
4851,PATUSER_025,patient,view_own_record,d7b30817-a7e4-d7c5-8582-63d251b6f98c,2026-04-16 11:34:44,medical_record,MEDICAL_RECORD_7502,5,3,0,0.0,1.784,0,0,56.48,0
4852,PATUSER_014,patient,view_own_record,e7fccc97-5df9-b27f-8322-44fd5b624936,2026-05-02 04:36:06,medical_record,MEDICAL_RECORD_6726,1,1,1,0.0,1.95,0,0,22.55,0
4853,ADM_001,admin,view_audit,e300c149-9eaa-3d5a-57d9-ea8d4c996597,2026-04-11 16:07:20,audit,AUDIT_5567,85,47,0,0.7,1.295,1,0,209.25,1
4854,NUR_002,nurse,view_appointment,dd0de87d-2596-9c38-a834-6f5246a48a51,2026-04-22 10:30:30,appointment,APPOINTMENT_6395,28,24,0,0.06,1.459,0,0,67.33,0
4855,PATUSER_029,patient,view_own_record,42c1eb05-09a9-eeda-a957-d822de66c536,2026-04-27 07:27:25,medical_record,MEDICAL_RECORD_8765,5,3,0,0.0,1.776,0,0,6.32,0
4856,NUR_005,nurse,update_diagnosis,047f3ed4-bdea-7cd6-6e80-8537a3979cc6,2026-05-22 19:37:43,condition,CONDITION_3986,84,64,0,0.82,1.792,0,1,170.45,1
4857,ADM_003,admin,update_schedule,4642b627-0caa-32c4-a7cd-87689252d332,2026-04-10 03:11:43,schedule,SCHEDULE_3351,14,1,1,0.02,1.522,0,0,62.92,0
4858,PATUSER_015,patient,book_appointment,9e25d332-9229-0803-ad9f-ca235142458e,2026-04-22 10:02:41,appointment,APPOINTMENT_9670,4,3,0,0.0,1.846,0,0,23.58,0
4859,PATUSER_008,patient,book_appointment,047f3ed4-bdea-7cd6-6e80-8537a3979cc6,2026-05-07 08:03:41,appointment,APPOINTMENT_8092,1,2,0,0.0,1.936,0,0,32.85,0
4860,NUR_007,nurse,update_queue,2d457e3d-90cb-357e-f7e0-3014068d2f29,2026-05-22 05:21:32,appointment,APPOINTMENT_7947,25,13,1,0.12,1.988,0,0,74.34,0
4861,PATUSER_003,patient,book_appointment,1290bba5-c164-4273-9694-c3ce92270ef2,2026-05-15 07:48:43,appointment,APPOINTMENT_3567,1,1,0,0.0,1.5,0,0,59.65,0
4862,DOC_011,doctor,update_diagnosis,d1838618-2a96-9761-0b8d-89a92a022bcc,2026-05-17 10:21:18,condition,CONDITION_4746,19,8,0,0.12,1.906,0,0,27.01,0
4863,PATUSER_011,patient,book_appointment,073b376b-9659-3e78-c6a6-a08b74d710da,2026-04-12 06:33:41,appointment,APPOINTMENT_4425,4,1,0,0.0,1.975,0,0,40.93,0
4864,DOC_015,doctor,create_prescription,9cefc3e8-33f8-beac-d280-fb10e474151c,2026-03-26 08:03:52,prescription,PRESCRIPTION_5512,24,11,0,0.17,1.981,0,0,30.39,0
4865,PATUSER_020,patient,cancel_appointment,ea7deb48-7fa5-3406-28b9-051b0c18d363,2026-04-30 04:04:59,appointment,APPOINTMENT_9975,5,1,1,0.0,0.764,0,0,40.04,0
4866,PATUSER_024,patient,view_queue,88f931d5-4cfa-4be9-c6be-738d5fc8c215,2026-03-27 10:15:54,queue,QUEUE_7527,1,2,0,0.0,1.826,0,0,8.65,0
4867,PATUSER_010,patient,cancel_appointment,047f3ed4-bdea-7cd6-6e80-8537a3979cc6,2026-05-14 04:27:08,appointment,APPOINTMENT_9448,1,3,1,0.0,0.985,0,0,69.36,0
4868,DOC_010,doctor,update_diagnosis,a8bef5c2-6743-79e8-8477-bc3b6244c334,2026-03-27 07:02:36,condition,CONDITION_1564,9,12,0,0.07,1.522,0,0,18.6,0
4869,NUR_001,nurse,update_queue,d9044272-63af-eca3-2a0c-ec9f9c10a98f,2026-04-14 09:38:43,appointment,APPOINTMENT_1886,14,24,0,0.04,1.459,0,0,46.25,0
4870,PATUSER_003,patient,book_appointment,4f0c6acb-066b-1f8d-228d-5e5a973d1fef,2026-05-09 12:25:10,appointment,APPOINTMENT_4272,4,3,0,0.0,1.837,0,0,20.14,0
4871,PATUSER_012,patient,update_diagnosis,dd55f477-af88-4543-f8c0-dca25a96c4cb,2026-03-30 21:19:10,condition,CONDITION_8908,59,51,0,0.8,2.171,0,1,196.9,1
4872,DOC_014,doctor,create_prescription,3408cffd-cbea-0de1-e3a8-8b0b86bb5637,2026-05-10 10:51:06,prescription,PRESCRIPTION_2766,24,3,0,0.01,1.295,0,0,54.73,0
4873,PATUSER_004,patient,view_own_record,054e161c-d33f-0970-2018-1f19582e0813,2026-03-25 11:40:48,medical_record,MEDICAL_RECORD_1297,4,2,0,0.0,1.76,0,0,14.71,0
4874,PATUSER_022,patient,cancel_appointment,d1e9c67e-e701-dbf5-aa21-bb9ae3751b97,2026-05-08 08:09:10,appointment,APPOINTMENT_3412,2,2,0,0.0,1.722,1,0,20.3,0
4875,PATUSER_013,patient,view_own_record,754c6983-a899-1c3c-f51d-2af172b88b91,2026-05-04 06:37:07,medical_record,MEDICAL_RECORD_4339,2,1,0,0.0,1.792,0,0,74.18,0
4876,PATUSER_005,patient,book_appointment,7f857501-0257-2c7f-2e8f-9886705681f3,2026-04-30 11:48:54,appointment,APPOINTMENT_2604,5,2,0,0.0,1.868,1,0,35.21,0
4877,PATUSER_029,patient,book_appointment,073b376b-9659-3e78-c6a6-a08b74d710da,2026-04-29 01:41:30,appointment,APPOINTMENT_4912,6,3,1,0.0,1.784,0,0,15.24,0
4878,PATUSER_016,patient,view_queue,8db9c819-1c0b-c9a9-3e31-4b85f52201d2,2026-04-10 11:11:55,queue,QUEUE_3960,1,3,0,0.0,1.846,0,0,16.05,0
4879,DOC_012,doctor,view_record,01974f36-ced2-c38e-32c5-1b09e1fe1638,2026-04-14 05:23:37,medical_record,MEDICAL_RECORD_5611,12,7,1,0.04,1.658,0,0,58.34,0
4880,PATUSER_025,patient,view_record,392c8ae6-3c3b-1ff7-c35c-4e64946db9b6,2026-04-09 20:34:15,medical_record,MEDICAL_RECORD_6958,43,51,0,0.87,2.046,1,1,139.99,1
4881,ADM_002,admin,update_schedule,c72a8c6e-1dfd-0a8b-20e7-066eadd4931c,2026-05-02 05:37:55,schedule,SCHEDULE_8756,4,6,1,0.03,1.959,0,0,8.92,0
4882,ADM_002,admin,view_report,fb36d3d9-666c-c4c2-bb96-c9195538d4df,2026-05-11 10:58:01,report,REPORT_8848,5,7,0,0.1,1.522,0,0,51.18,0
4883,NUR_005,nurse,register_walkin,2d457e3d-90cb-357e-f7e0-3014068d2f29,2026-04-20 09:26:10,appointment,APPOINTMENT_2738,20,24,0,0.01,1.664,0,0,28.19,0
4884,PATUSER_003,patient,view_audit,671064b5-039b-51a8-7e40-8e6baa0a7e35,2026-05-17 20:42:00,audit,AUDIT_3346,70,64,0,0.79,1.972,1,1,314.05,1
4885,DOC_004,doctor,view_record,8e21cb1f-b016-dda9-1d06-c920c24a0b37,2026-05-08 00:37:33,medical_record,MEDICAL_RECORD_8856,15,17,1,0.13,1.555,0,0,62.21,0
4886,NUR_001,nurse,update_queue,dd0de87d-2596-9c38-a834-6f5246a48a51,2026-03-26 02:20:49,appointment,APPOINTMENT_7566,11,22,1,0.06,1.252,0,0,22.64,0
4887,PATUSER_016,patient,book_appointment,f84719a0-d28d-ec20-64a8-a17992dcd9ac,2026-04-24 10:15:14,appointment,APPOINTMENT_3780,3,3,0,0.0,1.561,0,0,36.29,0
4888,DOC_005,doctor,update_diagnosis,465dd060-e77a-9924-0d7a-75d52d39a714,2026-04-14 12:23:57,condition,CONDITION_6296,9,10,0,0.16,1.753,0,0,34.44,0
4889,PATUSER_022,patient,view_queue,b3c9a883-40ea-1452-7b76-62e552e033d2,2026-05-01 12:18:57,queue,QUEUE_1702,1,3,0,0.0,1.557,0,0,56.83,0
4890,NUR_003,nurse,update_vitals,4f0c6acb-066b-1f8d-228d-5e5a973d1fef,2026-05-10 06:27:49,observation,OBSERVATION_6627,18,11,0,0.05,1.854,0,0,10.94,0
4891,PATUSER_002,patient,book_appointment,219c0f88-2190-9af2-4122-bcf1c4f4a0bf,2026-05-23 03:47:45,appointment,APPOINTMENT_5299,2,1,1,0.0,1.859,0,0,43.69,0
4892,PATUSER_001,patient,view_record,9b5ce034-80bf-4c6b-f400-3a89fc0d135b,2026-04-10 20:01:28,medical_record,MEDICAL_RECORD_5808,46,78,0,0.75,2.055,1,1,414.92,1
4893,PATUSER_010,patient,view_own_record,a8bef5c2-6743-79e8-8477-bc3b6244c334,2026-05-16 08:12:08,medical_record,MEDICAL_RECORD_5593,2,3,0,0.0,1.834,1,0,17.94,0
4894,PATUSER_012,patient,view_queue,392c8ae6-3c3b-1ff7-c35c-4e64946db9b6,2026-05-06 02:28:14,queue,QUEUE_4578,1,3,1,0.0,1.922,0,0,29.34,0
4895,DOC_015,doctor,update_diagnosis,c72a8c6e-1dfd-0a8b-20e7-066eadd4931c,2026-03-29 09:51:04,condition,CONDITION_8917,20,18,0,0.04,1.5,0,0,73.47,0
4896,PATUSER_019,patient,view_own_record,843d8b33-f833-1324-2aa6-e07c91e49204,2026-04-21 06:36:10,medical_record,MEDICAL_RECORD_2781,2,2,0,0.0,1.379,0,0,61.93,0
4897,PATUSER_003,patient,book_appointment,57b901cb-d3d2-258c-2773-57008eb32345,2026-05-05 01:21:58,appointment,APPOINTMENT_7954,6,1,1,0.0,1.95,0,0,71.36,0
4898,DOC_013,doctor,view_observation,1290bba5-c164-4273-9694-c3ce92270ef2,2026-04-11 02:23:39,observation,OBSERVATION_9556,15,4,1,0.09,1.539,0,0,47.77,0
4899,DOC_015,doctor,update_diagnosis,4f0c6acb-066b-1f8d-228d-5e5a973d1fef,2026-04-26 11:54:35,condition,CONDITION_5713,8,13,0,0.19,2.0,0,0,74.05,0
4900,PATUSER_015,patient,cancel_appointment,744a7169-4e89-61ff-27f2-3c736abf4368,2026-05-15 05:57:56,appointment,APPOINTMENT_4039,2,1,1,0.0,1.753,0,0,67.4,0
4901,DOC_015,doctor,view_observation,073b376b-9659-3e78-c6a6-a08b74d710da,2026-05-03 08:18:42,observation,OBSERVATION_8835,7,4,0,0.08,1.371,0,0,13.41,0
4902,NUR_002,nurse,view_appointment,d1838618-2a96-9761-0b8d-89a92a022bcc,2026-04-03 08:53:05,appointment,APPOINTMENT_7747,12,19,0,0.01,1.522,0,0,46.77,0
4903,PATUSER_013,patient,view_own_record,917ffe5d-46b2-36f1-0de8-35e5ed017fa7,2026-04-13 06:51:51,medical_record,MEDICAL_RECORD_1463,2,2,0,0.0,1.555,0,0,68.17,0
4904,PATUSER_023,patient,cancel_appointment,83948281-33ad-4a11-0a3d-04484caf2ab9,2026-04-04 02:40:13,appointment,APPOINTMENT_6649,1,1,1,0.0,1.522,0,0,21.72,0
4905,PATUSER_018,patient,cancel_appointment,dda456b9-cd60-e91b-8a88-fd381a9e4611,2026-05-19 10:49:27,appointment,APPOINTMENT_4382,3,3,0,0.0,1.371,0,0,47.2,0
4906,PATUSER_001,patient,book_appointment,11b2d013-d581-7187-e88b-7a04781d307b,2026-04-26 05:25:21,appointment,APPOINTMENT_6774,1,2,1,0.0,1.573,0,0,48.21,0
4907,PATUSER_016,patient,view_own_record,ed1c3b46-34b9-221b-cb10-682e9ed9ddbd,2026-05-15 03:21:37,medical_record,MEDICAL_RECORD_3428,1,1,1,0.0,1.792,0,0,16.17,0
4908,PATUSER_028,patient,view_queue,e8b56457-438e-7a2e-04ee-e0b2ec149f61,2026-05-16 11:24:37,queue,QUEUE_5955,4,3,0,0.0,1.95,0,0,25.61,0
4909,DOC_008,doctor,view_record,d1838618-2a96-9761-0b8d-89a92a022bcc,2026-04-06 03:46:48,medical_record,MEDICAL_RECORD_5287,21,14,1,0.01,1.522,0,0,44.76,0
4910,PATUSER_021,patient,view_queue,e94fc8e2-b867-5164-0607-5e5eb581b150,2026-04-19 04:30:19,queue,QUEUE_4925,3,2,1,0.0,-0.0,0,0,49.61,0
4911,DOC_014,doctor,view_observation,155649eb-5d3e-41ca-5a2c-78972a1721f4,2026-03-30 19:38:58,observation,OBSERVATION_1418,58,42,0,0.79,1.895,0,0,147.8,1
4912,DOC_003,doctor,view_record,20f1f5b5-38be-6554-7a24-9fcc8d4bd6c4,2026-04-22 01:24:28,medical_record,MEDICAL_RECORD_8170,19,5,1,0.02,1.522,0,0,56.6,0
4913,PATUSER_022,patient,cancel_appointment,d1838618-2a96-9761-0b8d-89a92a022bcc,2026-04-22 04:50:00,appointment,APPOINTMENT_2782,6,2,1,0.0,1.837,0,0,13.25,0
4914,DOC_003,doctor,create_prescription,c5d42b3b-72de-b953-545d-1de4cf59d279,2026-04-28 08:38:27,prescription,PRESCRIPTION_4499,11,14,0,0.19,1.834,0,0,37.04,0
4915,NUR_003,nurse,register_walkin,4ca3be26-4f97-27f0-32fa-6ea155eba23a,2026-05-02 07:39:10,appointment,APPOINTMENT_1280,17,14,0,0.1,1.842,0,0,55.3,0
4916,PATUSER_028,patient,view_own_record,b4679b26-64ac-c348-6667-1e9093ae866f,2026-04-05 08:23:58,medical_record,MEDICAL_RECORD_7315,5,2,0,0.0,1.371,0,0,58.3,0
4917,PATUSER_008,patient,view_own_record,57b901cb-d3d2-258c-2773-57008eb32345,2026-05-07 08:55:01,medical_record,MEDICAL_RECORD_2428,1,1,0,0.0,1.753,0,0,44.47,0
4918,PATUSER_016,patient,book_appointment,a24f1dcf-ef87-f609-183a-d00bcc9b7292,2026-04-12 02:34:21,appointment,APPOINTMENT_4109,1,3,1,0.0,1.891,0,0,21.04,0
4919,PATUSER_001,patient,view_queue,c95c96d5-ac6e-6ab6-143b-6da3e3923f39,2026-04-24 09:45:05,queue,QUEUE_1626,1,3,0,0.0,1.936,0,0,61.77,0
4920,PATUSER_014,patient,view_queue,910f9d72-b5f2-60bf-8302-274ac5d74635,2026-04-24 02:23:50,queue,QUEUE_7777,4,3,1,0.0,1.846,0,0,60.65,0
4921,PATUSER_007,patient,cancel_appointment,88f931d5-4cfa-4be9-c6be-738d5fc8c215,2026-05-20 05:42:30,appointment,APPOINTMENT_3597,6,2,1,0.0,1.522,0,0,47.56,0
4922,DOC_006,doctor,view_record,5e236a28-42bb-348c-3267-03ed1a052b40,2026-04-13 03:25:33,medical_record,MEDICAL_RECORD_4055,24,10,1,0.12,1.811,0,0,60.4,0
4923,DOC_001,doctor,view_observation,4ca3be26-4f97-27f0-32fa-6ea155eba23a,2026-04-15 06:26:45,observation,OBSERVATION_4562,18,17,0,0.02,1.823,0,0,52.79,0
4924,ADM_003,admin,update_schedule,bfb0d055-557b-4579-1a3b-78cc2ead82c9,2026-05-16 07:53:59,schedule,SCHEDULE_3751,6,8,0,0.02,1.906,0,0,44.48,0
4925,DOC_011,doctor,update_diagnosis,073b376b-9659-3e78-c6a6-a08b74d710da,2026-05-07 09:22:26,condition,CONDITION_9203,22,12,0,0.17,1.823,0,0,46.62,0
4926,PATUSER_011,patient,view_queue,3eee4689-2d02-6ec9-c257-42b3adfdcd70,2026-04-16 06:03:37,queue,QUEUE_2028,3,1,0,0.0,1.891,0,0,18.91,0
4927,PATUSER_018,patient,cancel_appointment,07052ffe-5096-f813-923b-f3a32be34399,2026-04-05 05:58:42,appointment,APPOINTMENT_4574,2,3,1,0.0,1.685,0,0,70.79,0
4928,DOC_013,doctor,view_record,df4576f2-f38f-02c0-b20f-6153754c41a6,2026-04-13 10:45:06,medical_record,MEDICAL_RECORD_7661,23,13,0,0.16,1.855,0,0,14.85,0
4929,DOC_012,doctor,update_diagnosis,12a088f3-264b-6a9f-9a57-678747110969,2026-04-24 07:21:01,condition,CONDITION_8013,14,13,0,0.09,2.0,0,0,11.32,0
4930,DOC_009,doctor,view_record,392c8ae6-3c3b-1ff7-c35c-4e64946db9b6,2026-04-05 07:24:59,medical_record,MEDICAL_RECORD_9976,11,9,0,0.09,1.826,1,0,68.13,0
4931,PATUSER_018,patient,view_queue,20f1f5b5-38be-6554-7a24-9fcc8d4bd6c4,2026-04-03 01:39:30,queue,QUEUE_3962,4,3,1,0.0,1.906,0,0,69.16,0
4932,DOC_002,doctor,create_prescription,4ca3be26-4f97-27f0-32fa-6ea155eba23a,2026-03-29 08:59:36,prescription,PRESCRIPTION_5138,19,4,0,0.1,1.76,0,0,29.28,0
4933,PATUSER_010,patient,cancel_appointment,45f758c8-34c3-3fa5-41f9-5906127ba1bd,2026-04-27 09:24:09,appointment,APPOINTMENT_7396,4,2,0,0.0,1.988,0,0,35.2,0
4934,NUR_002,nurse,register_walkin,668a10b4-c005-0df3-522e-b068e0d29ea9,2026-05-14 06:47:42,appointment,APPOINTMENT_8656,29,25,0,0.0,1.371,0,0,67.5,0
4935,PATUSER_028,patient,view_queue,bfb0d055-557b-4579-1a3b-78cc2ead82c9,2026-04-19 11:50:12,queue,QUEUE_8876,4,2,0,0.0,1.922,0,0,9.59,0
4936,DOC_004,doctor,create_prescription,cc4e166f-53eb-f57b-fb9c-72dddeeb448f,2026-05-15 09:49:11,prescription,PRESCRIPTION_4678,19,17,0,0.16,1.859,0,0,25.75,0
4937,DOC_004,doctor,view_record,d1838618-2a96-9761-0b8d-89a92a022bcc,2026-04-27 10:43:36,medical_record,MEDICAL_RECORD_7872,10,3,0,0.12,1.846,0,0,7.18,0
4938,PATUSER_025,patient,cancel_appointment,f8540aed-49fc-9dd6-b195-288635b1d17a,2026-05-15 02:58:39,appointment,APPOINTMENT_7850,3,3,1,0.0,1.906,0,0,74.71,0
4939,PATUSER_005,patient,book_appointment,c95c96d5-ac6e-6ab6-143b-6da3e3923f39,2026-05-18 04:02:14,appointment,APPOINTMENT_2139,4,1,1,0.0,1.571,0,0,7.16,0
4940,PATUSER_023,patient,view_own_record,a8bef5c2-6743-79e8-8477-bc3b6244c334,2026-04-07 01:29:22,medical_record,MEDICAL_RECORD_5131,3,1,1,0.0,1.5,0,0,60.89,0
4941,PATUSER_020,patient,cancel_appointment,83948281-33ad-4a11-0a3d-04484caf2ab9,2026-05-09 04:10:50,appointment,APPOINTMENT_5146,1,3,1,0.0,1.761,0,0,42.82,0
4942,NUR_007,nurse,update_queue,155649eb-5d3e-41ca-5a2c-78972a1721f4,2026-04-16 08:13:22,appointment,APPOINTMENT_9521,17,24,0,0.01,1.371,0,0,51.24,0
4943,PATUSER_029,patient,book_appointment,bee08b10-0c18-396e-9f8a-03e41691509b,2026-05-05 09:02:06,appointment,APPOINTMENT_4621,3,1,0,0.0,1.891,0,0,22.03,0
4944,DOC_009,doctor,create_prescription,1f534514-2f45-191e-04b4-ad9e93bdf422,2026-04-15 08:18:31,prescription,PRESCRIPTION_7594,12,9,0,0.1,1.459,0,0,5.77,0
4945,NUR_004,nurse,view_appointment,4ca3be26-4f97-27f0-32fa-6ea155eba23a,2026-04-30 02:11:09,appointment,APPOINTMENT_1641,15,9,1,0.02,1.959,0,0,20.24,0
4946,PATUSER_010,patient,book_appointment,c72a8c6e-1dfd-0a8b-20e7-066eadd4931c,2026-04-28 02:45:18,appointment,APPOINTMENT_7508,3,2,1,0.0,1.784,0,0,45.81,0
4947,NUR_005,nurse,view_appointment,917ffe5d-46b2-36f1-0de8-35e5ed017fa7,2026-03-31 12:19:32,appointment,APPOINTMENT_6166,22,19,0,0.03,1.73,0,0,21.48,0
4948,PATUSER_026,patient,view_own_record,88f931d5-4cfa-4be9-c6be-738d5fc8c215,2026-04-29 03:40:03,medical_record,MEDICAL_RECORD_6857,4,3,1,0.0,1.922,1,0,39.18,0
4949,DOC_005,doctor,create_prescription,88f931d5-4cfa-4be9-c6be-738d5fc8c215,2026-04-06 10:33:09,prescription,PRESCRIPTION_2388,17,14,0,0.06,1.891,1,0,33.25,0
4950,NUR_004,nurse,update_queue,5dd32bff-9eaf-50ef-db4f-c6065be13792,2026-04-21 05:04:57,appointment,APPOINTMENT_1594,25,15,1,0.1,1.868,0,0,64.2,0
4951,DOC_008,doctor,view_record,1f534514-2f45-191e-04b4-ad9e93bdf422,2026-03-30 04:24:37,medical_record,MEDICAL_RECORD_6721,24,12,1,0.05,1.936,0,0,68.54,0
4952,DOC_009,doctor,update_diagnosis,a8bef5c2-6743-79e8-8477-bc3b6244c334,2026-05-12 03:45:52,condition,CONDITION_2527,22,5,1,0.12,1.522,0,0,33.22,0
4953,PATUSER_030,patient,book_appointment,d1838618-2a96-9761-0b8d-89a92a022bcc,2026-05-20 03:26:00,appointment,APPOINTMENT_1315,2,1,1,0.0,1.557,0,0,40.14,0
4954,ADM_001,admin,update_schedule,5e236a28-42bb-348c-3267-03ed1a052b40,2026-05-16 02:29:00,schedule,SCHEDULE_4414,2,2,1,0.1,1.784,0,0,24.76,0
4955,PATUSER_011,patient,view_own_record,7225d50f-9363-214e-02d6-3fdc2a246bdc,2026-04-27 06:38:32,medical_record,MEDICAL_RECORD_5359,1,2,0,0.0,1.792,0,0,74.52,0
4956,PATUSER_026,patient,book_appointment,8db9c819-1c0b-c9a9-3e31-4b85f52201d2,2026-04-08 10:09:57,appointment,APPOINTMENT_5621,6,3,0,0.0,1.922,0,0,17.2,0
4957,PATUSER_008,patient,view_audit,1290bba5-c164-4273-9694-c3ce92270ef2,2026-03-27 16:56:53,audit,AUDIT_4591,72,59,0,0.85,1.522,0,1,306.15,1
4958,PATUSER_009,patient,book_appointment,d20dc49f-5674-961e-a123-6e3000654b95,2026-05-21 02:35:13,appointment,APPOINTMENT_2694,5,2,1,0.0,1.617,0,0,23.58,0
4959,DOC_008,doctor,create_prescription,054e161c-d33f-0970-2018-1f19582e0813,2026-05-08 18:03:28,prescription,PRESCRIPTION_4115,67,73,0,0.81,1.761,1,0,393.73,1
4960,PATUSER_003,patient,view_queue,a82f0145-e797-d65d-bebf-e49dd38bac1e,2026-05-01 10:19:17,queue,QUEUE_8502,2,3,0,0.0,1.784,0,0,73.59,0
4961,PATUSER_025,patient,cancel_appointment,dd0de87d-2596-9c38-a834-6f5246a48a51,2026-05-16 00:41:18,appointment,APPOINTMENT_4485,1,2,1,0.0,1.936,0,0,26.41,0
4962,NUR_006,nurse,view_appointment,f5de0af7-bfb4-270e-8175-e12515583ea8,2026-04-20 02:41:48,appointment,APPOINTMENT_8554,8,14,1,0.1,1.664,0,0,52.47,0
4963,PATUSER_013,patient,view_own_record,d9044272-63af-eca3-2a0c-ec9f9c10a98f,2026-05-20 10:52:13,medical_record,MEDICAL_RECORD_5584,4,3,0,0.0,1.855,0,0,66.39,0
4964,PATUSER_014,patient,cancel_appointment,e60a6ecc-5639-5800-4bf2-8e8a2865e55c,2026-05-05 01:58:55,appointment,APPOINTMENT_4930,6,2,1,0.0,1.686,0,0,9.51,0
4965,PATUSER_026,patient,book_appointment,4642b627-0caa-32c4-a7cd-87689252d332,2026-04-25 11:23:44,appointment,APPOINTMENT_1802,3,2,0,0.0,1.585,0,0,66.99,0
4966,PATUSER_003,patient,view_queue,8c562216-cb73-0829-2fa4-123468939df6,2026-03-27 10:42:10,queue,QUEUE_5201,2,1,0,0.0,0.971,0,0,55.28,0
4967,NUR_004,nurse,update_queue,f5de0af7-bfb4-270e-8175-e12515583ea8,2026-04-24 08:36:32,appointment,APPOINTMENT_6959,30,18,0,0.07,1.557,0,0,28.89,0
4968,NUR_007,nurse,register_walkin,c5d42b3b-72de-b953-545d-1de4cf59d279,2026-05-17 04:49:30,appointment,APPOINTMENT_5536,16,17,1,0.06,0.811,0,0,8.41,0
4969,DOC_010,doctor,create_prescription,d1e9c67e-e701-dbf5-aa21-bb9ae3751b97,2026-04-03 02:46:24,prescription,PRESCRIPTION_8672,11,5,1,0.07,1.784,0,0,41.45,0
4970,PATUSER_015,patient,cancel_appointment,0369610a-4641-e2d5-80b2-844b2bd99f16,2026-04-10 12:25:08,appointment,APPOINTMENT_2050,3,1,0,0.0,0.971,0,0,43.15,0
4971,PATUSER_012,patient,view_queue,4ca3be26-4f97-27f0-32fa-6ea155eba23a,2026-05-18 06:00:17,queue,QUEUE_5557,4,1,0,0.0,1.549,0,0,53.68,0
4972,DOC_015,doctor,create_prescription,917ffe5d-46b2-36f1-0de8-35e5ed017fa7,2026-04-18 05:48:10,prescription,PRESCRIPTION_8949,11,4,1,0.07,1.888,0,0,23.37,0
4973,PATUSER_004,patient,book_appointment,843d8b33-f833-1324-2aa6-e07c91e49204,2026-04-25 08:41:52,appointment,APPOINTMENT_4153,2,3,0,0.0,1.971,0,0,37.19,0
4974,DOC_001,doctor,view_observation,a2ff83e0-2cc0-50a4-b008-52a1add72ced,2026-05-02 01:28:31,observation,OBSERVATION_4643,12,18,1,0.02,0.918,0,0,42.36,0
4975,NUR_007,nurse,view_appointment,d1838618-2a96-9761-0b8d-89a92a022bcc,2026-05-02 09:58:45,appointment,APPOINTMENT_8864,17,14,0,0.08,1.5,0,0,37.4,0
4976,NUR_003,nurse,update_queue,df4576f2-f38f-02c0-b20f-6153754c41a6,2026-04-23 10:19:24,appointment,APPOINTMENT_3856,16,7,0,0.05,1.379,0,0,32.46,0
4977,DOC_010,doctor,view_observation,fb36d3d9-666c-c4c2-bb96-c9195538d4df,2026-05-22 03:49:30,observation,OBSERVATION_2405,23,7,1,0.2,1.495,0,0,49.62,0
4978,DOC_011,doctor,view_record,d1838618-2a96-9761-0b8d-89a92a022bcc,2026-04-01 11:17:04,medical_record,MEDICAL_RECORD_2079,7,15,0,0.01,1.792,0,0,60.36,0
4979,ADM_002,admin,view_audit,f84719a0-d28d-ec20-64a8-a17992dcd9ac,2026-04-07 03:47:10,audit,AUDIT_7924,15,4,1,0.02,1.95,0,0,12.03,0
4980,DOC_010,doctor,view_record,a24f1dcf-ef87-f609-183a-d00bcc9b7292,2026-04-15 19:57:19,medical_record,MEDICAL_RECORD_3345,68,52,0,0.94,1.75,1,0,184.73,1
4981,NUR_001,nurse,view_appointment,a8bef5c2-6743-79e8-8477-bc3b6244c334,2026-05-12 08:04:41,appointment,APPOINTMENT_6101,15,16,0,0.07,1.846,0,0,15.82,0
4982,PATUSER_013,patient,cancel_appointment,11b2d013-d581-7187-e88b-7a04781d307b,2026-03-29 07:54:59,appointment,APPOINTMENT_1745,4,2,0,0.0,1.891,0,0,50.37,0
4983,PATUSER_028,patient,view_queue,c95c96d5-ac6e-6ab6-143b-6da3e3923f39,2026-05-15 00:43:41,queue,QUEUE_1743,1,2,1,0.0,1.834,0,0,72.3,0
4984,NUR_006,nurse,update_queue,5dd32bff-9eaf-50ef-db4f-c6065be13792,2026-05-09 09:19:05,appointment,APPOINTMENT_4707,21,13,0,0.11,1.75,0,0,31.22,0
4985,PATUSER_013,patient,view_audit,07052ffe-5096-f813-923b-f3a32be34399,2026-05-05 20:41:10,audit,AUDIT_3826,89,60,0,0.79,2.128,1,1,390.54,1
4986,PATUSER_028,patient,book_appointment,8c562216-cb73-0829-2fa4-123468939df6,2026-05-04 08:49:42,appointment,APPOINTMENT_2530,3,3,0,0.0,1.561,0,0,66.64,0
4987,PATUSER_001,patient,view_queue,b4679b26-64ac-c348-6667-1e9093ae866f,2026-04-06 08:16:58,queue,QUEUE_4038,4,1,0,0.0,1.555,0,0,32.49,0
4988,PATUSER_021,patient,view_queue,219c0f88-2190-9af2-4122-bcf1c4f4a0bf,2026-04-03 07:40:39,queue,QUEUE_2175,2,1,0,0.0,1.459,0,0,33.14,0
4989,PATUSER_012,patient,view_queue,3bc81e09-7091-bc59-a58a-39b485d9e48b,2026-03-31 08:14:08,queue,QUEUE_9807,4,2,0,0.0,1.522,0,0,35.96,0
4990,NUR_001,nurse,register_walkin,2d457e3d-90cb-357e-f7e0-3014068d2f29,2026-04-13 01:05:54,appointment,APPOINTMENT_1743,27,10,1,0.03,1.573,0,0,8.27,0
4991,PATUSER_023,patient,cancel_appointment,4f0c6acb-066b-1f8d-228d-5e5a973d1fef,2026-04-08 01:38:08,appointment,APPOINTMENT_1388,4,2,1,0.0,1.0,0,0,20.04,0
4992,DOC_002,doctor,view_observation,e1571870-cf37-1c6b-c97f-c4ab9a32b172,2026-04-14 05:59:21,observation,OBSERVATION_5980,16,6,1,0.09,0.811,1,0,17.52,0
4993,PATUSER_023,patient,view_queue,cc4e166f-53eb-f57b-fb9c-72dddeeb448f,2026-04-17 06:51:59,queue,QUEUE_2144,3,1,0,0.0,1.888,0,0,55.28,0
4994,PATUSER_028,patient,view_own_record,219c0f88-2190-9af2-4122-bcf1c4f4a0bf,2026-05-04 10:47:24,medical_record,MEDICAL_RECORD_6627,5,1,0,0.0,1.738,0,0,8.9,0
4995,DOC_004,doctor,create_prescription,ed1c3b46-34b9-221b-cb10-682e9ed9ddbd,2026-04-07 04:23:15,prescription,PRESCRIPTION_1516,20,4,1,0.01,1.495,0,0,40.89,0
4996,DOC_004,doctor,view_observation,2faf5170-7c17-9c76-c091-5349b5ecad23,2026-04-08 04:03:36,observation,OBSERVATION_9236,22,12,1,0.03,1.664,0,0,46.52,0
4997,DOC_013,doctor,view_observation,7225d50f-9363-214e-02d6-3fdc2a246bdc,2026-04-19 11:21:05,observation,OBSERVATION_6661,12,13,0,0.06,1.299,0,0,62.16,0
4998,PATUSER_019,patient,book_appointment,754c6983-a899-1c3c-f51d-2af172b88b91,2026-04-06 03:21:12,appointment,APPOINTMENT_6822,6,3,1,0.0,1.936,0,0,61.19,0
4999,PATUSER_008,patient,cancel_appointment,e7fccc97-5df9-b27f-8322-44fd5b624936,2026-04-17 09:09:09,appointment,APPOINTMENT_9253,2,3,0,0.0,1.981,0,0,33.12,0
5000,PATUSER_025,patient,view_queue,fb36d3d9-666c-c4c2-bb96-c9195538d4df,2026-05-17 05:25:02,queue,QUEUE_7158,4,2,1,0.0,1.585,0,0,7.98,0
